2026-08-19 11:02:22,326 | INFO    | VigilanceAI backend starting — database initialized
2026-08-19 11:03:09,296 | INFO    | VigilanceAI backend starting — database initialized
2026-08-19 11:03:56,932 | INFO    | VigilanceAI backend starting — database initialized
2026-08-19 11:04:33,614 | INFO    | VigilanceAI backend starting — database initialized
2026-08-19 11:30:37,223 | INFO    | VigilanceAI backend starting — database initialized
2026-08-19 12:09:24,700 | INFO    | Classify request — alert keys: ['alert_id', 'timestamp', 'source', 'rule', 'category', 'raw_log', 'indicators', 'mitre_hint', 'status']
2026-08-19 12:09:24,967 | INFO    | Alert saved: 1787121560.23539
2026-08-19 12:09:25,101 | INFO    | Alert saved: 1787121560.24009
2026-08-19 12:09:25,162 | INFO    | Alert saved: 1787121560.24465
2026-08-19 12:09:25,211 | INFO    | Alert saved: 1787121562.25387
2026-08-19 12:09:25,258 | INFO    | Alert saved: 1787121564.25857
2026-08-19 12:09:25,298 | INFO    | Alert saved: 1787121562.24933
2026-08-19 12:09:38,538 | INFO    | HTTP Request: HEAD https://huggingface.co/sentence-transformers/all-MiniLM-L6-v2/resolve/main/modules.json "HTTP/1.1 307 Temporary Redirect"
2026-08-19 12:09:38,546 | INFO    | HTTP Request: HEAD https://huggingface.co/sentence-transformers/all-MiniLM-L6-v2/resolve/main/modules.json "HTTP/1.1 307 Temporary Redirect"
2026-08-19 12:09:38,547 | WARNING | Warning: You are sending unauthenticated requests to the HF Hub. Please set a HF_TOKEN to enable higher rate limits and faster downloads.
2026-08-19 12:09:38,550 | INFO    | HTTP Request: HEAD https://huggingface.co/sentence-transformers/all-MiniLM-L6-v2/resolve/main/modules.json "HTTP/1.1 307 Temporary Redirect"
2026-08-19 12:09:38,556 | INFO    | HTTP Request: HEAD https://huggingface.co/sentence-transformers/all-MiniLM-L6-v2/resolve/main/modules.json "HTTP/1.1 307 Temporary Redirect"
2026-08-19 12:09:38,605 | INFO    | HTTP Request: HEAD https://huggingface.co/api/resolve-cache/models/sentence-transformers/all-MiniLM-L6-v2/1110a243fdf4706b3f48f1d95db1a4f5529b4d41/modules.json "HTTP/1.1 200 OK"
2026-08-19 12:09:38,608 | INFO    | HTTP Request: HEAD https://huggingface.co/api/resolve-cache/models/sentence-transformers/all-MiniLM-L6-v2/1110a243fdf4706b3f48f1d95db1a4f5529b4d41/modules.json "HTTP/1.1 200 OK"
2026-08-19 12:09:38,609 | INFO    | HTTP Request: HEAD https://huggingface.co/api/resolve-cache/models/sentence-transformers/all-MiniLM-L6-v2/1110a243fdf4706b3f48f1d95db1a4f5529b4d41/modules.json "HTTP/1.1 200 OK"
2026-08-19 12:09:38,610 | INFO    | HTTP Request: HEAD https://huggingface.co/api/resolve-cache/models/sentence-transformers/all-MiniLM-L6-v2/1110a243fdf4706b3f48f1d95db1a4f5529b4d41/modules.json "HTTP/1.1 200 OK"
2026-08-19 12:09:38,625 | INFO    | HTTP Request: HEAD https://huggingface.co/sentence-transformers/all-MiniLM-L6-v2/resolve/main/modules.json "HTTP/1.1 307 Temporary Redirect"
2026-08-19 12:09:38,645 | INFO    | HTTP Request: HEAD https://huggingface.co/api/resolve-cache/models/sentence-transformers/all-MiniLM-L6-v2/1110a243fdf4706b3f48f1d95db1a4f5529b4d41/modules.json "HTTP/1.1 200 OK"
2026-08-19 12:09:38,677 | INFO    | HTTP Request: HEAD https://huggingface.co/sentence-transformers/all-MiniLM-L6-v2/resolve/main/modules.json "HTTP/1.1 307 Temporary Redirect"
2026-08-19 12:09:38,725 | INFO    | HTTP Request: HEAD https://huggingface.co/api/resolve-cache/models/sentence-transformers/all-MiniLM-L6-v2/1110a243fdf4706b3f48f1d95db1a4f5529b4d41/modules.json "HTTP/1.1 200 OK"
2026-08-19 12:09:38,830 | INFO    | HTTP Request: HEAD https://huggingface.co/sentence-transformers/all-MiniLM-L6-v2/resolve/main/config_sentence_transformers.json "HTTP/1.1 307 Temporary Redirect"
2026-08-19 12:09:38,836 | INFO    | HTTP Request: HEAD https://huggingface.co/sentence-transformers/all-MiniLM-L6-v2/resolve/main/config_sentence_transformers.json "HTTP/1.1 307 Temporary Redirect"
2026-08-19 12:09:38,837 | INFO    | HTTP Request: HEAD https://huggingface.co/sentence-transformers/all-MiniLM-L6-v2/resolve/main/config_sentence_transformers.json "HTTP/1.1 307 Temporary Redirect"
2026-08-19 12:09:38,842 | INFO    | HTTP Request: HEAD https://huggingface.co/sentence-transformers/all-MiniLM-L6-v2/resolve/main/config_sentence_transformers.json "HTTP/1.1 307 Temporary Redirect"
2026-08-19 12:09:38,845 | INFO    | HTTP Request: HEAD https://huggingface.co/api/resolve-cache/models/sentence-transformers/all-MiniLM-L6-v2/1110a243fdf4706b3f48f1d95db1a4f5529b4d41/config_sentence_transformers.json "HTTP/1.1 200 OK"
2026-08-19 12:09:38,860 | INFO    | Loading SentenceTransformer model from sentence-transformers/all-MiniLM-L6-v2.
2026-08-19 12:09:38,861 | INFO    | HTTP Request: HEAD https://huggingface.co/api/resolve-cache/models/sentence-transformers/all-MiniLM-L6-v2/1110a243fdf4706b3f48f1d95db1a4f5529b4d41/config_sentence_transformers.json "HTTP/1.1 200 OK"
2026-08-19 12:09:38,863 | INFO    | Loading SentenceTransformer model from sentence-transformers/all-MiniLM-L6-v2.
2026-08-19 12:09:38,865 | INFO    | HTTP Request: HEAD https://huggingface.co/api/resolve-cache/models/sentence-transformers/all-MiniLM-L6-v2/1110a243fdf4706b3f48f1d95db1a4f5529b4d41/config_sentence_transformers.json "HTTP/1.1 200 OK"
2026-08-19 12:09:38,865 | INFO    | Loading SentenceTransformer model from sentence-transformers/all-MiniLM-L6-v2.
2026-08-19 12:09:38,869 | INFO    | HTTP Request: HEAD https://huggingface.co/api/resolve-cache/models/sentence-transformers/all-MiniLM-L6-v2/1110a243fdf4706b3f48f1d95db1a4f5529b4d41/config_sentence_transformers.json "HTTP/1.1 200 OK"
2026-08-19 12:09:38,870 | INFO    | Loading SentenceTransformer model from sentence-transformers/all-MiniLM-L6-v2.
2026-08-19 12:09:38,881 | INFO    | HTTP Request: HEAD https://huggingface.co/sentence-transformers/all-MiniLM-L6-v2/resolve/main/config_sentence_transformers.json "HTTP/1.1 307 Temporary Redirect"
2026-08-19 12:09:38,893 | INFO    | HTTP Request: HEAD https://huggingface.co/api/resolve-cache/models/sentence-transformers/all-MiniLM-L6-v2/1110a243fdf4706b3f48f1d95db1a4f5529b4d41/config_sentence_transformers.json "HTTP/1.1 200 OK"
2026-08-19 12:09:38,894 | INFO    | Loading SentenceTransformer model from sentence-transformers/all-MiniLM-L6-v2.
2026-08-19 12:09:38,933 | INFO    | HTTP Request: HEAD https://huggingface.co/sentence-transformers/all-MiniLM-L6-v2/resolve/main/config_sentence_transformers.json "HTTP/1.1 307 Temporary Redirect"
2026-08-19 12:09:38,949 | INFO    | HTTP Request: HEAD https://huggingface.co/api/resolve-cache/models/sentence-transformers/all-MiniLM-L6-v2/1110a243fdf4706b3f48f1d95db1a4f5529b4d41/config_sentence_transformers.json "HTTP/1.1 200 OK"
2026-08-19 12:09:38,949 | INFO    | Loading SentenceTransformer model from sentence-transformers/all-MiniLM-L6-v2.
2026-08-19 12:09:39,070 | INFO    | HTTP Request: HEAD https://huggingface.co/sentence-transformers/all-MiniLM-L6-v2/resolve/main/config_sentence_transformers.json "HTTP/1.1 307 Temporary Redirect"
2026-08-19 12:09:39,073 | INFO    | HTTP Request: HEAD https://huggingface.co/sentence-transformers/all-MiniLM-L6-v2/resolve/main/config_sentence_transformers.json "HTTP/1.1 307 Temporary Redirect"
2026-08-19 12:09:39,079 | INFO    | HTTP Request: HEAD https://huggingface.co/sentence-transformers/all-MiniLM-L6-v2/resolve/main/config_sentence_transformers.json "HTTP/1.1 307 Temporary Redirect"
2026-08-19 12:09:39,082 | INFO    | HTTP Request: HEAD https://huggingface.co/api/resolve-cache/models/sentence-transformers/all-MiniLM-L6-v2/1110a243fdf4706b3f48f1d95db1a4f5529b4d41/config_sentence_transformers.json "HTTP/1.1 200 OK"
2026-08-19 12:09:39,089 | INFO    | HTTP Request: HEAD https://huggingface.co/api/resolve-cache/models/sentence-transformers/all-MiniLM-L6-v2/1110a243fdf4706b3f48f1d95db1a4f5529b4d41/config_sentence_transformers.json "HTTP/1.1 200 OK"
2026-08-19 12:09:39,099 | INFO    | HTTP Request: HEAD https://huggingface.co/sentence-transformers/all-MiniLM-L6-v2/resolve/main/config_sentence_transformers.json "HTTP/1.1 307 Temporary Redirect"
2026-08-19 12:09:39,100 | INFO    | HTTP Request: HEAD https://huggingface.co/api/resolve-cache/models/sentence-transformers/all-MiniLM-L6-v2/1110a243fdf4706b3f48f1d95db1a4f5529b4d41/config_sentence_transformers.json "HTTP/1.1 200 OK"
2026-08-19 12:09:39,111 | INFO    | HTTP Request: HEAD https://huggingface.co/api/resolve-cache/models/sentence-transformers/all-MiniLM-L6-v2/1110a243fdf4706b3f48f1d95db1a4f5529b4d41/config_sentence_transformers.json "HTTP/1.1 200 OK"
2026-08-19 12:09:39,128 | INFO    | HTTP Request: HEAD https://huggingface.co/sentence-transformers/all-MiniLM-L6-v2/resolve/main/config_sentence_transformers.json "HTTP/1.1 307 Temporary Redirect"
2026-08-19 12:09:39,140 | INFO    | HTTP Request: HEAD https://huggingface.co/api/resolve-cache/models/sentence-transformers/all-MiniLM-L6-v2/1110a243fdf4706b3f48f1d95db1a4f5529b4d41/config_sentence_transformers.json "HTTP/1.1 200 OK"
2026-08-19 12:09:39,173 | INFO    | HTTP Request: HEAD https://huggingface.co/sentence-transformers/all-MiniLM-L6-v2/resolve/main/config_sentence_transformers.json "HTTP/1.1 307 Temporary Redirect"
2026-08-19 12:09:39,184 | INFO    | HTTP Request: HEAD https://huggingface.co/api/resolve-cache/models/sentence-transformers/all-MiniLM-L6-v2/1110a243fdf4706b3f48f1d95db1a4f5529b4d41/config_sentence_transformers.json "HTTP/1.1 200 OK"
2026-08-19 12:09:39,306 | INFO    | HTTP Request: HEAD https://huggingface.co/sentence-transformers/all-MiniLM-L6-v2/resolve/main/README.md "HTTP/1.1 307 Temporary Redirect"
2026-08-19 12:09:39,309 | INFO    | HTTP Request: HEAD https://huggingface.co/sentence-transformers/all-MiniLM-L6-v2/resolve/main/README.md "HTTP/1.1 307 Temporary Redirect"
2026-08-19 12:09:39,320 | INFO    | HTTP Request: HEAD https://huggingface.co/api/resolve-cache/models/sentence-transformers/all-MiniLM-L6-v2/1110a243fdf4706b3f48f1d95db1a4f5529b4d41/README.md "HTTP/1.1 200 OK"
2026-08-19 12:09:39,321 | INFO    | HTTP Request: HEAD https://huggingface.co/api/resolve-cache/models/sentence-transformers/all-MiniLM-L6-v2/1110a243fdf4706b3f48f1d95db1a4f5529b4d41/README.md "HTTP/1.1 200 OK"
2026-08-19 12:09:39,322 | INFO    | HTTP Request: HEAD https://huggingface.co/sentence-transformers/all-MiniLM-L6-v2/resolve/main/README.md "HTTP/1.1 307 Temporary Redirect"
2026-08-19 12:09:39,323 | INFO    | HTTP Request: HEAD https://huggingface.co/sentence-transformers/all-MiniLM-L6-v2/resolve/main/README.md "HTTP/1.1 307 Temporary Redirect"
2026-08-19 12:09:39,333 | INFO    | HTTP Request: HEAD https://huggingface.co/api/resolve-cache/models/sentence-transformers/all-MiniLM-L6-v2/1110a243fdf4706b3f48f1d95db1a4f5529b4d41/README.md "HTTP/1.1 200 OK"
2026-08-19 12:09:39,337 | INFO    | HTTP Request: HEAD https://huggingface.co/api/resolve-cache/models/sentence-transformers/all-MiniLM-L6-v2/1110a243fdf4706b3f48f1d95db1a4f5529b4d41/README.md "HTTP/1.1 200 OK"
2026-08-19 12:09:39,354 | INFO    | HTTP Request: HEAD https://huggingface.co/sentence-transformers/all-MiniLM-L6-v2/resolve/main/README.md "HTTP/1.1 307 Temporary Redirect"
2026-08-19 12:09:39,368 | INFO    | HTTP Request: HEAD https://huggingface.co/api/resolve-cache/models/sentence-transformers/all-MiniLM-L6-v2/1110a243fdf4706b3f48f1d95db1a4f5529b4d41/README.md "HTTP/1.1 200 OK"
2026-08-19 12:09:39,414 | INFO    | HTTP Request: HEAD https://huggingface.co/sentence-transformers/all-MiniLM-L6-v2/resolve/main/README.md "HTTP/1.1 307 Temporary Redirect"
2026-08-19 12:09:39,429 | INFO    | HTTP Request: HEAD https://huggingface.co/api/resolve-cache/models/sentence-transformers/all-MiniLM-L6-v2/1110a243fdf4706b3f48f1d95db1a4f5529b4d41/README.md "HTTP/1.1 200 OK"
2026-08-19 12:09:39,479 | INFO    | HTTP Request: HEAD https://huggingface.co/sentence-transformers/all-MiniLM-L6-v2/resolve/main/modules.json "HTTP/1.1 307 Temporary Redirect"
2026-08-19 12:09:39,533 | INFO    | HTTP Request: HEAD https://huggingface.co/api/resolve-cache/models/sentence-transformers/all-MiniLM-L6-v2/1110a243fdf4706b3f48f1d95db1a4f5529b4d41/modules.json "HTTP/1.1 200 OK"
2026-08-19 12:09:39,535 | INFO    | HTTP Request: HEAD https://huggingface.co/sentence-transformers/all-MiniLM-L6-v2/resolve/main/modules.json "HTTP/1.1 307 Temporary Redirect"
2026-08-19 12:09:39,546 | INFO    | HTTP Request: HEAD https://huggingface.co/sentence-transformers/all-MiniLM-L6-v2/resolve/main/modules.json "HTTP/1.1 307 Temporary Redirect"
2026-08-19 12:09:39,547 | INFO    | HTTP Request: HEAD https://huggingface.co/sentence-transformers/all-MiniLM-L6-v2/resolve/main/modules.json "HTTP/1.1 307 Temporary Redirect"
2026-08-19 12:09:39,550 | INFO    | HTTP Request: HEAD https://huggingface.co/api/resolve-cache/models/sentence-transformers/all-MiniLM-L6-v2/1110a243fdf4706b3f48f1d95db1a4f5529b4d41/modules.json "HTTP/1.1 200 OK"
2026-08-19 12:09:39,558 | INFO    | HTTP Request: HEAD https://huggingface.co/sentence-transformers/all-MiniLM-L6-v2/resolve/main/modules.json "HTTP/1.1 307 Temporary Redirect"
2026-08-19 12:09:39,561 | INFO    | HTTP Request: HEAD https://huggingface.co/api/resolve-cache/models/sentence-transformers/all-MiniLM-L6-v2/1110a243fdf4706b3f48f1d95db1a4f5529b4d41/modules.json "HTTP/1.1 200 OK"
2026-08-19 12:09:39,566 | INFO    | HTTP Request: HEAD https://huggingface.co/api/resolve-cache/models/sentence-transformers/all-MiniLM-L6-v2/1110a243fdf4706b3f48f1d95db1a4f5529b4d41/modules.json "HTTP/1.1 200 OK"
2026-08-19 12:09:39,573 | INFO    | HTTP Request: HEAD https://huggingface.co/api/resolve-cache/models/sentence-transformers/all-MiniLM-L6-v2/1110a243fdf4706b3f48f1d95db1a4f5529b4d41/modules.json "HTTP/1.1 200 OK"
2026-08-19 12:09:39,585 | INFO    | HTTP Request: HEAD https://huggingface.co/sentence-transformers/all-MiniLM-L6-v2/resolve/main/modules.json "HTTP/1.1 307 Temporary Redirect"
2026-08-19 12:09:39,595 | INFO    | HTTP Request: HEAD https://huggingface.co/api/resolve-cache/models/sentence-transformers/all-MiniLM-L6-v2/1110a243fdf4706b3f48f1d95db1a4f5529b4d41/modules.json "HTTP/1.1 200 OK"
2026-08-19 12:09:39,643 | INFO    | HTTP Request: HEAD https://huggingface.co/sentence-transformers/all-MiniLM-L6-v2/resolve/main/modules.json "HTTP/1.1 307 Temporary Redirect"
2026-08-19 12:09:39,654 | INFO    | HTTP Request: HEAD https://huggingface.co/api/resolve-cache/models/sentence-transformers/all-MiniLM-L6-v2/1110a243fdf4706b3f48f1d95db1a4f5529b4d41/modules.json "HTTP/1.1 200 OK"
2026-08-19 12:09:39,749 | INFO    | HTTP Request: HEAD https://huggingface.co/sentence-transformers/all-MiniLM-L6-v2/resolve/main/config_sentence_transformers.json "HTTP/1.1 307 Temporary Redirect"
2026-08-19 12:09:39,760 | INFO    | HTTP Request: HEAD https://huggingface.co/api/resolve-cache/models/sentence-transformers/all-MiniLM-L6-v2/1110a243fdf4706b3f48f1d95db1a4f5529b4d41/config_sentence_transformers.json "HTTP/1.1 200 OK"
2026-08-19 12:09:39,761 | INFO    | Loading SentenceTransformer model from sentence-transformers/all-MiniLM-L6-v2.
2026-08-19 12:09:39,779 | INFO    | HTTP Request: HEAD https://huggingface.co/sentence-transformers/all-MiniLM-L6-v2/resolve/main/sentence_bert_config.json "HTTP/1.1 307 Temporary Redirect"
2026-08-19 12:09:39,783 | INFO    | HTTP Request: HEAD https://huggingface.co/sentence-transformers/all-MiniLM-L6-v2/resolve/main/sentence_bert_config.json "HTTP/1.1 307 Temporary Redirect"
2026-08-19 12:09:39,785 | INFO    | HTTP Request: HEAD https://huggingface.co/sentence-transformers/all-MiniLM-L6-v2/resolve/main/sentence_bert_config.json "HTTP/1.1 307 Temporary Redirect"
2026-08-19 12:09:39,792 | INFO    | HTTP Request: HEAD https://huggingface.co/api/resolve-cache/models/sentence-transformers/all-MiniLM-L6-v2/1110a243fdf4706b3f48f1d95db1a4f5529b4d41/sentence_bert_config.json "HTTP/1.1 200 OK"
2026-08-19 12:09:39,803 | INFO    | HTTP Request: HEAD https://huggingface.co/api/resolve-cache/models/sentence-transformers/all-MiniLM-L6-v2/1110a243fdf4706b3f48f1d95db1a4f5529b4d41/sentence_bert_config.json "HTTP/1.1 200 OK"
2026-08-19 12:09:39,804 | INFO    | HTTP Request: HEAD https://huggingface.co/api/resolve-cache/models/sentence-transformers/all-MiniLM-L6-v2/1110a243fdf4706b3f48f1d95db1a4f5529b4d41/sentence_bert_config.json "HTTP/1.1 200 OK"
2026-08-19 12:09:39,806 | INFO    | HTTP Request: HEAD https://huggingface.co/sentence-transformers/all-MiniLM-L6-v2/resolve/main/sentence_bert_config.json "HTTP/1.1 307 Temporary Redirect"
2026-08-19 12:09:39,821 | INFO    | HTTP Request: HEAD https://huggingface.co/sentence-transformers/all-MiniLM-L6-v2/resolve/main/sentence_bert_config.json "HTTP/1.1 307 Temporary Redirect"
2026-08-19 12:09:39,823 | INFO    | HTTP Request: HEAD https://huggingface.co/api/resolve-cache/models/sentence-transformers/all-MiniLM-L6-v2/1110a243fdf4706b3f48f1d95db1a4f5529b4d41/sentence_bert_config.json "HTTP/1.1 200 OK"
2026-08-19 12:09:39,832 | INFO    | HTTP Request: HEAD https://huggingface.co/api/resolve-cache/models/sentence-transformers/all-MiniLM-L6-v2/1110a243fdf4706b3f48f1d95db1a4f5529b4d41/sentence_bert_config.json "HTTP/1.1 200 OK"
2026-08-19 12:09:39,876 | INFO    | HTTP Request: HEAD https://huggingface.co/sentence-transformers/all-MiniLM-L6-v2/resolve/main/sentence_bert_config.json "HTTP/1.1 307 Temporary Redirect"
2026-08-19 12:09:39,887 | INFO    | HTTP Request: HEAD https://huggingface.co/api/resolve-cache/models/sentence-transformers/all-MiniLM-L6-v2/1110a243fdf4706b3f48f1d95db1a4f5529b4d41/sentence_bert_config.json "HTTP/1.1 200 OK"
2026-08-19 12:09:39,995 | INFO    | HTTP Request: HEAD https://huggingface.co/sentence-transformers/all-MiniLM-L6-v2/resolve/main/config_sentence_transformers.json "HTTP/1.1 307 Temporary Redirect"
2026-08-19 12:09:40,010 | INFO    | HTTP Request: HEAD https://huggingface.co/api/resolve-cache/models/sentence-transformers/all-MiniLM-L6-v2/1110a243fdf4706b3f48f1d95db1a4f5529b4d41/config_sentence_transformers.json "HTTP/1.1 200 OK"
2026-08-19 12:09:40,016 | INFO    | HTTP Request: HEAD https://huggingface.co/sentence-transformers/all-MiniLM-L6-v2/resolve/main/adapter_config.json "HTTP/1.1 404 Not Found"
2026-08-19 12:09:40,019 | INFO    | HTTP Request: HEAD https://huggingface.co/sentence-transformers/all-MiniLM-L6-v2/resolve/main/adapter_config.json "HTTP/1.1 404 Not Found"
2026-08-19 12:09:40,032 | INFO    | HTTP Request: HEAD https://huggingface.co/sentence-transformers/all-MiniLM-L6-v2/resolve/main/adapter_config.json "HTTP/1.1 404 Not Found"
2026-08-19 12:09:40,040 | INFO    | HTTP Request: HEAD https://huggingface.co/sentence-transformers/all-MiniLM-L6-v2/resolve/main/adapter_config.json "HTTP/1.1 404 Not Found"
2026-08-19 12:09:40,043 | INFO    | HTTP Request: HEAD https://huggingface.co/sentence-transformers/all-MiniLM-L6-v2/resolve/main/adapter_config.json "HTTP/1.1 404 Not Found"
2026-08-19 12:09:40,109 | INFO    | HTTP Request: HEAD https://huggingface.co/sentence-transformers/all-MiniLM-L6-v2/resolve/main/adapter_config.json "HTTP/1.1 404 Not Found"
2026-08-19 12:09:40,223 | INFO    | HTTP Request: HEAD https://huggingface.co/sentence-transformers/all-MiniLM-L6-v2/resolve/main/README.md "HTTP/1.1 307 Temporary Redirect"
2026-08-19 12:09:40,243 | INFO    | HTTP Request: HEAD https://huggingface.co/api/resolve-cache/models/sentence-transformers/all-MiniLM-L6-v2/1110a243fdf4706b3f48f1d95db1a4f5529b4d41/README.md "HTTP/1.1 200 OK"
2026-08-19 12:09:40,248 | INFO    | HTTP Request: HEAD https://huggingface.co/sentence-transformers/all-MiniLM-L6-v2/resolve/main/config.json "HTTP/1.1 307 Temporary Redirect"
2026-08-19 12:09:40,252 | INFO    | HTTP Request: HEAD https://huggingface.co/sentence-transformers/all-MiniLM-L6-v2/resolve/main/config.json "HTTP/1.1 307 Temporary Redirect"
2026-08-19 12:09:40,255 | INFO    | HTTP Request: HEAD https://huggingface.co/sentence-transformers/all-MiniLM-L6-v2/resolve/main/config.json "HTTP/1.1 307 Temporary Redirect"
2026-08-19 12:09:40,260 | INFO    | HTTP Request: HEAD https://huggingface.co/sentence-transformers/all-MiniLM-L6-v2/resolve/main/config.json "HTTP/1.1 307 Temporary Redirect"
2026-08-19 12:09:40,262 | INFO    | HTTP Request: HEAD https://huggingface.co/api/resolve-cache/models/sentence-transformers/all-MiniLM-L6-v2/1110a243fdf4706b3f48f1d95db1a4f5529b4d41/config.json "HTTP/1.1 200 OK"
2026-08-19 12:09:40,264 | INFO    | HTTP Request: HEAD https://huggingface.co/api/resolve-cache/models/sentence-transformers/all-MiniLM-L6-v2/1110a243fdf4706b3f48f1d95db1a4f5529b4d41/config.json "HTTP/1.1 200 OK"
2026-08-19 12:09:40,266 | INFO    | HTTP Request: HEAD https://huggingface.co/api/resolve-cache/models/sentence-transformers/all-MiniLM-L6-v2/1110a243fdf4706b3f48f1d95db1a4f5529b4d41/config.json "HTTP/1.1 200 OK"
2026-08-19 12:09:40,273 | INFO    | HTTP Request: HEAD https://huggingface.co/api/resolve-cache/models/sentence-transformers/all-MiniLM-L6-v2/1110a243fdf4706b3f48f1d95db1a4f5529b4d41/config.json "HTTP/1.1 200 OK"
2026-08-19 12:09:40,286 | INFO    | HTTP Request: HEAD https://huggingface.co/sentence-transformers/all-MiniLM-L6-v2/resolve/main/config.json "HTTP/1.1 307 Temporary Redirect"
2026-08-19 12:09:40,314 | INFO    | HTTP Request: HEAD https://huggingface.co/api/resolve-cache/models/sentence-transformers/all-MiniLM-L6-v2/1110a243fdf4706b3f48f1d95db1a4f5529b4d41/config.json "HTTP/1.1 200 OK"
2026-08-19 12:09:40,326 | INFO    | HTTP Request: HEAD https://huggingface.co/sentence-transformers/all-MiniLM-L6-v2/resolve/main/config.json "HTTP/1.1 307 Temporary Redirect"
2026-08-19 12:09:40,368 | INFO    | HTTP Request: HEAD https://huggingface.co/api/resolve-cache/models/sentence-transformers/all-MiniLM-L6-v2/1110a243fdf4706b3f48f1d95db1a4f5529b4d41/config.json "HTTP/1.1 200 OK"
2026-08-19 12:09:40,541 | INFO    | HTTP Request: HEAD https://huggingface.co/sentence-transformers/all-MiniLM-L6-v2/resolve/main/modules.json "HTTP/1.1 307 Temporary Redirect"
2026-08-19 12:09:40,680 | INFO    | HTTP Request: HEAD https://huggingface.co/api/resolve-cache/models/sentence-transformers/all-MiniLM-L6-v2/1110a243fdf4706b3f48f1d95db1a4f5529b4d41/modules.json "HTTP/1.1 200 OK"
2026-08-19 12:09:41,001 | INFO    | HTTP Request: HEAD https://huggingface.co/sentence-transformers/all-MiniLM-L6-v2/resolve/main/sentence_bert_config.json "HTTP/1.1 307 Temporary Redirect"
2026-08-19 12:09:41,386 | INFO    | HTTP Request: HEAD https://huggingface.co/api/resolve-cache/models/sentence-transformers/all-MiniLM-L6-v2/1110a243fdf4706b3f48f1d95db1a4f5529b4d41/sentence_bert_config.json "HTTP/1.1 200 OK"
2026-08-19 12:09:41,625 | INFO    | HTTP Request: HEAD https://huggingface.co/sentence-transformers/all-MiniLM-L6-v2/resolve/main/adapter_config.json "HTTP/1.1 404 Not Found"
2026-08-19 12:09:41,879 | INFO    | HTTP Request: HEAD https://huggingface.co/sentence-transformers/all-MiniLM-L6-v2/resolve/main/processor_config.json "HTTP/1.1 404 Not Found"
2026-08-19 12:09:41,890 | INFO    | HTTP Request: HEAD https://huggingface.co/sentence-transformers/all-MiniLM-L6-v2/resolve/main/config.json "HTTP/1.1 307 Temporary Redirect"
2026-08-19 12:09:41,891 | INFO    | HTTP Request: HEAD https://huggingface.co/sentence-transformers/all-MiniLM-L6-v2/resolve/main/processor_config.json "HTTP/1.1 404 Not Found"
2026-08-19 12:09:41,898 | INFO    | HTTP Request: HEAD https://huggingface.co/sentence-transformers/all-MiniLM-L6-v2/resolve/main/processor_config.json "HTTP/1.1 404 Not Found"
2026-08-19 12:09:41,901 | INFO    | HTTP Request: HEAD https://huggingface.co/sentence-transformers/all-MiniLM-L6-v2/resolve/main/processor_config.json "HTTP/1.1 404 Not Found"
2026-08-19 12:09:41,902 | INFO    | HTTP Request: HEAD https://huggingface.co/api/resolve-cache/models/sentence-transformers/all-MiniLM-L6-v2/1110a243fdf4706b3f48f1d95db1a4f5529b4d41/config.json "HTTP/1.1 200 OK"
2026-08-19 12:09:41,914 | INFO    | HTTP Request: HEAD https://huggingface.co/sentence-transformers/all-MiniLM-L6-v2/resolve/main/processor_config.json "HTTP/1.1 404 Not Found"
2026-08-19 12:09:41,965 | INFO    | HTTP Request: HEAD https://huggingface.co/sentence-transformers/all-MiniLM-L6-v2/resolve/main/processor_config.json "HTTP/1.1 404 Not Found"
2026-08-19 12:09:42,113 | INFO    | HTTP Request: HEAD https://huggingface.co/sentence-transformers/all-MiniLM-L6-v2/resolve/main/preprocessor_config.json "HTTP/1.1 404 Not Found"
2026-08-19 12:09:42,114 | INFO    | HTTP Request: HEAD https://huggingface.co/sentence-transformers/all-MiniLM-L6-v2/resolve/main/preprocessor_config.json "HTTP/1.1 404 Not Found"
2026-08-19 12:09:42,125 | INFO    | HTTP Request: HEAD https://huggingface.co/sentence-transformers/all-MiniLM-L6-v2/resolve/main/preprocessor_config.json "HTTP/1.1 404 Not Found"
2026-08-19 12:09:42,138 | INFO    | HTTP Request: HEAD https://huggingface.co/sentence-transformers/all-MiniLM-L6-v2/resolve/main/preprocessor_config.json "HTTP/1.1 404 Not Found"
2026-08-19 12:09:42,141 | INFO    | HTTP Request: HEAD https://huggingface.co/sentence-transformers/all-MiniLM-L6-v2/resolve/main/preprocessor_config.json "HTTP/1.1 404 Not Found"
2026-08-19 12:09:42,199 | INFO    | HTTP Request: HEAD https://huggingface.co/sentence-transformers/all-MiniLM-L6-v2/resolve/main/preprocessor_config.json "HTTP/1.1 404 Not Found"
2026-08-19 12:09:42,281 | INFO    | HTTP Request: HEAD https://huggingface.co/sentence-transformers/all-MiniLM-L6-v2/resolve/main/processor_config.json "HTTP/1.1 404 Not Found"
2026-08-19 12:09:42,353 | INFO    | HTTP Request: HEAD https://huggingface.co/sentence-transformers/all-MiniLM-L6-v2/resolve/main/video_preprocessor_config.json "HTTP/1.1 404 Not Found"
2026-08-19 12:09:42,356 | INFO    | HTTP Request: HEAD https://huggingface.co/sentence-transformers/all-MiniLM-L6-v2/resolve/main/video_preprocessor_config.json "HTTP/1.1 404 Not Found"
2026-08-19 12:09:42,359 | INFO    | HTTP Request: HEAD https://huggingface.co/sentence-transformers/all-MiniLM-L6-v2/resolve/main/video_preprocessor_config.json "HTTP/1.1 404 Not Found"
2026-08-19 12:09:42,361 | INFO    | HTTP Request: HEAD https://huggingface.co/sentence-transformers/all-MiniLM-L6-v2/resolve/main/video_preprocessor_config.json "HTTP/1.1 404 Not Found"
2026-08-19 12:09:42,413 | INFO    | HTTP Request: HEAD https://huggingface.co/sentence-transformers/all-MiniLM-L6-v2/resolve/main/video_preprocessor_config.json "HTTP/1.1 404 Not Found"
2026-08-19 12:09:42,439 | INFO    | HTTP Request: HEAD https://huggingface.co/sentence-transformers/all-MiniLM-L6-v2/resolve/main/video_preprocessor_config.json "HTTP/1.1 404 Not Found"
2026-08-19 12:09:42,493 | INFO    | HTTP Request: HEAD https://huggingface.co/sentence-transformers/all-MiniLM-L6-v2/resolve/main/preprocessor_config.json "HTTP/1.1 404 Not Found"
2026-08-19 12:09:42,573 | INFO    | HTTP Request: HEAD https://huggingface.co/sentence-transformers/all-MiniLM-L6-v2/resolve/main/preprocessor_config.json "HTTP/1.1 404 Not Found"
2026-08-19 12:09:42,573 | INFO    | HTTP Request: HEAD https://huggingface.co/sentence-transformers/all-MiniLM-L6-v2/resolve/main/preprocessor_config.json "HTTP/1.1 404 Not Found"
2026-08-19 12:09:42,586 | INFO    | HTTP Request: HEAD https://huggingface.co/sentence-transformers/all-MiniLM-L6-v2/resolve/main/preprocessor_config.json "HTTP/1.1 404 Not Found"
2026-08-19 12:09:42,588 | INFO    | HTTP Request: HEAD https://huggingface.co/sentence-transformers/all-MiniLM-L6-v2/resolve/main/preprocessor_config.json "HTTP/1.1 404 Not Found"
2026-08-19 12:09:42,621 | INFO    | HTTP Request: HEAD https://huggingface.co/sentence-transformers/all-MiniLM-L6-v2/resolve/main/preprocessor_config.json "HTTP/1.1 404 Not Found"
2026-08-19 12:09:42,656 | INFO    | HTTP Request: HEAD https://huggingface.co/sentence-transformers/all-MiniLM-L6-v2/resolve/main/preprocessor_config.json "HTTP/1.1 404 Not Found"
2026-08-19 12:09:42,783 | INFO    | HTTP Request: HEAD https://huggingface.co/sentence-transformers/all-MiniLM-L6-v2/resolve/main/tokenizer_config.json "HTTP/1.1 307 Temporary Redirect"
2026-08-19 12:09:42,796 | INFO    | HTTP Request: HEAD https://huggingface.co/api/resolve-cache/models/sentence-transformers/all-MiniLM-L6-v2/1110a243fdf4706b3f48f1d95db1a4f5529b4d41/tokenizer_config.json "HTTP/1.1 200 OK"
2026-08-19 12:09:42,800 | INFO    | HTTP Request: HEAD https://huggingface.co/sentence-transformers/all-MiniLM-L6-v2/resolve/main/tokenizer_config.json "HTTP/1.1 307 Temporary Redirect"
2026-08-19 12:09:42,800 | INFO    | HTTP Request: HEAD https://huggingface.co/sentence-transformers/all-MiniLM-L6-v2/resolve/main/tokenizer_config.json "HTTP/1.1 307 Temporary Redirect"
2026-08-19 12:09:42,804 | INFO    | HTTP Request: HEAD https://huggingface.co/sentence-transformers/all-MiniLM-L6-v2/resolve/main/tokenizer_config.json "HTTP/1.1 307 Temporary Redirect"
2026-08-19 12:09:42,808 | INFO    | HTTP Request: HEAD https://huggingface.co/sentence-transformers/all-MiniLM-L6-v2/resolve/main/video_preprocessor_config.json "HTTP/1.1 404 Not Found"
2026-08-19 12:09:42,813 | INFO    | HTTP Request: HEAD https://huggingface.co/api/resolve-cache/models/sentence-transformers/all-MiniLM-L6-v2/1110a243fdf4706b3f48f1d95db1a4f5529b4d41/tokenizer_config.json "HTTP/1.1 200 OK"
2026-08-19 12:09:42,815 | INFO    | HTTP Request: HEAD https://huggingface.co/api/resolve-cache/models/sentence-transformers/all-MiniLM-L6-v2/1110a243fdf4706b3f48f1d95db1a4f5529b4d41/tokenizer_config.json "HTTP/1.1 200 OK"
2026-08-19 12:09:42,816 | INFO    | HTTP Request: HEAD https://huggingface.co/api/resolve-cache/models/sentence-transformers/all-MiniLM-L6-v2/1110a243fdf4706b3f48f1d95db1a4f5529b4d41/tokenizer_config.json "HTTP/1.1 200 OK"
2026-08-19 12:09:42,838 | INFO    | HTTP Request: HEAD https://huggingface.co/sentence-transformers/all-MiniLM-L6-v2/resolve/main/tokenizer_config.json "HTTP/1.1 307 Temporary Redirect"
2026-08-19 12:09:42,850 | INFO    | HTTP Request: HEAD https://huggingface.co/api/resolve-cache/models/sentence-transformers/all-MiniLM-L6-v2/1110a243fdf4706b3f48f1d95db1a4f5529b4d41/tokenizer_config.json "HTTP/1.1 200 OK"
2026-08-19 12:09:42,868 | INFO    | HTTP Request: HEAD https://huggingface.co/sentence-transformers/all-MiniLM-L6-v2/resolve/main/tokenizer_config.json "HTTP/1.1 307 Temporary Redirect"
2026-08-19 12:09:42,881 | INFO    | HTTP Request: HEAD https://huggingface.co/api/resolve-cache/models/sentence-transformers/all-MiniLM-L6-v2/1110a243fdf4706b3f48f1d95db1a4f5529b4d41/tokenizer_config.json "HTTP/1.1 200 OK"
2026-08-19 12:09:43,034 | INFO    | HTTP Request: HEAD https://huggingface.co/sentence-transformers/all-MiniLM-L6-v2/resolve/main/config.json "HTTP/1.1 307 Temporary Redirect"
2026-08-19 12:09:43,041 | INFO    | HTTP Request: HEAD https://huggingface.co/sentence-transformers/all-MiniLM-L6-v2/resolve/main/config.json "HTTP/1.1 307 Temporary Redirect"
2026-08-19 12:09:43,045 | INFO    | HTTP Request: HEAD https://huggingface.co/sentence-transformers/all-MiniLM-L6-v2/resolve/main/config.json "HTTP/1.1 307 Temporary Redirect"
2026-08-19 12:09:43,046 | INFO    | HTTP Request: HEAD https://huggingface.co/api/resolve-cache/models/sentence-transformers/all-MiniLM-L6-v2/1110a243fdf4706b3f48f1d95db1a4f5529b4d41/config.json "HTTP/1.1 200 OK"
2026-08-19 12:09:43,057 | INFO    | HTTP Request: HEAD https://huggingface.co/sentence-transformers/all-MiniLM-L6-v2/resolve/main/preprocessor_config.json "HTTP/1.1 404 Not Found"
2026-08-19 12:09:43,059 | INFO    | HTTP Request: HEAD https://huggingface.co/api/resolve-cache/models/sentence-transformers/all-MiniLM-L6-v2/1110a243fdf4706b3f48f1d95db1a4f5529b4d41/config.json "HTTP/1.1 200 OK"
2026-08-19 12:09:43,060 | INFO    | HTTP Request: HEAD https://huggingface.co/sentence-transformers/all-MiniLM-L6-v2/resolve/main/config.json "HTTP/1.1 307 Temporary Redirect"
2026-08-19 12:09:43,062 | INFO    | HTTP Request: HEAD https://huggingface.co/api/resolve-cache/models/sentence-transformers/all-MiniLM-L6-v2/1110a243fdf4706b3f48f1d95db1a4f5529b4d41/config.json "HTTP/1.1 200 OK"
2026-08-19 12:09:43,083 | INFO    | HTTP Request: HEAD https://huggingface.co/api/resolve-cache/models/sentence-transformers/all-MiniLM-L6-v2/1110a243fdf4706b3f48f1d95db1a4f5529b4d41/config.json "HTTP/1.1 200 OK"
2026-08-19 12:09:43,090 | INFO    | HTTP Request: HEAD https://huggingface.co/sentence-transformers/all-MiniLM-L6-v2/resolve/main/config.json "HTTP/1.1 307 Temporary Redirect"
2026-08-19 12:09:43,096 | INFO    | HTTP Request: HEAD https://huggingface.co/sentence-transformers/all-MiniLM-L6-v2/resolve/main/config.json "HTTP/1.1 307 Temporary Redirect"
2026-08-19 12:09:43,106 | INFO    | HTTP Request: HEAD https://huggingface.co/api/resolve-cache/models/sentence-transformers/all-MiniLM-L6-v2/1110a243fdf4706b3f48f1d95db1a4f5529b4d41/config.json "HTTP/1.1 200 OK"
2026-08-19 12:09:43,112 | INFO    | HTTP Request: HEAD https://huggingface.co/api/resolve-cache/models/sentence-transformers/all-MiniLM-L6-v2/1110a243fdf4706b3f48f1d95db1a4f5529b4d41/config.json "HTTP/1.1 200 OK"
2026-08-19 12:09:43,273 | INFO    | HTTP Request: HEAD https://huggingface.co/sentence-transformers/all-MiniLM-L6-v2/resolve/main/tokenizer_config.json "HTTP/1.1 307 Temporary Redirect"
2026-08-19 12:09:43,281 | INFO    | HTTP Request: HEAD https://huggingface.co/sentence-transformers/all-MiniLM-L6-v2/resolve/main/config.json "HTTP/1.1 307 Temporary Redirect"
2026-08-19 12:09:43,282 | INFO    | HTTP Request: HEAD https://huggingface.co/sentence-transformers/all-MiniLM-L6-v2/resolve/main/config.json "HTTP/1.1 307 Temporary Redirect"
2026-08-19 12:09:43,283 | INFO    | HTTP Request: HEAD https://huggingface.co/sentence-transformers/all-MiniLM-L6-v2/resolve/main/config.json "HTTP/1.1 307 Temporary Redirect"
2026-08-19 12:09:43,294 | INFO    | HTTP Request: HEAD https://huggingface.co/api/resolve-cache/models/sentence-transformers/all-MiniLM-L6-v2/1110a243fdf4706b3f48f1d95db1a4f5529b4d41/tokenizer_config.json "HTTP/1.1 200 OK"
2026-08-19 12:09:43,298 | INFO    | HTTP Request: HEAD https://huggingface.co/api/resolve-cache/models/sentence-transformers/all-MiniLM-L6-v2/1110a243fdf4706b3f48f1d95db1a4f5529b4d41/config.json "HTTP/1.1 200 OK"
2026-08-19 12:09:43,298 | INFO    | HTTP Request: HEAD https://huggingface.co/api/resolve-cache/models/sentence-transformers/all-MiniLM-L6-v2/1110a243fdf4706b3f48f1d95db1a4f5529b4d41/config.json "HTTP/1.1 200 OK"
2026-08-19 12:09:43,310 | INFO    | HTTP Request: HEAD https://huggingface.co/api/resolve-cache/models/sentence-transformers/all-MiniLM-L6-v2/1110a243fdf4706b3f48f1d95db1a4f5529b4d41/config.json "HTTP/1.1 200 OK"
2026-08-19 12:09:43,314 | INFO    | HTTP Request: HEAD https://huggingface.co/sentence-transformers/all-MiniLM-L6-v2/resolve/main/config.json "HTTP/1.1 307 Temporary Redirect"
2026-08-19 12:09:43,325 | INFO    | HTTP Request: HEAD https://huggingface.co/sentence-transformers/all-MiniLM-L6-v2/resolve/main/config.json "HTTP/1.1 307 Temporary Redirect"
2026-08-19 12:09:43,326 | INFO    | HTTP Request: HEAD https://huggingface.co/api/resolve-cache/models/sentence-transformers/all-MiniLM-L6-v2/1110a243fdf4706b3f48f1d95db1a4f5529b4d41/config.json "HTTP/1.1 200 OK"
2026-08-19 12:09:43,326 | INFO    | HTTP Request: HEAD https://huggingface.co/sentence-transformers/all-MiniLM-L6-v2/resolve/main/config.json "HTTP/1.1 307 Temporary Redirect"
2026-08-19 12:09:43,343 | INFO    | HTTP Request: HEAD https://huggingface.co/api/resolve-cache/models/sentence-transformers/all-MiniLM-L6-v2/1110a243fdf4706b3f48f1d95db1a4f5529b4d41/config.json "HTTP/1.1 200 OK"
2026-08-19 12:09:43,349 | INFO    | HTTP Request: HEAD https://huggingface.co/api/resolve-cache/models/sentence-transformers/all-MiniLM-L6-v2/1110a243fdf4706b3f48f1d95db1a4f5529b4d41/config.json "HTTP/1.1 200 OK"
2026-08-19 12:09:43,511 | INFO    | HTTP Request: HEAD https://huggingface.co/sentence-transformers/all-MiniLM-L6-v2/resolve/main/tokenizer_config.json "HTTP/1.1 307 Temporary Redirect"
2026-08-19 12:09:43,517 | INFO    | HTTP Request: HEAD https://huggingface.co/sentence-transformers/all-MiniLM-L6-v2/resolve/main/tokenizer_config.json "HTTP/1.1 307 Temporary Redirect"
2026-08-19 12:09:43,518 | INFO    | HTTP Request: HEAD https://huggingface.co/sentence-transformers/all-MiniLM-L6-v2/resolve/main/config.json "HTTP/1.1 307 Temporary Redirect"
2026-08-19 12:09:43,524 | INFO    | HTTP Request: HEAD https://huggingface.co/sentence-transformers/all-MiniLM-L6-v2/resolve/main/tokenizer_config.json "HTTP/1.1 307 Temporary Redirect"
2026-08-19 12:09:43,526 | INFO    | HTTP Request: HEAD https://huggingface.co/api/resolve-cache/models/sentence-transformers/all-MiniLM-L6-v2/1110a243fdf4706b3f48f1d95db1a4f5529b4d41/tokenizer_config.json "HTTP/1.1 200 OK"
2026-08-19 12:09:43,535 | INFO    | HTTP Request: HEAD https://huggingface.co/api/resolve-cache/models/sentence-transformers/all-MiniLM-L6-v2/1110a243fdf4706b3f48f1d95db1a4f5529b4d41/tokenizer_config.json "HTTP/1.1 200 OK"
2026-08-19 12:09:43,537 | INFO    | HTTP Request: HEAD https://huggingface.co/api/resolve-cache/models/sentence-transformers/all-MiniLM-L6-v2/1110a243fdf4706b3f48f1d95db1a4f5529b4d41/config.json "HTTP/1.1 200 OK"
2026-08-19 12:09:43,540 | INFO    | HTTP Request: HEAD https://huggingface.co/api/resolve-cache/models/sentence-transformers/all-MiniLM-L6-v2/1110a243fdf4706b3f48f1d95db1a4f5529b4d41/tokenizer_config.json "HTTP/1.1 200 OK"
2026-08-19 12:09:43,561 | INFO    | HTTP Request: HEAD https://huggingface.co/sentence-transformers/all-MiniLM-L6-v2/resolve/main/tokenizer_config.json "HTTP/1.1 307 Temporary Redirect"
2026-08-19 12:09:43,564 | INFO    | HTTP Request: HEAD https://huggingface.co/sentence-transformers/all-MiniLM-L6-v2/resolve/main/tokenizer_config.json "HTTP/1.1 307 Temporary Redirect"
2026-08-19 12:09:43,569 | INFO    | HTTP Request: HEAD https://huggingface.co/sentence-transformers/all-MiniLM-L6-v2/resolve/main/tokenizer_config.json "HTTP/1.1 307 Temporary Redirect"
2026-08-19 12:09:43,576 | INFO    | HTTP Request: HEAD https://huggingface.co/api/resolve-cache/models/sentence-transformers/all-MiniLM-L6-v2/1110a243fdf4706b3f48f1d95db1a4f5529b4d41/tokenizer_config.json "HTTP/1.1 200 OK"
2026-08-19 12:09:43,581 | INFO    | HTTP Request: HEAD https://huggingface.co/api/resolve-cache/models/sentence-transformers/all-MiniLM-L6-v2/1110a243fdf4706b3f48f1d95db1a4f5529b4d41/tokenizer_config.json "HTTP/1.1 200 OK"
2026-08-19 12:09:43,585 | INFO    | HTTP Request: HEAD https://huggingface.co/api/resolve-cache/models/sentence-transformers/all-MiniLM-L6-v2/1110a243fdf4706b3f48f1d95db1a4f5529b4d41/tokenizer_config.json "HTTP/1.1 200 OK"
2026-08-19 12:09:43,747 | INFO    | HTTP Request: HEAD https://huggingface.co/sentence-transformers/all-MiniLM-L6-v2/resolve/main/config.json "HTTP/1.1 307 Temporary Redirect"
2026-08-19 12:09:43,760 | INFO    | HTTP Request: HEAD https://huggingface.co/api/resolve-cache/models/sentence-transformers/all-MiniLM-L6-v2/1110a243fdf4706b3f48f1d95db1a4f5529b4d41/config.json "HTTP/1.1 200 OK"
2026-08-19 12:09:43,768 | INFO    | HTTP Request: GET https://huggingface.co/api/models/sentence-transformers/all-MiniLM-L6-v2/tree/main/additional_chat_templates?recursive=false&expand=false "HTTP/1.1 404 Not Found"
2026-08-19 12:09:43,775 | INFO    | HTTP Request: GET https://huggingface.co/api/models/sentence-transformers/all-MiniLM-L6-v2/tree/main/additional_chat_templates?recursive=false&expand=false "HTTP/1.1 404 Not Found"
2026-08-19 12:09:43,793 | INFO    | HTTP Request: GET https://huggingface.co/api/models/sentence-transformers/all-MiniLM-L6-v2/tree/main/additional_chat_templates?recursive=false&expand=false "HTTP/1.1 404 Not Found"
2026-08-19 12:09:43,811 | INFO    | HTTP Request: GET https://huggingface.co/api/models/sentence-transformers/all-MiniLM-L6-v2/tree/main/additional_chat_templates?recursive=false&expand=false "HTTP/1.1 404 Not Found"
2026-08-19 12:09:43,817 | INFO    | HTTP Request: GET https://huggingface.co/api/models/sentence-transformers/all-MiniLM-L6-v2/tree/main/additional_chat_templates?recursive=false&expand=false "HTTP/1.1 404 Not Found"
2026-08-19 12:09:43,838 | INFO    | HTTP Request: GET https://huggingface.co/api/models/sentence-transformers/all-MiniLM-L6-v2/tree/main/additional_chat_templates?recursive=false&expand=false "HTTP/1.1 404 Not Found"
2026-08-19 12:09:43,977 | INFO    | HTTP Request: HEAD https://huggingface.co/sentence-transformers/all-MiniLM-L6-v2/resolve/main/tokenizer_config.json "HTTP/1.1 307 Temporary Redirect"
2026-08-19 12:09:43,987 | INFO    | HTTP Request: HEAD https://huggingface.co/api/resolve-cache/models/sentence-transformers/all-MiniLM-L6-v2/1110a243fdf4706b3f48f1d95db1a4f5529b4d41/tokenizer_config.json "HTTP/1.1 200 OK"
2026-08-19 12:09:43,990 | INFO    | HTTP Request: GET https://huggingface.co/api/models/sentence-transformers/all-MiniLM-L6-v2/tree/main?recursive=true&expand=false "HTTP/1.1 200 OK"
2026-08-19 12:09:43,998 | INFO    | HTTP Request: GET https://huggingface.co/api/models/sentence-transformers/all-MiniLM-L6-v2/tree/main?recursive=true&expand=false "HTTP/1.1 200 OK"
2026-08-19 12:09:44,012 | INFO    | HTTP Request: GET https://huggingface.co/api/models/sentence-transformers/all-MiniLM-L6-v2/tree/main?recursive=true&expand=false "HTTP/1.1 200 OK"
2026-08-19 12:09:44,040 | INFO    | HTTP Request: GET https://huggingface.co/api/models/sentence-transformers/all-MiniLM-L6-v2/tree/main?recursive=true&expand=false "HTTP/1.1 200 OK"
2026-08-19 12:09:44,064 | INFO    | HTTP Request: GET https://huggingface.co/api/models/sentence-transformers/all-MiniLM-L6-v2/tree/main?recursive=true&expand=false "HTTP/1.1 200 OK"
2026-08-19 12:09:44,228 | INFO    | HTTP Request: GET https://huggingface.co/api/models/sentence-transformers/all-MiniLM-L6-v2/tree/main/additional_chat_templates?recursive=false&expand=false "HTTP/1.1 404 Not Found"
2026-08-19 12:09:44,099 | INFO    | HTTP Request: GET https://huggingface.co/api/models/sentence-transformers/all-MiniLM-L6-v2/tree/main?recursive=true&expand=false "HTTP/1.1 200 OK"
2026-08-19 12:09:44,693 | INFO    | HTTP Request: GET https://huggingface.co/api/models/sentence-transformers/all-MiniLM-L6-v2/tree/main?recursive=true&expand=false "HTTP/1.1 200 OK"
2026-08-19 12:09:45,213 | INFO    | HTTP Request: HEAD https://huggingface.co/sentence-transformers/all-MiniLM-L6-v2/resolve/main/1_Pooling/config.json "HTTP/1.1 307 Temporary Redirect"
2026-08-19 12:09:45,344 | INFO    | HTTP Request: HEAD https://huggingface.co/api/resolve-cache/models/sentence-transformers/all-MiniLM-L6-v2/1110a243fdf4706b3f48f1d95db1a4f5529b4d41/1_Pooling%2Fconfig.json "HTTP/1.1 200 OK"
2026-08-19 12:09:45,417 | INFO    | HTTP Request: HEAD https://huggingface.co/sentence-transformers/all-MiniLM-L6-v2/resolve/main/1_Pooling/config.json "HTTP/1.1 307 Temporary Redirect"
2026-08-19 12:09:45,418 | INFO    | HTTP Request: HEAD https://huggingface.co/sentence-transformers/all-MiniLM-L6-v2/resolve/main/1_Pooling/config.json "HTTP/1.1 307 Temporary Redirect"
2026-08-19 12:09:45,424 | INFO    | HTTP Request: HEAD https://huggingface.co/sentence-transformers/all-MiniLM-L6-v2/resolve/main/1_Pooling/config.json "HTTP/1.1 307 Temporary Redirect"
2026-08-19 12:09:45,430 | INFO    | HTTP Request: HEAD https://huggingface.co/api/resolve-cache/models/sentence-transformers/all-MiniLM-L6-v2/1110a243fdf4706b3f48f1d95db1a4f5529b4d41/1_Pooling%2Fconfig.json "HTTP/1.1 200 OK"
2026-08-19 12:09:45,442 | INFO    | HTTP Request: HEAD https://huggingface.co/api/resolve-cache/models/sentence-transformers/all-MiniLM-L6-v2/1110a243fdf4706b3f48f1d95db1a4f5529b4d41/1_Pooling%2Fconfig.json "HTTP/1.1 200 OK"
2026-08-19 12:09:45,446 | INFO    | HTTP Request: HEAD https://huggingface.co/api/resolve-cache/models/sentence-transformers/all-MiniLM-L6-v2/1110a243fdf4706b3f48f1d95db1a4f5529b4d41/1_Pooling%2Fconfig.json "HTTP/1.1 200 OK"
2026-08-19 12:09:45,549 | INFO    | HTTP Request: HEAD https://huggingface.co/sentence-transformers/all-MiniLM-L6-v2/resolve/main/1_Pooling/config.json "HTTP/1.1 307 Temporary Redirect"
2026-08-19 12:09:45,551 | INFO    | HTTP Request: HEAD https://huggingface.co/sentence-transformers/all-MiniLM-L6-v2/resolve/main/1_Pooling/config.json "HTTP/1.1 307 Temporary Redirect"
2026-08-19 12:09:45,565 | INFO    | HTTP Request: HEAD https://huggingface.co/api/resolve-cache/models/sentence-transformers/all-MiniLM-L6-v2/1110a243fdf4706b3f48f1d95db1a4f5529b4d41/1_Pooling%2Fconfig.json "HTTP/1.1 200 OK"
2026-08-19 12:09:45,567 | INFO    | HTTP Request: HEAD https://huggingface.co/api/resolve-cache/models/sentence-transformers/all-MiniLM-L6-v2/1110a243fdf4706b3f48f1d95db1a4f5529b4d41/1_Pooling%2Fconfig.json "HTTP/1.1 200 OK"
2026-08-19 12:09:45,579 | INFO    | HTTP Request: GET https://huggingface.co/api/models/sentence-transformers/all-MiniLM-L6-v2 "HTTP/1.1 200 OK"
2026-08-19 12:09:45,617 | INFO    | HTTP Request: HEAD https://huggingface.co/sentence-transformers/all-MiniLM-L6-v2/resolve/main/1_Pooling/config.json "HTTP/1.1 307 Temporary Redirect"
2026-08-19 12:09:45,647 | INFO    | HTTP Request: HEAD https://huggingface.co/api/resolve-cache/models/sentence-transformers/all-MiniLM-L6-v2/1110a243fdf4706b3f48f1d95db1a4f5529b4d41/1_Pooling%2Fconfig.json "HTTP/1.1 200 OK"
2026-08-19 12:09:45,662 | INFO    | HTTP Request: GET https://huggingface.co/api/models/sentence-transformers/all-MiniLM-L6-v2 "HTTP/1.1 200 OK"
2026-08-19 12:09:45,671 | INFO    | HTTP Request: GET https://huggingface.co/api/models/sentence-transformers/all-MiniLM-L6-v2 "HTTP/1.1 200 OK"
2026-08-19 12:09:45,672 | INFO    | HTTP Request: GET https://huggingface.co/api/models/sentence-transformers/all-MiniLM-L6-v2 "HTTP/1.1 200 OK"
2026-08-19 12:09:45,797 | INFO    | HTTP Request: GET https://huggingface.co/api/models/sentence-transformers/all-MiniLM-L6-v2 "HTTP/1.1 200 OK"
2026-08-19 12:09:45,821 | INFO    | HTTP Request: GET https://huggingface.co/api/models/sentence-transformers/all-MiniLM-L6-v2 "HTTP/1.1 200 OK"
2026-08-19 12:09:45,866 | INFO    | HTTP Request: GET https://huggingface.co/api/models/sentence-transformers/all-MiniLM-L6-v2 "HTTP/1.1 200 OK"
2026-08-19 12:09:49,429 | INFO    | Alert 1787121564.25857 auto-classified as MEDIUM at ingestion time
2026-08-19 12:09:49,508 | INFO    | Alert 1787121562.25387 auto-classified as MEDIUM at ingestion time
2026-08-19 12:09:49,585 | INFO    | RAG-grounded classification complete
2026-08-19 12:09:49,593 | INFO    | Classify request — alert keys: ['alert_id', 'timestamp', 'source', 'rule', 'category', 'raw_log', 'indicators', 'mitre_hint', 'status']
2026-08-19 12:09:49,751 | INFO    | Alert 1787121560.23539 auto-classified as LOW at ingestion time
2026-08-19 12:09:49,785 | INFO    | Alert 1787121560.24465 auto-classified as LOW at ingestion time
2026-08-19 12:09:49,789 | INFO    | Alert 1787121562.24933 auto-classified as LOW at ingestion time
2026-08-19 12:09:49,909 | INFO    | Alert 1787121560.24009 auto-classified as MEDIUM at ingestion time
2026-08-19 12:09:51,498 | INFO    | RAG-grounded classification complete
2026-08-19 12:09:51,507 | INFO    | Classify request — alert keys: ['alert_id', 'timestamp', 'source', 'rule', 'category', 'raw_log', 'indicators', 'mitre_hint', 'status']
2026-08-19 12:09:53,890 | INFO    | RAG-grounded classification complete
2026-08-19 12:09:53,897 | INFO    | Classify request — alert keys: ['alert_id', 'timestamp', 'source', 'rule', 'category', 'raw_log', 'indicators', 'mitre_hint', 'status']
2026-08-19 12:09:55,802 | INFO    | RAG-grounded classification complete
2026-08-19 12:09:55,812 | INFO    | Classify request — alert keys: ['alert_id', 'timestamp', 'source', 'rule', 'category', 'raw_log', 'indicators', 'mitre_hint', 'status']
2026-08-19 12:09:57,418 | INFO    | RAG-grounded classification complete
2026-08-19 12:09:57,424 | INFO    | Classify request — alert keys: ['alert_id', 'timestamp', 'source', 'rule', 'category', 'raw_log', 'indicators', 'mitre_hint', 'status']
2026-08-19 12:09:59,541 | INFO    | RAG-grounded classification complete
2026-08-19 12:09:59,554 | INFO    | Classify request — alert keys: ['alert_id', 'timestamp', 'source', 'rule', 'category', 'raw_log', 'indicators', 'mitre_hint', 'status']
2026-08-19 12:10:01,365 | INFO    | RAG-grounded classification complete
2026-08-19 12:18:57,787 | INFO    | VigilanceAI backend starting — database initialized
2026-08-20 10:01:57,007 | INFO    | VigilanceAI backend starting — database initialized
2026-08-20 10:03:47,359 | INFO    | VigilanceAI backend starting — database initialized
2026-08-20 10:20:23,851 | INFO    | Classify request — alert keys: ['alert_id', 'timestamp', 'source', 'rule', 'category', 'raw_log', 'indicators', 'mitre_hint', 'status']
2026-08-20 10:20:24,010 | INFO    | Alert saved: 1787201419.16321
2026-08-20 10:20:24,011 | INFO    | Alert saved: 1787201419.17263
2026-08-20 10:20:24,016 | INFO    | Alert saved: 1787201419.16799
2026-08-20 10:20:24,017 | INFO    | Alert saved: 1787201419.17747
2026-08-20 10:20:24,060 | INFO    | Alert saved: 1787201419.18217
2026-08-20 10:20:24,096 | INFO    | Alert saved: 1787201421.20117
2026-08-20 10:20:24,098 | INFO    | Alert saved: 1787201421.20587
2026-08-20 10:20:24,111 | INFO    | Alert saved: 1787201419.19183
2026-08-20 10:20:24,114 | INFO    | Alert saved: 1787201421.19657
2026-08-20 10:20:24,122 | INFO    | Alert saved: 1787201421.21969
2026-08-20 10:20:24,122 | INFO    | Alert saved: 1787201419.18707
2026-08-20 10:20:24,137 | INFO    | Alert saved: 1787201421.21513
2026-08-20 10:20:24,144 | INFO    | Alert saved: 1787201421.21043
2026-08-20 10:20:29,338 | INFO    | Alert saved: 1787201423.22437
2026-08-20 10:20:29,393 | INFO    | HTTP Request: HEAD https://huggingface.co/sentence-transformers/all-MiniLM-L6-v2/resolve/main/modules.json "HTTP/1.1 307 Temporary Redirect"
2026-08-20 10:20:29,394 | WARNING | Warning: You are sending unauthenticated requests to the HF Hub. Please set a HF_TOKEN to enable higher rate limits and faster downloads.
2026-08-20 10:20:29,400 | INFO    | HTTP Request: HEAD https://huggingface.co/sentence-transformers/all-MiniLM-L6-v2/resolve/main/modules.json "HTTP/1.1 307 Temporary Redirect"
2026-08-20 10:20:29,422 | INFO    | HTTP Request: HEAD https://huggingface.co/sentence-transformers/all-MiniLM-L6-v2/resolve/main/modules.json "HTTP/1.1 307 Temporary Redirect"
2026-08-20 10:20:29,429 | INFO    | HTTP Request: HEAD https://huggingface.co/sentence-transformers/all-MiniLM-L6-v2/resolve/main/modules.json "HTTP/1.1 307 Temporary Redirect"
2026-08-20 10:20:29,430 | INFO    | HTTP Request: HEAD https://huggingface.co/sentence-transformers/all-MiniLM-L6-v2/resolve/main/modules.json "HTTP/1.1 307 Temporary Redirect"
2026-08-20 10:20:29,440 | INFO    | HTTP Request: HEAD https://huggingface.co/sentence-transformers/all-MiniLM-L6-v2/resolve/main/modules.json "HTTP/1.1 307 Temporary Redirect"
2026-08-20 10:20:29,442 | INFO    | HTTP Request: HEAD https://huggingface.co/sentence-transformers/all-MiniLM-L6-v2/resolve/main/modules.json "HTTP/1.1 307 Temporary Redirect"
2026-08-20 10:20:29,443 | INFO    | HTTP Request: HEAD https://huggingface.co/sentence-transformers/all-MiniLM-L6-v2/resolve/main/modules.json "HTTP/1.1 307 Temporary Redirect"
2026-08-20 10:20:29,446 | INFO    | HTTP Request: HEAD https://huggingface.co/sentence-transformers/all-MiniLM-L6-v2/resolve/main/modules.json "HTTP/1.1 307 Temporary Redirect"
2026-08-20 10:20:29,486 | INFO    | HTTP Request: HEAD https://huggingface.co/api/resolve-cache/models/sentence-transformers/all-MiniLM-L6-v2/1110a243fdf4706b3f48f1d95db1a4f5529b4d41/modules.json "HTTP/1.1 200 OK"
2026-08-20 10:20:29,490 | INFO    | HTTP Request: HEAD https://huggingface.co/sentence-transformers/all-MiniLM-L6-v2/resolve/main/modules.json "HTTP/1.1 307 Temporary Redirect"
2026-08-20 10:20:29,494 | INFO    | HTTP Request: HEAD https://huggingface.co/api/resolve-cache/models/sentence-transformers/all-MiniLM-L6-v2/1110a243fdf4706b3f48f1d95db1a4f5529b4d41/modules.json "HTTP/1.1 200 OK"
2026-08-20 10:20:29,512 | INFO    | HTTP Request: HEAD https://huggingface.co/api/resolve-cache/models/sentence-transformers/all-MiniLM-L6-v2/1110a243fdf4706b3f48f1d95db1a4f5529b4d41/modules.json "HTTP/1.1 200 OK"
2026-08-20 10:20:29,521 | INFO    | HTTP Request: HEAD https://huggingface.co/api/resolve-cache/models/sentence-transformers/all-MiniLM-L6-v2/1110a243fdf4706b3f48f1d95db1a4f5529b4d41/modules.json "HTTP/1.1 200 OK"
2026-08-20 10:20:29,525 | INFO    | HTTP Request: HEAD https://huggingface.co/api/resolve-cache/models/sentence-transformers/all-MiniLM-L6-v2/1110a243fdf4706b3f48f1d95db1a4f5529b4d41/modules.json "HTTP/1.1 200 OK"
2026-08-20 10:20:29,526 | INFO    | HTTP Request: HEAD https://huggingface.co/api/resolve-cache/models/sentence-transformers/all-MiniLM-L6-v2/1110a243fdf4706b3f48f1d95db1a4f5529b4d41/modules.json "HTTP/1.1 200 OK"
2026-08-20 10:20:29,537 | INFO    | HTTP Request: HEAD https://huggingface.co/api/resolve-cache/models/sentence-transformers/all-MiniLM-L6-v2/1110a243fdf4706b3f48f1d95db1a4f5529b4d41/modules.json "HTTP/1.1 200 OK"
2026-08-20 10:20:29,539 | INFO    | HTTP Request: HEAD https://huggingface.co/sentence-transformers/all-MiniLM-L6-v2/resolve/main/modules.json "HTTP/1.1 307 Temporary Redirect"
2026-08-20 10:20:29,542 | INFO    | HTTP Request: HEAD https://huggingface.co/api/resolve-cache/models/sentence-transformers/all-MiniLM-L6-v2/1110a243fdf4706b3f48f1d95db1a4f5529b4d41/modules.json "HTTP/1.1 200 OK"
2026-08-20 10:20:29,543 | INFO    | HTTP Request: HEAD https://huggingface.co/api/resolve-cache/models/sentence-transformers/all-MiniLM-L6-v2/1110a243fdf4706b3f48f1d95db1a4f5529b4d41/modules.json "HTTP/1.1 200 OK"
2026-08-20 10:20:29,543 | INFO    | HTTP Request: HEAD https://huggingface.co/api/resolve-cache/models/sentence-transformers/all-MiniLM-L6-v2/1110a243fdf4706b3f48f1d95db1a4f5529b4d41/modules.json "HTTP/1.1 200 OK"
2026-08-20 10:20:29,556 | INFO    | HTTP Request: HEAD https://huggingface.co/sentence-transformers/all-MiniLM-L6-v2/resolve/main/modules.json "HTTP/1.1 307 Temporary Redirect"
2026-08-20 10:20:29,559 | INFO    | HTTP Request: HEAD https://huggingface.co/api/resolve-cache/models/sentence-transformers/all-MiniLM-L6-v2/1110a243fdf4706b3f48f1d95db1a4f5529b4d41/modules.json "HTTP/1.1 200 OK"
2026-08-20 10:20:29,561 | INFO    | HTTP Request: HEAD https://huggingface.co/sentence-transformers/all-MiniLM-L6-v2/resolve/main/modules.json "HTTP/1.1 307 Temporary Redirect"
2026-08-20 10:20:29,576 | INFO    | HTTP Request: HEAD https://huggingface.co/api/resolve-cache/models/sentence-transformers/all-MiniLM-L6-v2/1110a243fdf4706b3f48f1d95db1a4f5529b4d41/modules.json "HTTP/1.1 200 OK"
2026-08-20 10:20:29,640 | INFO    | HTTP Request: HEAD https://huggingface.co/sentence-transformers/all-MiniLM-L6-v2/resolve/main/modules.json "HTTP/1.1 307 Temporary Redirect"
2026-08-20 10:20:29,658 | INFO    | HTTP Request: HEAD https://huggingface.co/api/resolve-cache/models/sentence-transformers/all-MiniLM-L6-v2/1110a243fdf4706b3f48f1d95db1a4f5529b4d41/modules.json "HTTP/1.1 200 OK"
2026-08-20 10:20:29,758 | INFO    | HTTP Request: HEAD https://huggingface.co/sentence-transformers/all-MiniLM-L6-v2/resolve/main/config_sentence_transformers.json "HTTP/1.1 307 Temporary Redirect"
2026-08-20 10:20:29,765 | INFO    | HTTP Request: HEAD https://huggingface.co/sentence-transformers/all-MiniLM-L6-v2/resolve/main/config_sentence_transformers.json "HTTP/1.1 307 Temporary Redirect"
2026-08-20 10:20:29,766 | INFO    | HTTP Request: HEAD https://huggingface.co/sentence-transformers/all-MiniLM-L6-v2/resolve/main/config_sentence_transformers.json "HTTP/1.1 307 Temporary Redirect"
2026-08-20 10:20:29,769 | INFO    | HTTP Request: HEAD https://huggingface.co/sentence-transformers/all-MiniLM-L6-v2/resolve/main/modules.json "HTTP/1.1 307 Temporary Redirect"
2026-08-20 10:20:29,776 | INFO    | HTTP Request: HEAD https://huggingface.co/api/resolve-cache/models/sentence-transformers/all-MiniLM-L6-v2/1110a243fdf4706b3f48f1d95db1a4f5529b4d41/modules.json "HTTP/1.1 200 OK"
2026-08-20 10:20:29,780 | INFO    | HTTP Request: HEAD https://huggingface.co/api/resolve-cache/models/sentence-transformers/all-MiniLM-L6-v2/1110a243fdf4706b3f48f1d95db1a4f5529b4d41/config_sentence_transformers.json "HTTP/1.1 200 OK"
2026-08-20 10:20:29,782 | INFO    | Loading SentenceTransformer model from sentence-transformers/all-MiniLM-L6-v2.
2026-08-20 10:20:29,785 | INFO    | HTTP Request: HEAD https://huggingface.co/sentence-transformers/all-MiniLM-L6-v2/resolve/main/config_sentence_transformers.json "HTTP/1.1 307 Temporary Redirect"
2026-08-20 10:20:29,786 | INFO    | HTTP Request: HEAD https://huggingface.co/api/resolve-cache/models/sentence-transformers/all-MiniLM-L6-v2/1110a243fdf4706b3f48f1d95db1a4f5529b4d41/config_sentence_transformers.json "HTTP/1.1 200 OK"
2026-08-20 10:20:29,786 | INFO    | HTTP Request: HEAD https://huggingface.co/sentence-transformers/all-MiniLM-L6-v2/resolve/main/config_sentence_transformers.json "HTTP/1.1 307 Temporary Redirect"
2026-08-20 10:20:29,787 | INFO    | HTTP Request: HEAD https://huggingface.co/api/resolve-cache/models/sentence-transformers/all-MiniLM-L6-v2/1110a243fdf4706b3f48f1d95db1a4f5529b4d41/config_sentence_transformers.json "HTTP/1.1 200 OK"
2026-08-20 10:20:29,789 | INFO    | Loading SentenceTransformer model from sentence-transformers/all-MiniLM-L6-v2.
2026-08-20 10:20:29,789 | INFO    | Loading SentenceTransformer model from sentence-transformers/all-MiniLM-L6-v2.
2026-08-20 10:20:29,791 | INFO    | HTTP Request: HEAD https://huggingface.co/api/resolve-cache/models/sentence-transformers/all-MiniLM-L6-v2/1110a243fdf4706b3f48f1d95db1a4f5529b4d41/modules.json "HTTP/1.1 200 OK"
2026-08-20 10:20:29,796 | INFO    | HTTP Request: HEAD https://huggingface.co/sentence-transformers/all-MiniLM-L6-v2/resolve/main/config_sentence_transformers.json "HTTP/1.1 307 Temporary Redirect"
2026-08-20 10:20:29,805 | INFO    | HTTP Request: HEAD https://huggingface.co/sentence-transformers/all-MiniLM-L6-v2/resolve/main/config_sentence_transformers.json "HTTP/1.1 307 Temporary Redirect"
2026-08-20 10:20:29,806 | INFO    | HTTP Request: HEAD https://huggingface.co/api/resolve-cache/models/sentence-transformers/all-MiniLM-L6-v2/1110a243fdf4706b3f48f1d95db1a4f5529b4d41/config_sentence_transformers.json "HTTP/1.1 200 OK"
2026-08-20 10:20:29,807 | INFO    | Loading SentenceTransformer model from sentence-transformers/all-MiniLM-L6-v2.
2026-08-20 10:20:29,808 | INFO    | HTTP Request: HEAD https://huggingface.co/api/resolve-cache/models/sentence-transformers/all-MiniLM-L6-v2/1110a243fdf4706b3f48f1d95db1a4f5529b4d41/config_sentence_transformers.json "HTTP/1.1 200 OK"
2026-08-20 10:20:29,808 | INFO    | Loading SentenceTransformer model from sentence-transformers/all-MiniLM-L6-v2.
2026-08-20 10:20:29,816 | INFO    | HTTP Request: HEAD https://huggingface.co/sentence-transformers/all-MiniLM-L6-v2/resolve/main/config_sentence_transformers.json "HTTP/1.1 307 Temporary Redirect"
2026-08-20 10:20:29,820 | INFO    | HTTP Request: HEAD https://huggingface.co/api/resolve-cache/models/sentence-transformers/all-MiniLM-L6-v2/1110a243fdf4706b3f48f1d95db1a4f5529b4d41/config_sentence_transformers.json "HTTP/1.1 200 OK"
2026-08-20 10:20:29,821 | INFO    | Loading SentenceTransformer model from sentence-transformers/all-MiniLM-L6-v2.
2026-08-20 10:20:29,821 | INFO    | HTTP Request: HEAD https://huggingface.co/sentence-transformers/all-MiniLM-L6-v2/resolve/main/config_sentence_transformers.json "HTTP/1.1 307 Temporary Redirect"
2026-08-20 10:20:29,823 | INFO    | HTTP Request: HEAD https://huggingface.co/sentence-transformers/all-MiniLM-L6-v2/resolve/main/config_sentence_transformers.json "HTTP/1.1 307 Temporary Redirect"
2026-08-20 10:20:29,826 | INFO    | HTTP Request: HEAD https://huggingface.co/api/resolve-cache/models/sentence-transformers/all-MiniLM-L6-v2/1110a243fdf4706b3f48f1d95db1a4f5529b4d41/config_sentence_transformers.json "HTTP/1.1 200 OK"
2026-08-20 10:20:29,827 | INFO    | Loading SentenceTransformer model from sentence-transformers/all-MiniLM-L6-v2.
2026-08-20 10:20:29,836 | INFO    | HTTP Request: HEAD https://huggingface.co/api/resolve-cache/models/sentence-transformers/all-MiniLM-L6-v2/1110a243fdf4706b3f48f1d95db1a4f5529b4d41/config_sentence_transformers.json "HTTP/1.1 200 OK"
2026-08-20 10:20:29,836 | INFO    | Loading SentenceTransformer model from sentence-transformers/all-MiniLM-L6-v2.
2026-08-20 10:20:29,842 | INFO    | HTTP Request: HEAD https://huggingface.co/api/resolve-cache/models/sentence-transformers/all-MiniLM-L6-v2/1110a243fdf4706b3f48f1d95db1a4f5529b4d41/config_sentence_transformers.json "HTTP/1.1 200 OK"
2026-08-20 10:20:29,842 | INFO    | Loading SentenceTransformer model from sentence-transformers/all-MiniLM-L6-v2.
2026-08-20 10:20:29,844 | INFO    | HTTP Request: HEAD https://huggingface.co/api/resolve-cache/models/sentence-transformers/all-MiniLM-L6-v2/1110a243fdf4706b3f48f1d95db1a4f5529b4d41/config_sentence_transformers.json "HTTP/1.1 200 OK"
2026-08-20 10:20:29,844 | INFO    | Loading SentenceTransformer model from sentence-transformers/all-MiniLM-L6-v2.
2026-08-20 10:20:29,858 | INFO    | HTTP Request: HEAD https://huggingface.co/sentence-transformers/all-MiniLM-L6-v2/resolve/main/config_sentence_transformers.json "HTTP/1.1 307 Temporary Redirect"
2026-08-20 10:20:29,882 | INFO    | HTTP Request: HEAD https://huggingface.co/api/resolve-cache/models/sentence-transformers/all-MiniLM-L6-v2/1110a243fdf4706b3f48f1d95db1a4f5529b4d41/config_sentence_transformers.json "HTTP/1.1 200 OK"
2026-08-20 10:20:29,883 | INFO    | Loading SentenceTransformer model from sentence-transformers/all-MiniLM-L6-v2.
2026-08-20 10:20:29,918 | INFO    | HTTP Request: HEAD https://huggingface.co/sentence-transformers/all-MiniLM-L6-v2/resolve/main/config_sentence_transformers.json "HTTP/1.1 307 Temporary Redirect"
2026-08-20 10:20:29,941 | INFO    | HTTP Request: HEAD https://huggingface.co/api/resolve-cache/models/sentence-transformers/all-MiniLM-L6-v2/1110a243fdf4706b3f48f1d95db1a4f5529b4d41/config_sentence_transformers.json "HTTP/1.1 200 OK"
2026-08-20 10:20:29,944 | INFO    | Loading SentenceTransformer model from sentence-transformers/all-MiniLM-L6-v2.
2026-08-20 10:20:30,009 | INFO    | HTTP Request: HEAD https://huggingface.co/sentence-transformers/all-MiniLM-L6-v2/resolve/main/config_sentence_transformers.json "HTTP/1.1 307 Temporary Redirect"
2026-08-20 10:20:30,024 | INFO    | HTTP Request: HEAD https://huggingface.co/sentence-transformers/all-MiniLM-L6-v2/resolve/main/config_sentence_transformers.json "HTTP/1.1 307 Temporary Redirect"
2026-08-20 10:20:30,026 | INFO    | HTTP Request: HEAD https://huggingface.co/sentence-transformers/all-MiniLM-L6-v2/resolve/main/config_sentence_transformers.json "HTTP/1.1 307 Temporary Redirect"
2026-08-20 10:20:30,029 | INFO    | HTTP Request: HEAD https://huggingface.co/api/resolve-cache/models/sentence-transformers/all-MiniLM-L6-v2/1110a243fdf4706b3f48f1d95db1a4f5529b4d41/config_sentence_transformers.json "HTTP/1.1 200 OK"
2026-08-20 10:20:30,030 | INFO    | Loading SentenceTransformer model from sentence-transformers/all-MiniLM-L6-v2.
2026-08-20 10:20:30,044 | INFO    | HTTP Request: HEAD https://huggingface.co/api/resolve-cache/models/sentence-transformers/all-MiniLM-L6-v2/1110a243fdf4706b3f48f1d95db1a4f5529b4d41/config_sentence_transformers.json "HTTP/1.1 200 OK"
2026-08-20 10:20:30,044 | INFO    | HTTP Request: HEAD https://huggingface.co/sentence-transformers/all-MiniLM-L6-v2/resolve/main/config_sentence_transformers.json "HTTP/1.1 307 Temporary Redirect"
2026-08-20 10:20:30,047 | INFO    | HTTP Request: HEAD https://huggingface.co/api/resolve-cache/models/sentence-transformers/all-MiniLM-L6-v2/1110a243fdf4706b3f48f1d95db1a4f5529b4d41/config_sentence_transformers.json "HTTP/1.1 200 OK"
2026-08-20 10:20:30,047 | INFO    | Loading SentenceTransformer model from sentence-transformers/all-MiniLM-L6-v2.
2026-08-20 10:20:30,064 | INFO    | HTTP Request: HEAD https://huggingface.co/sentence-transformers/all-MiniLM-L6-v2/resolve/main/config_sentence_transformers.json "HTTP/1.1 307 Temporary Redirect"
2026-08-20 10:20:30,066 | INFO    | HTTP Request: HEAD https://huggingface.co/api/resolve-cache/models/sentence-transformers/all-MiniLM-L6-v2/1110a243fdf4706b3f48f1d95db1a4f5529b4d41/config_sentence_transformers.json "HTTP/1.1 200 OK"
2026-08-20 10:20:30,072 | INFO    | HTTP Request: HEAD https://huggingface.co/sentence-transformers/all-MiniLM-L6-v2/resolve/main/config_sentence_transformers.json "HTTP/1.1 307 Temporary Redirect"
2026-08-20 10:20:30,076 | INFO    | HTTP Request: HEAD https://huggingface.co/sentence-transformers/all-MiniLM-L6-v2/resolve/main/config_sentence_transformers.json "HTTP/1.1 307 Temporary Redirect"
2026-08-20 10:20:30,080 | INFO    | HTTP Request: HEAD https://huggingface.co/sentence-transformers/all-MiniLM-L6-v2/resolve/main/config_sentence_transformers.json "HTTP/1.1 307 Temporary Redirect"
2026-08-20 10:20:30,082 | INFO    | HTTP Request: HEAD https://huggingface.co/sentence-transformers/all-MiniLM-L6-v2/resolve/main/config_sentence_transformers.json "HTTP/1.1 307 Temporary Redirect"
2026-08-20 10:20:30,083 | INFO    | HTTP Request: HEAD https://huggingface.co/sentence-transformers/all-MiniLM-L6-v2/resolve/main/config_sentence_transformers.json "HTTP/1.1 307 Temporary Redirect"
2026-08-20 10:20:30,085 | INFO    | HTTP Request: HEAD https://huggingface.co/api/resolve-cache/models/sentence-transformers/all-MiniLM-L6-v2/1110a243fdf4706b3f48f1d95db1a4f5529b4d41/config_sentence_transformers.json "HTTP/1.1 200 OK"
2026-08-20 10:20:30,093 | INFO    | HTTP Request: HEAD https://huggingface.co/api/resolve-cache/models/sentence-transformers/all-MiniLM-L6-v2/1110a243fdf4706b3f48f1d95db1a4f5529b4d41/config_sentence_transformers.json "HTTP/1.1 200 OK"
2026-08-20 10:20:30,095 | INFO    | HTTP Request: HEAD https://huggingface.co/sentence-transformers/all-MiniLM-L6-v2/resolve/main/config_sentence_transformers.json "HTTP/1.1 307 Temporary Redirect"
2026-08-20 10:20:30,098 | INFO    | HTTP Request: HEAD https://huggingface.co/api/resolve-cache/models/sentence-transformers/all-MiniLM-L6-v2/1110a243fdf4706b3f48f1d95db1a4f5529b4d41/config_sentence_transformers.json "HTTP/1.1 200 OK"
2026-08-20 10:20:30,098 | INFO    | Loading SentenceTransformer model from sentence-transformers/all-MiniLM-L6-v2.
2026-08-20 10:20:30,099 | INFO    | HTTP Request: HEAD https://huggingface.co/api/resolve-cache/models/sentence-transformers/all-MiniLM-L6-v2/1110a243fdf4706b3f48f1d95db1a4f5529b4d41/config_sentence_transformers.json "HTTP/1.1 200 OK"
2026-08-20 10:20:30,102 | INFO    | HTTP Request: HEAD https://huggingface.co/api/resolve-cache/models/sentence-transformers/all-MiniLM-L6-v2/1110a243fdf4706b3f48f1d95db1a4f5529b4d41/config_sentence_transformers.json "HTTP/1.1 200 OK"
2026-08-20 10:20:30,103 | INFO    | HTTP Request: HEAD https://huggingface.co/api/resolve-cache/models/sentence-transformers/all-MiniLM-L6-v2/1110a243fdf4706b3f48f1d95db1a4f5529b4d41/config_sentence_transformers.json "HTTP/1.1 200 OK"
2026-08-20 10:20:30,112 | INFO    | HTTP Request: HEAD https://huggingface.co/sentence-transformers/all-MiniLM-L6-v2/resolve/main/config_sentence_transformers.json "HTTP/1.1 307 Temporary Redirect"
2026-08-20 10:20:30,117 | INFO    | HTTP Request: HEAD https://huggingface.co/api/resolve-cache/models/sentence-transformers/all-MiniLM-L6-v2/1110a243fdf4706b3f48f1d95db1a4f5529b4d41/config_sentence_transformers.json "HTTP/1.1 200 OK"
2026-08-20 10:20:30,135 | INFO    | HTTP Request: HEAD https://huggingface.co/api/resolve-cache/models/sentence-transformers/all-MiniLM-L6-v2/1110a243fdf4706b3f48f1d95db1a4f5529b4d41/config_sentence_transformers.json "HTTP/1.1 200 OK"
2026-08-20 10:20:30,211 | INFO    | HTTP Request: HEAD https://huggingface.co/sentence-transformers/all-MiniLM-L6-v2/resolve/main/config_sentence_transformers.json "HTTP/1.1 307 Temporary Redirect"
2026-08-20 10:20:30,233 | INFO    | HTTP Request: HEAD https://huggingface.co/api/resolve-cache/models/sentence-transformers/all-MiniLM-L6-v2/1110a243fdf4706b3f48f1d95db1a4f5529b4d41/config_sentence_transformers.json "HTTP/1.1 200 OK"
2026-08-20 10:20:30,243 | INFO    | HTTP Request: HEAD https://huggingface.co/sentence-transformers/all-MiniLM-L6-v2/resolve/main/config_sentence_transformers.json "HTTP/1.1 307 Temporary Redirect"
2026-08-20 10:20:30,264 | INFO    | HTTP Request: HEAD https://huggingface.co/api/resolve-cache/models/sentence-transformers/all-MiniLM-L6-v2/1110a243fdf4706b3f48f1d95db1a4f5529b4d41/config_sentence_transformers.json "HTTP/1.1 200 OK"
2026-08-20 10:20:30,281 | INFO    | HTTP Request: HEAD https://huggingface.co/sentence-transformers/all-MiniLM-L6-v2/resolve/main/README.md "HTTP/1.1 307 Temporary Redirect"
2026-08-20 10:20:30,284 | INFO    | HTTP Request: HEAD https://huggingface.co/sentence-transformers/all-MiniLM-L6-v2/resolve/main/config_sentence_transformers.json "HTTP/1.1 307 Temporary Redirect"
2026-08-20 10:20:30,303 | INFO    | HTTP Request: HEAD https://huggingface.co/sentence-transformers/all-MiniLM-L6-v2/resolve/main/README.md "HTTP/1.1 307 Temporary Redirect"
2026-08-20 10:20:30,303 | INFO    | HTTP Request: HEAD https://huggingface.co/api/resolve-cache/models/sentence-transformers/all-MiniLM-L6-v2/1110a243fdf4706b3f48f1d95db1a4f5529b4d41/README.md "HTTP/1.1 200 OK"
2026-08-20 10:20:30,305 | INFO    | HTTP Request: HEAD https://huggingface.co/api/resolve-cache/models/sentence-transformers/all-MiniLM-L6-v2/1110a243fdf4706b3f48f1d95db1a4f5529b4d41/config_sentence_transformers.json "HTTP/1.1 200 OK"
2026-08-20 10:20:30,324 | INFO    | HTTP Request: HEAD https://huggingface.co/api/resolve-cache/models/sentence-transformers/all-MiniLM-L6-v2/1110a243fdf4706b3f48f1d95db1a4f5529b4d41/README.md "HTTP/1.1 200 OK"
2026-08-20 10:20:30,329 | INFO    | HTTP Request: HEAD https://huggingface.co/sentence-transformers/all-MiniLM-L6-v2/resolve/main/README.md "HTTP/1.1 307 Temporary Redirect"
2026-08-20 10:20:30,338 | INFO    | HTTP Request: HEAD https://huggingface.co/sentence-transformers/all-MiniLM-L6-v2/resolve/main/README.md "HTTP/1.1 307 Temporary Redirect"
2026-08-20 10:20:30,340 | INFO    | HTTP Request: HEAD https://huggingface.co/sentence-transformers/all-MiniLM-L6-v2/resolve/main/README.md "HTTP/1.1 307 Temporary Redirect"
2026-08-20 10:20:30,341 | INFO    | HTTP Request: HEAD https://huggingface.co/sentence-transformers/all-MiniLM-L6-v2/resolve/main/README.md "HTTP/1.1 307 Temporary Redirect"
2026-08-20 10:20:30,341 | INFO    | HTTP Request: HEAD https://huggingface.co/sentence-transformers/all-MiniLM-L6-v2/resolve/main/config_sentence_transformers.json "HTTP/1.1 307 Temporary Redirect"
2026-08-20 10:20:30,349 | INFO    | HTTP Request: HEAD https://huggingface.co/api/resolve-cache/models/sentence-transformers/all-MiniLM-L6-v2/1110a243fdf4706b3f48f1d95db1a4f5529b4d41/README.md "HTTP/1.1 200 OK"
2026-08-20 10:20:30,354 | INFO    | HTTP Request: HEAD https://huggingface.co/sentence-transformers/all-MiniLM-L6-v2/resolve/main/README.md "HTTP/1.1 307 Temporary Redirect"
2026-08-20 10:20:30,360 | INFO    | HTTP Request: HEAD https://huggingface.co/api/resolve-cache/models/sentence-transformers/all-MiniLM-L6-v2/1110a243fdf4706b3f48f1d95db1a4f5529b4d41/README.md "HTTP/1.1 200 OK"
2026-08-20 10:20:30,361 | INFO    | HTTP Request: HEAD https://huggingface.co/api/resolve-cache/models/sentence-transformers/all-MiniLM-L6-v2/1110a243fdf4706b3f48f1d95db1a4f5529b4d41/README.md "HTTP/1.1 200 OK"
2026-08-20 10:20:30,363 | INFO    | HTTP Request: HEAD https://huggingface.co/api/resolve-cache/models/sentence-transformers/all-MiniLM-L6-v2/1110a243fdf4706b3f48f1d95db1a4f5529b4d41/config_sentence_transformers.json "HTTP/1.1 200 OK"
2026-08-20 10:20:30,365 | INFO    | HTTP Request: HEAD https://huggingface.co/api/resolve-cache/models/sentence-transformers/all-MiniLM-L6-v2/1110a243fdf4706b3f48f1d95db1a4f5529b4d41/README.md "HTTP/1.1 200 OK"
2026-08-20 10:20:30,366 | INFO    | HTTP Request: HEAD https://huggingface.co/sentence-transformers/all-MiniLM-L6-v2/resolve/main/README.md "HTTP/1.1 307 Temporary Redirect"
2026-08-20 10:20:30,370 | INFO    | HTTP Request: HEAD https://huggingface.co/sentence-transformers/all-MiniLM-L6-v2/resolve/main/README.md "HTTP/1.1 307 Temporary Redirect"
2026-08-20 10:20:30,374 | INFO    | HTTP Request: HEAD https://huggingface.co/api/resolve-cache/models/sentence-transformers/all-MiniLM-L6-v2/1110a243fdf4706b3f48f1d95db1a4f5529b4d41/README.md "HTTP/1.1 200 OK"
2026-08-20 10:20:30,386 | INFO    | HTTP Request: HEAD https://huggingface.co/api/resolve-cache/models/sentence-transformers/all-MiniLM-L6-v2/1110a243fdf4706b3f48f1d95db1a4f5529b4d41/README.md "HTTP/1.1 200 OK"
2026-08-20 10:20:30,390 | INFO    | HTTP Request: HEAD https://huggingface.co/api/resolve-cache/models/sentence-transformers/all-MiniLM-L6-v2/1110a243fdf4706b3f48f1d95db1a4f5529b4d41/README.md "HTTP/1.1 200 OK"
2026-08-20 10:20:30,444 | INFO    | HTTP Request: HEAD https://huggingface.co/sentence-transformers/all-MiniLM-L6-v2/resolve/main/config_sentence_transformers.json "HTTP/1.1 307 Temporary Redirect"
2026-08-20 10:20:30,469 | INFO    | HTTP Request: HEAD https://huggingface.co/sentence-transformers/all-MiniLM-L6-v2/resolve/main/README.md "HTTP/1.1 307 Temporary Redirect"
2026-08-20 10:20:30,470 | INFO    | HTTP Request: HEAD https://huggingface.co/api/resolve-cache/models/sentence-transformers/all-MiniLM-L6-v2/1110a243fdf4706b3f48f1d95db1a4f5529b4d41/config_sentence_transformers.json "HTTP/1.1 200 OK"
2026-08-20 10:20:30,474 | INFO    | HTTP Request: HEAD https://huggingface.co/sentence-transformers/all-MiniLM-L6-v2/resolve/main/config_sentence_transformers.json "HTTP/1.1 307 Temporary Redirect"
2026-08-20 10:20:30,489 | INFO    | HTTP Request: HEAD https://huggingface.co/api/resolve-cache/models/sentence-transformers/all-MiniLM-L6-v2/1110a243fdf4706b3f48f1d95db1a4f5529b4d41/README.md "HTTP/1.1 200 OK"
2026-08-20 10:20:30,496 | INFO    | HTTP Request: HEAD https://huggingface.co/api/resolve-cache/models/sentence-transformers/all-MiniLM-L6-v2/1110a243fdf4706b3f48f1d95db1a4f5529b4d41/config_sentence_transformers.json "HTTP/1.1 200 OK"
2026-08-20 10:20:30,550 | INFO    | HTTP Request: HEAD https://huggingface.co/sentence-transformers/all-MiniLM-L6-v2/resolve/main/README.md "HTTP/1.1 307 Temporary Redirect"
2026-08-20 10:20:30,556 | INFO    | HTTP Request: HEAD https://huggingface.co/sentence-transformers/all-MiniLM-L6-v2/resolve/main/modules.json "HTTP/1.1 307 Temporary Redirect"
2026-08-20 10:20:30,571 | INFO    | HTTP Request: HEAD https://huggingface.co/api/resolve-cache/models/sentence-transformers/all-MiniLM-L6-v2/1110a243fdf4706b3f48f1d95db1a4f5529b4d41/README.md "HTTP/1.1 200 OK"
2026-08-20 10:20:30,579 | INFO    | HTTP Request: HEAD https://huggingface.co/api/resolve-cache/models/sentence-transformers/all-MiniLM-L6-v2/1110a243fdf4706b3f48f1d95db1a4f5529b4d41/modules.json "HTTP/1.1 200 OK"
2026-08-20 10:20:30,581 | INFO    | HTTP Request: HEAD https://huggingface.co/sentence-transformers/all-MiniLM-L6-v2/resolve/main/modules.json "HTTP/1.1 307 Temporary Redirect"
2026-08-20 10:20:30,591 | INFO    | HTTP Request: HEAD https://huggingface.co/sentence-transformers/all-MiniLM-L6-v2/resolve/main/modules.json "HTTP/1.1 307 Temporary Redirect"
2026-08-20 10:20:30,597 | INFO    | HTTP Request: HEAD https://huggingface.co/sentence-transformers/all-MiniLM-L6-v2/resolve/main/modules.json "HTTP/1.1 307 Temporary Redirect"
2026-08-20 10:20:30,602 | INFO    | HTTP Request: HEAD https://huggingface.co/api/resolve-cache/models/sentence-transformers/all-MiniLM-L6-v2/1110a243fdf4706b3f48f1d95db1a4f5529b4d41/modules.json "HTTP/1.1 200 OK"
2026-08-20 10:20:30,604 | INFO    | HTTP Request: HEAD https://huggingface.co/sentence-transformers/all-MiniLM-L6-v2/resolve/main/modules.json "HTTP/1.1 307 Temporary Redirect"
2026-08-20 10:20:30,609 | INFO    | HTTP Request: HEAD https://huggingface.co/sentence-transformers/all-MiniLM-L6-v2/resolve/main/modules.json "HTTP/1.1 307 Temporary Redirect"
2026-08-20 10:20:30,613 | INFO    | HTTP Request: HEAD https://huggingface.co/api/resolve-cache/models/sentence-transformers/all-MiniLM-L6-v2/1110a243fdf4706b3f48f1d95db1a4f5529b4d41/modules.json "HTTP/1.1 200 OK"
2026-08-20 10:20:30,618 | INFO    | HTTP Request: HEAD https://huggingface.co/api/resolve-cache/models/sentence-transformers/all-MiniLM-L6-v2/1110a243fdf4706b3f48f1d95db1a4f5529b4d41/modules.json "HTTP/1.1 200 OK"
2026-08-20 10:20:30,620 | INFO    | HTTP Request: HEAD https://huggingface.co/sentence-transformers/all-MiniLM-L6-v2/resolve/main/README.md "HTTP/1.1 307 Temporary Redirect"
2026-08-20 10:20:30,620 | INFO    | HTTP Request: HEAD https://huggingface.co/sentence-transformers/all-MiniLM-L6-v2/resolve/main/modules.json "HTTP/1.1 307 Temporary Redirect"
2026-08-20 10:20:30,625 | INFO    | HTTP Request: HEAD https://huggingface.co/sentence-transformers/all-MiniLM-L6-v2/resolve/main/README.md "HTTP/1.1 307 Temporary Redirect"
2026-08-20 10:20:30,626 | INFO    | HTTP Request: HEAD https://huggingface.co/api/resolve-cache/models/sentence-transformers/all-MiniLM-L6-v2/1110a243fdf4706b3f48f1d95db1a4f5529b4d41/modules.json "HTTP/1.1 200 OK"
2026-08-20 10:20:30,628 | INFO    | HTTP Request: HEAD https://huggingface.co/sentence-transformers/all-MiniLM-L6-v2/resolve/main/modules.json "HTTP/1.1 307 Temporary Redirect"
2026-08-20 10:20:30,633 | INFO    | HTTP Request: HEAD https://huggingface.co/api/resolve-cache/models/sentence-transformers/all-MiniLM-L6-v2/1110a243fdf4706b3f48f1d95db1a4f5529b4d41/modules.json "HTTP/1.1 200 OK"
2026-08-20 10:20:30,643 | INFO    | HTTP Request: HEAD https://huggingface.co/api/resolve-cache/models/sentence-transformers/all-MiniLM-L6-v2/1110a243fdf4706b3f48f1d95db1a4f5529b4d41/README.md "HTTP/1.1 200 OK"
2026-08-20 10:20:30,643 | INFO    | HTTP Request: HEAD https://huggingface.co/api/resolve-cache/models/sentence-transformers/all-MiniLM-L6-v2/1110a243fdf4706b3f48f1d95db1a4f5529b4d41/modules.json "HTTP/1.1 200 OK"
2026-08-20 10:20:30,647 | INFO    | HTTP Request: HEAD https://huggingface.co/api/resolve-cache/models/sentence-transformers/all-MiniLM-L6-v2/1110a243fdf4706b3f48f1d95db1a4f5529b4d41/README.md "HTTP/1.1 200 OK"
2026-08-20 10:20:30,649 | INFO    | HTTP Request: HEAD https://huggingface.co/api/resolve-cache/models/sentence-transformers/all-MiniLM-L6-v2/1110a243fdf4706b3f48f1d95db1a4f5529b4d41/modules.json "HTTP/1.1 200 OK"
2026-08-20 10:20:30,656 | INFO    | HTTP Request: HEAD https://huggingface.co/sentence-transformers/all-MiniLM-L6-v2/resolve/main/modules.json "HTTP/1.1 307 Temporary Redirect"
2026-08-20 10:20:30,676 | INFO    | HTTP Request: HEAD https://huggingface.co/api/resolve-cache/models/sentence-transformers/all-MiniLM-L6-v2/1110a243fdf4706b3f48f1d95db1a4f5529b4d41/modules.json "HTTP/1.1 200 OK"
2026-08-20 10:20:30,733 | INFO    | HTTP Request: HEAD https://huggingface.co/sentence-transformers/all-MiniLM-L6-v2/resolve/main/modules.json "HTTP/1.1 307 Temporary Redirect"
2026-08-20 10:20:30,738 | INFO    | HTTP Request: HEAD https://huggingface.co/sentence-transformers/all-MiniLM-L6-v2/resolve/main/README.md "HTTP/1.1 307 Temporary Redirect"
2026-08-20 10:20:30,753 | INFO    | HTTP Request: HEAD https://huggingface.co/api/resolve-cache/models/sentence-transformers/all-MiniLM-L6-v2/1110a243fdf4706b3f48f1d95db1a4f5529b4d41/modules.json "HTTP/1.1 200 OK"
2026-08-20 10:20:30,760 | INFO    | HTTP Request: HEAD https://huggingface.co/api/resolve-cache/models/sentence-transformers/all-MiniLM-L6-v2/1110a243fdf4706b3f48f1d95db1a4f5529b4d41/README.md "HTTP/1.1 200 OK"
2026-08-20 10:20:30,766 | INFO    | HTTP Request: HEAD https://huggingface.co/sentence-transformers/all-MiniLM-L6-v2/resolve/main/README.md "HTTP/1.1 307 Temporary Redirect"
2026-08-20 10:20:30,787 | INFO    | HTTP Request: HEAD https://huggingface.co/api/resolve-cache/models/sentence-transformers/all-MiniLM-L6-v2/1110a243fdf4706b3f48f1d95db1a4f5529b4d41/README.md "HTTP/1.1 200 OK"
2026-08-20 10:20:30,810 | INFO    | HTTP Request: HEAD https://huggingface.co/sentence-transformers/all-MiniLM-L6-v2/resolve/main/modules.json "HTTP/1.1 307 Temporary Redirect"
2026-08-20 10:20:30,816 | INFO    | HTTP Request: HEAD https://huggingface.co/sentence-transformers/all-MiniLM-L6-v2/resolve/main/sentence_bert_config.json "HTTP/1.1 307 Temporary Redirect"
2026-08-20 10:20:30,831 | INFO    | HTTP Request: HEAD https://huggingface.co/api/resolve-cache/models/sentence-transformers/all-MiniLM-L6-v2/1110a243fdf4706b3f48f1d95db1a4f5529b4d41/modules.json "HTTP/1.1 200 OK"
2026-08-20 10:20:30,839 | INFO    | HTTP Request: HEAD https://huggingface.co/api/resolve-cache/models/sentence-transformers/all-MiniLM-L6-v2/1110a243fdf4706b3f48f1d95db1a4f5529b4d41/sentence_bert_config.json "HTTP/1.1 200 OK"
2026-08-20 10:20:30,842 | INFO    | HTTP Request: HEAD https://huggingface.co/sentence-transformers/all-MiniLM-L6-v2/resolve/main/sentence_bert_config.json "HTTP/1.1 307 Temporary Redirect"
2026-08-20 10:20:30,847 | INFO    | HTTP Request: HEAD https://huggingface.co/sentence-transformers/all-MiniLM-L6-v2/resolve/main/sentence_bert_config.json "HTTP/1.1 307 Temporary Redirect"
2026-08-20 10:20:30,857 | INFO    | HTTP Request: HEAD https://huggingface.co/sentence-transformers/all-MiniLM-L6-v2/resolve/main/sentence_bert_config.json "HTTP/1.1 307 Temporary Redirect"
2026-08-20 10:20:30,863 | INFO    | HTTP Request: HEAD https://huggingface.co/api/resolve-cache/models/sentence-transformers/all-MiniLM-L6-v2/1110a243fdf4706b3f48f1d95db1a4f5529b4d41/sentence_bert_config.json "HTTP/1.1 200 OK"
2026-08-20 10:20:30,867 | INFO    | HTTP Request: HEAD https://huggingface.co/api/resolve-cache/models/sentence-transformers/all-MiniLM-L6-v2/1110a243fdf4706b3f48f1d95db1a4f5529b4d41/sentence_bert_config.json "HTTP/1.1 200 OK"
2026-08-20 10:20:30,869 | INFO    | HTTP Request: HEAD https://huggingface.co/sentence-transformers/all-MiniLM-L6-v2/resolve/main/sentence_bert_config.json "HTTP/1.1 307 Temporary Redirect"
2026-08-20 10:20:30,880 | INFO    | HTTP Request: HEAD https://huggingface.co/api/resolve-cache/models/sentence-transformers/all-MiniLM-L6-v2/1110a243fdf4706b3f48f1d95db1a4f5529b4d41/sentence_bert_config.json "HTTP/1.1 200 OK"
2026-08-20 10:20:30,883 | INFO    | HTTP Request: HEAD https://huggingface.co/sentence-transformers/all-MiniLM-L6-v2/resolve/main/modules.json "HTTP/1.1 307 Temporary Redirect"
2026-08-20 10:20:30,884 | INFO    | HTTP Request: HEAD https://huggingface.co/sentence-transformers/all-MiniLM-L6-v2/resolve/main/modules.json "HTTP/1.1 307 Temporary Redirect"
2026-08-20 10:20:30,888 | INFO    | HTTP Request: HEAD https://huggingface.co/sentence-transformers/all-MiniLM-L6-v2/resolve/main/sentence_bert_config.json "HTTP/1.1 307 Temporary Redirect"
2026-08-20 10:20:30,889 | INFO    | HTTP Request: HEAD https://huggingface.co/api/resolve-cache/models/sentence-transformers/all-MiniLM-L6-v2/1110a243fdf4706b3f48f1d95db1a4f5529b4d41/sentence_bert_config.json "HTTP/1.1 200 OK"
2026-08-20 10:20:30,899 | INFO    | HTTP Request: HEAD https://huggingface.co/sentence-transformers/all-MiniLM-L6-v2/resolve/main/sentence_bert_config.json "HTTP/1.1 307 Temporary Redirect"
2026-08-20 10:20:30,903 | INFO    | HTTP Request: HEAD https://huggingface.co/api/resolve-cache/models/sentence-transformers/all-MiniLM-L6-v2/1110a243fdf4706b3f48f1d95db1a4f5529b4d41/modules.json "HTTP/1.1 200 OK"
2026-08-20 10:20:30,905 | INFO    | HTTP Request: HEAD https://huggingface.co/api/resolve-cache/models/sentence-transformers/all-MiniLM-L6-v2/1110a243fdf4706b3f48f1d95db1a4f5529b4d41/modules.json "HTTP/1.1 200 OK"
2026-08-20 10:20:30,909 | INFO    | HTTP Request: HEAD https://huggingface.co/api/resolve-cache/models/sentence-transformers/all-MiniLM-L6-v2/1110a243fdf4706b3f48f1d95db1a4f5529b4d41/sentence_bert_config.json "HTTP/1.1 200 OK"
2026-08-20 10:20:30,918 | INFO    | HTTP Request: HEAD https://huggingface.co/sentence-transformers/all-MiniLM-L6-v2/resolve/main/sentence_bert_config.json "HTTP/1.1 307 Temporary Redirect"
2026-08-20 10:20:30,919 | INFO    | HTTP Request: HEAD https://huggingface.co/api/resolve-cache/models/sentence-transformers/all-MiniLM-L6-v2/1110a243fdf4706b3f48f1d95db1a4f5529b4d41/sentence_bert_config.json "HTTP/1.1 200 OK"
2026-08-20 10:20:30,941 | INFO    | HTTP Request: HEAD https://huggingface.co/api/resolve-cache/models/sentence-transformers/all-MiniLM-L6-v2/1110a243fdf4706b3f48f1d95db1a4f5529b4d41/sentence_bert_config.json "HTTP/1.1 200 OK"
2026-08-20 10:20:30,990 | INFO    | HTTP Request: HEAD https://huggingface.co/sentence-transformers/all-MiniLM-L6-v2/resolve/main/sentence_bert_config.json "HTTP/1.1 307 Temporary Redirect"
2026-08-20 10:20:31,000 | INFO    | HTTP Request: HEAD https://huggingface.co/sentence-transformers/all-MiniLM-L6-v2/resolve/main/modules.json "HTTP/1.1 307 Temporary Redirect"
2026-08-20 10:20:31,011 | INFO    | HTTP Request: HEAD https://huggingface.co/api/resolve-cache/models/sentence-transformers/all-MiniLM-L6-v2/1110a243fdf4706b3f48f1d95db1a4f5529b4d41/sentence_bert_config.json "HTTP/1.1 200 OK"
2026-08-20 10:20:31,020 | INFO    | HTTP Request: HEAD https://huggingface.co/api/resolve-cache/models/sentence-transformers/all-MiniLM-L6-v2/1110a243fdf4706b3f48f1d95db1a4f5529b4d41/modules.json "HTTP/1.1 200 OK"
2026-08-20 10:20:31,024 | INFO    | HTTP Request: HEAD https://huggingface.co/sentence-transformers/all-MiniLM-L6-v2/resolve/main/modules.json "HTTP/1.1 307 Temporary Redirect"
2026-08-20 10:20:31,025 | INFO    | HTTP Request: HEAD https://huggingface.co/sentence-transformers/all-MiniLM-L6-v2/resolve/main/sentence_bert_config.json "HTTP/1.1 307 Temporary Redirect"
2026-08-20 10:20:31,045 | INFO    | HTTP Request: HEAD https://huggingface.co/api/resolve-cache/models/sentence-transformers/all-MiniLM-L6-v2/1110a243fdf4706b3f48f1d95db1a4f5529b4d41/modules.json "HTTP/1.1 200 OK"
2026-08-20 10:20:31,047 | INFO    | HTTP Request: HEAD https://huggingface.co/api/resolve-cache/models/sentence-transformers/all-MiniLM-L6-v2/1110a243fdf4706b3f48f1d95db1a4f5529b4d41/sentence_bert_config.json "HTTP/1.1 200 OK"
2026-08-20 10:20:31,072 | INFO    | HTTP Request: HEAD https://huggingface.co/sentence-transformers/all-MiniLM-L6-v2/resolve/main/sentence_bert_config.json "HTTP/1.1 307 Temporary Redirect"
2026-08-20 10:20:31,080 | INFO    | HTTP Request: HEAD https://huggingface.co/sentence-transformers/all-MiniLM-L6-v2/resolve/main/adapter_config.json "HTTP/1.1 404 Not Found"
2026-08-20 10:20:31,093 | INFO    | HTTP Request: HEAD https://huggingface.co/api/resolve-cache/models/sentence-transformers/all-MiniLM-L6-v2/1110a243fdf4706b3f48f1d95db1a4f5529b4d41/sentence_bert_config.json "HTTP/1.1 200 OK"
2026-08-20 10:20:31,107 | INFO    | HTTP Request: HEAD https://huggingface.co/sentence-transformers/all-MiniLM-L6-v2/resolve/main/adapter_config.json "HTTP/1.1 404 Not Found"
2026-08-20 10:20:31,108 | INFO    | HTTP Request: HEAD https://huggingface.co/sentence-transformers/all-MiniLM-L6-v2/resolve/main/adapter_config.json "HTTP/1.1 404 Not Found"
2026-08-20 10:20:31,118 | INFO    | HTTP Request: HEAD https://huggingface.co/sentence-transformers/all-MiniLM-L6-v2/resolve/main/adapter_config.json "HTTP/1.1 404 Not Found"
2026-08-20 10:20:31,134 | INFO    | HTTP Request: HEAD https://huggingface.co/sentence-transformers/all-MiniLM-L6-v2/resolve/main/adapter_config.json "HTTP/1.1 404 Not Found"
2026-08-20 10:20:31,142 | INFO    | HTTP Request: HEAD https://huggingface.co/sentence-transformers/all-MiniLM-L6-v2/resolve/main/sentence_bert_config.json "HTTP/1.1 307 Temporary Redirect"
2026-08-20 10:20:31,145 | INFO    | HTTP Request: HEAD https://huggingface.co/sentence-transformers/all-MiniLM-L6-v2/resolve/main/adapter_config.json "HTTP/1.1 404 Not Found"
2026-08-20 10:20:31,155 | INFO    | HTTP Request: HEAD https://huggingface.co/sentence-transformers/all-MiniLM-L6-v2/resolve/main/sentence_bert_config.json "HTTP/1.1 307 Temporary Redirect"
2026-08-20 10:20:31,156 | INFO    | HTTP Request: HEAD https://huggingface.co/sentence-transformers/all-MiniLM-L6-v2/resolve/main/adapter_config.json "HTTP/1.1 404 Not Found"
2026-08-20 10:20:31,162 | INFO    | HTTP Request: HEAD https://huggingface.co/api/resolve-cache/models/sentence-transformers/all-MiniLM-L6-v2/1110a243fdf4706b3f48f1d95db1a4f5529b4d41/sentence_bert_config.json "HTTP/1.1 200 OK"
2026-08-20 10:20:31,176 | INFO    | HTTP Request: HEAD https://huggingface.co/api/resolve-cache/models/sentence-transformers/all-MiniLM-L6-v2/1110a243fdf4706b3f48f1d95db1a4f5529b4d41/sentence_bert_config.json "HTTP/1.1 200 OK"
2026-08-20 10:20:31,183 | INFO    | HTTP Request: HEAD https://huggingface.co/sentence-transformers/all-MiniLM-L6-v2/resolve/main/adapter_config.json "HTTP/1.1 404 Not Found"
2026-08-20 10:20:31,249 | INFO    | HTTP Request: HEAD https://huggingface.co/sentence-transformers/all-MiniLM-L6-v2/resolve/main/adapter_config.json "HTTP/1.1 404 Not Found"
2026-08-20 10:20:31,273 | INFO    | HTTP Request: HEAD https://huggingface.co/sentence-transformers/all-MiniLM-L6-v2/resolve/main/sentence_bert_config.json "HTTP/1.1 307 Temporary Redirect"
2026-08-20 10:20:31,288 | INFO    | HTTP Request: HEAD https://huggingface.co/sentence-transformers/all-MiniLM-L6-v2/resolve/main/sentence_bert_config.json "HTTP/1.1 307 Temporary Redirect"
2026-08-20 10:20:31,293 | INFO    | HTTP Request: HEAD https://huggingface.co/api/resolve-cache/models/sentence-transformers/all-MiniLM-L6-v2/1110a243fdf4706b3f48f1d95db1a4f5529b4d41/sentence_bert_config.json "HTTP/1.1 200 OK"
2026-08-20 10:20:31,309 | INFO    | HTTP Request: HEAD https://huggingface.co/api/resolve-cache/models/sentence-transformers/all-MiniLM-L6-v2/1110a243fdf4706b3f48f1d95db1a4f5529b4d41/sentence_bert_config.json "HTTP/1.1 200 OK"
2026-08-20 10:20:31,318 | INFO    | HTTP Request: HEAD https://huggingface.co/sentence-transformers/all-MiniLM-L6-v2/resolve/main/config.json "HTTP/1.1 307 Temporary Redirect"
2026-08-20 10:20:31,334 | INFO    | HTTP Request: HEAD https://huggingface.co/sentence-transformers/all-MiniLM-L6-v2/resolve/main/adapter_config.json "HTTP/1.1 404 Not Found"
2026-08-20 10:20:31,335 | INFO    | HTTP Request: HEAD https://huggingface.co/sentence-transformers/all-MiniLM-L6-v2/resolve/main/adapter_config.json "HTTP/1.1 404 Not Found"
2026-08-20 10:20:31,338 | INFO    | HTTP Request: HEAD https://huggingface.co/api/resolve-cache/models/sentence-transformers/all-MiniLM-L6-v2/1110a243fdf4706b3f48f1d95db1a4f5529b4d41/config.json "HTTP/1.1 200 OK"
2026-08-20 10:20:31,355 | INFO    | HTTP Request: HEAD https://huggingface.co/sentence-transformers/all-MiniLM-L6-v2/resolve/main/config.json "HTTP/1.1 307 Temporary Redirect"
2026-08-20 10:20:31,381 | INFO    | HTTP Request: HEAD https://huggingface.co/api/resolve-cache/models/sentence-transformers/all-MiniLM-L6-v2/1110a243fdf4706b3f48f1d95db1a4f5529b4d41/config.json "HTTP/1.1 200 OK"
2026-08-20 10:20:31,389 | INFO    | HTTP Request: HEAD https://huggingface.co/sentence-transformers/all-MiniLM-L6-v2/resolve/main/config.json "HTTP/1.1 307 Temporary Redirect"
2026-08-20 10:20:31,397 | INFO    | HTTP Request: HEAD https://huggingface.co/sentence-transformers/all-MiniLM-L6-v2/resolve/main/config.json "HTTP/1.1 307 Temporary Redirect"
2026-08-20 10:20:31,397 | INFO    | HTTP Request: HEAD https://huggingface.co/sentence-transformers/all-MiniLM-L6-v2/resolve/main/config.json "HTTP/1.1 307 Temporary Redirect"
2026-08-20 10:20:31,404 | INFO    | HTTP Request: HEAD https://huggingface.co/sentence-transformers/all-MiniLM-L6-v2/resolve/main/adapter_config.json "HTTP/1.1 404 Not Found"
2026-08-20 10:20:31,405 | INFO    | HTTP Request: HEAD https://huggingface.co/sentence-transformers/all-MiniLM-L6-v2/resolve/main/config.json "HTTP/1.1 307 Temporary Redirect"
2026-08-20 10:20:31,411 | INFO    | HTTP Request: HEAD https://huggingface.co/api/resolve-cache/models/sentence-transformers/all-MiniLM-L6-v2/1110a243fdf4706b3f48f1d95db1a4f5529b4d41/config.json "HTTP/1.1 200 OK"
2026-08-20 10:20:31,423 | INFO    | HTTP Request: HEAD https://huggingface.co/api/resolve-cache/models/sentence-transformers/all-MiniLM-L6-v2/1110a243fdf4706b3f48f1d95db1a4f5529b4d41/config.json "HTTP/1.1 200 OK"
2026-08-20 10:20:31,424 | INFO    | HTTP Request: HEAD https://huggingface.co/sentence-transformers/all-MiniLM-L6-v2/resolve/main/config.json "HTTP/1.1 307 Temporary Redirect"
2026-08-20 10:20:31,424 | INFO    | HTTP Request: HEAD https://huggingface.co/api/resolve-cache/models/sentence-transformers/all-MiniLM-L6-v2/1110a243fdf4706b3f48f1d95db1a4f5529b4d41/config.json "HTTP/1.1 200 OK"
2026-08-20 10:20:31,431 | INFO    | HTTP Request: HEAD https://huggingface.co/api/resolve-cache/models/sentence-transformers/all-MiniLM-L6-v2/1110a243fdf4706b3f48f1d95db1a4f5529b4d41/config.json "HTTP/1.1 200 OK"
2026-08-20 10:20:31,454 | INFO    | HTTP Request: HEAD https://huggingface.co/api/resolve-cache/models/sentence-transformers/all-MiniLM-L6-v2/1110a243fdf4706b3f48f1d95db1a4f5529b4d41/config.json "HTTP/1.1 200 OK"
2026-08-20 10:20:31,468 | INFO    | HTTP Request: HEAD https://huggingface.co/sentence-transformers/all-MiniLM-L6-v2/resolve/main/adapter_config.json "HTTP/1.1 404 Not Found"
2026-08-20 10:20:31,484 | INFO    | HTTP Request: HEAD https://huggingface.co/sentence-transformers/all-MiniLM-L6-v2/resolve/main/config.json "HTTP/1.1 307 Temporary Redirect"
2026-08-20 10:20:31,500 | INFO    | HTTP Request: HEAD https://huggingface.co/sentence-transformers/all-MiniLM-L6-v2/resolve/main/config.json "HTTP/1.1 307 Temporary Redirect"
2026-08-20 10:20:31,508 | INFO    | HTTP Request: HEAD https://huggingface.co/api/resolve-cache/models/sentence-transformers/all-MiniLM-L6-v2/1110a243fdf4706b3f48f1d95db1a4f5529b4d41/config.json "HTTP/1.1 200 OK"
2026-08-20 10:20:31,531 | INFO    | HTTP Request: HEAD https://huggingface.co/api/resolve-cache/models/sentence-transformers/all-MiniLM-L6-v2/1110a243fdf4706b3f48f1d95db1a4f5529b4d41/config.json "HTTP/1.1 200 OK"
2026-08-20 10:20:31,544 | INFO    | HTTP Request: HEAD https://huggingface.co/sentence-transformers/all-MiniLM-L6-v2/resolve/main/adapter_config.json "HTTP/1.1 404 Not Found"
2026-08-20 10:20:31,556 | INFO    | HTTP Request: HEAD https://huggingface.co/sentence-transformers/all-MiniLM-L6-v2/resolve/main/adapter_config.json "HTTP/1.1 404 Not Found"
2026-08-20 10:20:31,575 | INFO    | HTTP Request: HEAD https://huggingface.co/sentence-transformers/all-MiniLM-L6-v2/resolve/main/config.json "HTTP/1.1 307 Temporary Redirect"
2026-08-20 10:20:31,581 | INFO    | HTTP Request: HEAD https://huggingface.co/sentence-transformers/all-MiniLM-L6-v2/resolve/main/config.json "HTTP/1.1 307 Temporary Redirect"
2026-08-20 10:20:31,610 | INFO    | HTTP Request: HEAD https://huggingface.co/api/resolve-cache/models/sentence-transformers/all-MiniLM-L6-v2/1110a243fdf4706b3f48f1d95db1a4f5529b4d41/config.json "HTTP/1.1 200 OK"
2026-08-20 10:20:31,613 | INFO    | HTTP Request: HEAD https://huggingface.co/api/resolve-cache/models/sentence-transformers/all-MiniLM-L6-v2/1110a243fdf4706b3f48f1d95db1a4f5529b4d41/config.json "HTTP/1.1 200 OK"
2026-08-20 10:20:31,686 | INFO    | HTTP Request: HEAD https://huggingface.co/sentence-transformers/all-MiniLM-L6-v2/resolve/main/config.json "HTTP/1.1 307 Temporary Redirect"
2026-08-20 10:20:31,731 | INFO    | HTTP Request: HEAD https://huggingface.co/api/resolve-cache/models/sentence-transformers/all-MiniLM-L6-v2/1110a243fdf4706b3f48f1d95db1a4f5529b4d41/config.json "HTTP/1.1 200 OK"
2026-08-20 10:20:31,739 | INFO    | HTTP Request: HEAD https://huggingface.co/sentence-transformers/all-MiniLM-L6-v2/resolve/main/config.json "HTTP/1.1 307 Temporary Redirect"
2026-08-20 10:20:31,763 | INFO    | HTTP Request: HEAD https://huggingface.co/api/resolve-cache/models/sentence-transformers/all-MiniLM-L6-v2/1110a243fdf4706b3f48f1d95db1a4f5529b4d41/config.json "HTTP/1.1 200 OK"
2026-08-20 10:20:31,818 | INFO    | HTTP Request: HEAD https://huggingface.co/sentence-transformers/all-MiniLM-L6-v2/resolve/main/config.json "HTTP/1.1 307 Temporary Redirect"
2026-08-20 10:20:31,866 | INFO    | HTTP Request: HEAD https://huggingface.co/api/resolve-cache/models/sentence-transformers/all-MiniLM-L6-v2/1110a243fdf4706b3f48f1d95db1a4f5529b4d41/config.json "HTTP/1.1 200 OK"
2026-08-20 10:20:31,876 | INFO    | HTTP Request: HEAD https://huggingface.co/sentence-transformers/all-MiniLM-L6-v2/resolve/main/config.json "HTTP/1.1 307 Temporary Redirect"
2026-08-20 10:20:31,913 | INFO    | HTTP Request: HEAD https://huggingface.co/api/resolve-cache/models/sentence-transformers/all-MiniLM-L6-v2/1110a243fdf4706b3f48f1d95db1a4f5529b4d41/config.json "HTTP/1.1 200 OK"
2026-08-20 10:20:32,100 | INFO    | HTTP Request: HEAD https://huggingface.co/sentence-transformers/all-MiniLM-L6-v2/resolve/main/processor_config.json "HTTP/1.1 404 Not Found"
2026-08-20 10:20:32,135 | INFO    | HTTP Request: HEAD https://huggingface.co/sentence-transformers/all-MiniLM-L6-v2/resolve/main/processor_config.json "HTTP/1.1 404 Not Found"
2026-08-20 10:20:32,183 | INFO    | HTTP Request: HEAD https://huggingface.co/sentence-transformers/all-MiniLM-L6-v2/resolve/main/processor_config.json "HTTP/1.1 404 Not Found"
2026-08-20 10:20:32,205 | INFO    | HTTP Request: HEAD https://huggingface.co/sentence-transformers/all-MiniLM-L6-v2/resolve/main/processor_config.json "HTTP/1.1 404 Not Found"
2026-08-20 10:20:32,241 | INFO    | HTTP Request: HEAD https://huggingface.co/sentence-transformers/all-MiniLM-L6-v2/resolve/main/processor_config.json "HTTP/1.1 404 Not Found"
2026-08-20 10:20:32,248 | INFO    | HTTP Request: HEAD https://huggingface.co/sentence-transformers/all-MiniLM-L6-v2/resolve/main/processor_config.json "HTTP/1.1 404 Not Found"
2026-08-20 10:20:32,276 | INFO    | HTTP Request: HEAD https://huggingface.co/sentence-transformers/all-MiniLM-L6-v2/resolve/main/processor_config.json "HTTP/1.1 404 Not Found"
2026-08-20 10:20:32,334 | INFO    | HTTP Request: HEAD https://huggingface.co/sentence-transformers/all-MiniLM-L6-v2/resolve/main/processor_config.json "HTTP/1.1 404 Not Found"
2026-08-20 10:20:32,362 | INFO    | HTTP Request: HEAD https://huggingface.co/sentence-transformers/all-MiniLM-L6-v2/resolve/main/preprocessor_config.json "HTTP/1.1 404 Not Found"
2026-08-20 10:20:32,388 | INFO    | HTTP Request: HEAD https://huggingface.co/sentence-transformers/all-MiniLM-L6-v2/resolve/main/preprocessor_config.json "HTTP/1.1 404 Not Found"
2026-08-20 10:20:32,454 | INFO    | HTTP Request: HEAD https://huggingface.co/sentence-transformers/all-MiniLM-L6-v2/resolve/main/preprocessor_config.json "HTTP/1.1 404 Not Found"
2026-08-20 10:20:32,456 | INFO    | HTTP Request: HEAD https://huggingface.co/sentence-transformers/all-MiniLM-L6-v2/resolve/main/processor_config.json "HTTP/1.1 404 Not Found"
2026-08-20 10:20:32,471 | INFO    | HTTP Request: HEAD https://huggingface.co/sentence-transformers/all-MiniLM-L6-v2/resolve/main/processor_config.json "HTTP/1.1 404 Not Found"
2026-08-20 10:20:32,489 | INFO    | HTTP Request: HEAD https://huggingface.co/sentence-transformers/all-MiniLM-L6-v2/resolve/main/preprocessor_config.json "HTTP/1.1 404 Not Found"
2026-08-20 10:20:32,494 | INFO    | HTTP Request: HEAD https://huggingface.co/sentence-transformers/all-MiniLM-L6-v2/resolve/main/preprocessor_config.json "HTTP/1.1 404 Not Found"
2026-08-20 10:20:32,498 | INFO    | HTTP Request: HEAD https://huggingface.co/sentence-transformers/all-MiniLM-L6-v2/resolve/main/processor_config.json "HTTP/1.1 404 Not Found"
2026-08-20 10:20:32,508 | INFO    | HTTP Request: HEAD https://huggingface.co/sentence-transformers/all-MiniLM-L6-v2/resolve/main/preprocessor_config.json "HTTP/1.1 404 Not Found"
2026-08-20 10:20:32,513 | INFO    | HTTP Request: HEAD https://huggingface.co/sentence-transformers/all-MiniLM-L6-v2/resolve/main/processor_config.json "HTTP/1.1 404 Not Found"
2026-08-20 10:20:32,515 | INFO    | HTTP Request: HEAD https://huggingface.co/sentence-transformers/all-MiniLM-L6-v2/resolve/main/preprocessor_config.json "HTTP/1.1 404 Not Found"
2026-08-20 10:20:32,517 | INFO    | HTTP Request: HEAD https://huggingface.co/sentence-transformers/all-MiniLM-L6-v2/resolve/main/processor_config.json "HTTP/1.1 404 Not Found"
2026-08-20 10:20:32,518 | INFO    | HTTP Request: HEAD https://huggingface.co/sentence-transformers/all-MiniLM-L6-v2/resolve/main/processor_config.json "HTTP/1.1 404 Not Found"
2026-08-20 10:20:32,601 | INFO    | HTTP Request: HEAD https://huggingface.co/sentence-transformers/all-MiniLM-L6-v2/resolve/main/video_preprocessor_config.json "HTTP/1.1 404 Not Found"
2026-08-20 10:20:32,625 | INFO    | HTTP Request: HEAD https://huggingface.co/sentence-transformers/all-MiniLM-L6-v2/resolve/main/video_preprocessor_config.json "HTTP/1.1 404 Not Found"
2026-08-20 10:20:32,662 | INFO    | HTTP Request: HEAD https://huggingface.co/sentence-transformers/all-MiniLM-L6-v2/resolve/main/processor_config.json "HTTP/1.1 404 Not Found"
2026-08-20 10:20:32,696 | INFO    | HTTP Request: HEAD https://huggingface.co/sentence-transformers/all-MiniLM-L6-v2/resolve/main/video_preprocessor_config.json "HTTP/1.1 404 Not Found"
2026-08-20 10:20:32,700 | INFO    | HTTP Request: HEAD https://huggingface.co/sentence-transformers/all-MiniLM-L6-v2/resolve/main/preprocessor_config.json "HTTP/1.1 404 Not Found"
2026-08-20 10:20:32,705 | INFO    | HTTP Request: HEAD https://huggingface.co/sentence-transformers/all-MiniLM-L6-v2/resolve/main/preprocessor_config.json "HTTP/1.1 404 Not Found"
2026-08-20 10:20:32,724 | INFO    | HTTP Request: HEAD https://huggingface.co/sentence-transformers/all-MiniLM-L6-v2/resolve/main/preprocessor_config.json "HTTP/1.1 404 Not Found"
2026-08-20 10:20:32,733 | INFO    | HTTP Request: HEAD https://huggingface.co/sentence-transformers/all-MiniLM-L6-v2/resolve/main/video_preprocessor_config.json "HTTP/1.1 404 Not Found"
2026-08-20 10:20:32,741 | INFO    | HTTP Request: HEAD https://huggingface.co/sentence-transformers/all-MiniLM-L6-v2/resolve/main/preprocessor_config.json "HTTP/1.1 404 Not Found"
2026-08-20 10:20:32,744 | INFO    | HTTP Request: HEAD https://huggingface.co/sentence-transformers/all-MiniLM-L6-v2/resolve/main/video_preprocessor_config.json "HTTP/1.1 404 Not Found"
2026-08-20 10:20:32,750 | INFO    | HTTP Request: HEAD https://huggingface.co/sentence-transformers/all-MiniLM-L6-v2/resolve/main/video_preprocessor_config.json "HTTP/1.1 404 Not Found"
2026-08-20 10:20:32,753 | INFO    | HTTP Request: HEAD https://huggingface.co/sentence-transformers/all-MiniLM-L6-v2/resolve/main/preprocessor_config.json "HTTP/1.1 404 Not Found"
2026-08-20 10:20:32,765 | INFO    | HTTP Request: HEAD https://huggingface.co/sentence-transformers/all-MiniLM-L6-v2/resolve/main/preprocessor_config.json "HTTP/1.1 404 Not Found"
2026-08-20 10:20:32,796 | INFO    | HTTP Request: HEAD https://huggingface.co/sentence-transformers/all-MiniLM-L6-v2/resolve/main/preprocessor_config.json "HTTP/1.1 404 Not Found"
2026-08-20 10:20:32,802 | INFO    | HTTP Request: HEAD https://huggingface.co/sentence-transformers/all-MiniLM-L6-v2/resolve/main/video_preprocessor_config.json "HTTP/1.1 404 Not Found"
2026-08-20 10:20:32,842 | INFO    | HTTP Request: HEAD https://huggingface.co/sentence-transformers/all-MiniLM-L6-v2/resolve/main/preprocessor_config.json "HTTP/1.1 404 Not Found"
2026-08-20 10:20:32,862 | INFO    | HTTP Request: HEAD https://huggingface.co/sentence-transformers/all-MiniLM-L6-v2/resolve/main/preprocessor_config.json "HTTP/1.1 404 Not Found"
2026-08-20 10:20:32,901 | INFO    | HTTP Request: HEAD https://huggingface.co/sentence-transformers/all-MiniLM-L6-v2/resolve/main/preprocessor_config.json "HTTP/1.1 404 Not Found"
2026-08-20 10:20:32,944 | INFO    | HTTP Request: HEAD https://huggingface.co/sentence-transformers/all-MiniLM-L6-v2/resolve/main/video_preprocessor_config.json "HTTP/1.1 404 Not Found"
2026-08-20 10:20:32,954 | INFO    | HTTP Request: HEAD https://huggingface.co/sentence-transformers/all-MiniLM-L6-v2/resolve/main/preprocessor_config.json "HTTP/1.1 404 Not Found"
2026-08-20 10:20:32,962 | INFO    | HTTP Request: HEAD https://huggingface.co/sentence-transformers/all-MiniLM-L6-v2/resolve/main/video_preprocessor_config.json "HTTP/1.1 404 Not Found"
2026-08-20 10:20:32,964 | INFO    | HTTP Request: HEAD https://huggingface.co/sentence-transformers/all-MiniLM-L6-v2/resolve/main/video_preprocessor_config.json "HTTP/1.1 404 Not Found"
2026-08-20 10:20:32,988 | INFO    | HTTP Request: HEAD https://huggingface.co/sentence-transformers/all-MiniLM-L6-v2/resolve/main/preprocessor_config.json "HTTP/1.1 404 Not Found"
2026-08-20 10:20:32,990 | INFO    | HTTP Request: HEAD https://huggingface.co/sentence-transformers/all-MiniLM-L6-v2/resolve/main/video_preprocessor_config.json "HTTP/1.1 404 Not Found"
2026-08-20 10:20:33,004 | INFO    | HTTP Request: HEAD https://huggingface.co/sentence-transformers/all-MiniLM-L6-v2/resolve/main/video_preprocessor_config.json "HTTP/1.1 404 Not Found"
2026-08-20 10:20:33,031 | INFO    | HTTP Request: HEAD https://huggingface.co/sentence-transformers/all-MiniLM-L6-v2/resolve/main/video_preprocessor_config.json "HTTP/1.1 404 Not Found"
2026-08-20 10:20:33,050 | INFO    | HTTP Request: HEAD https://huggingface.co/sentence-transformers/all-MiniLM-L6-v2/resolve/main/preprocessor_config.json "HTTP/1.1 404 Not Found"
2026-08-20 10:20:33,063 | INFO    | HTTP Request: HEAD https://huggingface.co/sentence-transformers/all-MiniLM-L6-v2/resolve/main/preprocessor_config.json "HTTP/1.1 404 Not Found"
2026-08-20 10:20:33,064 | INFO    | HTTP Request: HEAD https://huggingface.co/sentence-transformers/all-MiniLM-L6-v2/resolve/main/preprocessor_config.json "HTTP/1.1 404 Not Found"
2026-08-20 10:20:33,127 | INFO    | HTTP Request: HEAD https://huggingface.co/sentence-transformers/all-MiniLM-L6-v2/resolve/main/tokenizer_config.json "HTTP/1.1 307 Temporary Redirect"
2026-08-20 10:20:33,141 | INFO    | HTTP Request: HEAD https://huggingface.co/sentence-transformers/all-MiniLM-L6-v2/resolve/main/video_preprocessor_config.json "HTTP/1.1 404 Not Found"
2026-08-20 10:20:33,143 | INFO    | HTTP Request: HEAD https://huggingface.co/sentence-transformers/all-MiniLM-L6-v2/resolve/main/tokenizer_config.json "HTTP/1.1 307 Temporary Redirect"
2026-08-20 10:20:33,147 | INFO    | HTTP Request: HEAD https://huggingface.co/api/resolve-cache/models/sentence-transformers/all-MiniLM-L6-v2/1110a243fdf4706b3f48f1d95db1a4f5529b4d41/tokenizer_config.json "HTTP/1.1 200 OK"
2026-08-20 10:20:33,165 | INFO    | HTTP Request: HEAD https://huggingface.co/api/resolve-cache/models/sentence-transformers/all-MiniLM-L6-v2/1110a243fdf4706b3f48f1d95db1a4f5529b4d41/tokenizer_config.json "HTTP/1.1 200 OK"
2026-08-20 10:20:33,184 | INFO    | HTTP Request: HEAD https://huggingface.co/sentence-transformers/all-MiniLM-L6-v2/resolve/main/preprocessor_config.json "HTTP/1.1 404 Not Found"
2026-08-20 10:20:33,191 | INFO    | HTTP Request: HEAD https://huggingface.co/sentence-transformers/all-MiniLM-L6-v2/resolve/main/tokenizer_config.json "HTTP/1.1 307 Temporary Redirect"
2026-08-20 10:20:33,212 | INFO    | HTTP Request: HEAD https://huggingface.co/api/resolve-cache/models/sentence-transformers/all-MiniLM-L6-v2/1110a243fdf4706b3f48f1d95db1a4f5529b4d41/tokenizer_config.json "HTTP/1.1 200 OK"
2026-08-20 10:20:33,222 | INFO    | HTTP Request: HEAD https://huggingface.co/sentence-transformers/all-MiniLM-L6-v2/resolve/main/preprocessor_config.json "HTTP/1.1 404 Not Found"
2026-08-20 10:20:33,227 | INFO    | HTTP Request: HEAD https://huggingface.co/sentence-transformers/all-MiniLM-L6-v2/resolve/main/tokenizer_config.json "HTTP/1.1 307 Temporary Redirect"
2026-08-20 10:20:33,230 | INFO    | HTTP Request: HEAD https://huggingface.co/sentence-transformers/all-MiniLM-L6-v2/resolve/main/preprocessor_config.json "HTTP/1.1 404 Not Found"
2026-08-20 10:20:33,240 | INFO    | HTTP Request: HEAD https://huggingface.co/sentence-transformers/all-MiniLM-L6-v2/resolve/main/preprocessor_config.json "HTTP/1.1 404 Not Found"
2026-08-20 10:20:33,241 | INFO    | HTTP Request: HEAD https://huggingface.co/sentence-transformers/all-MiniLM-L6-v2/resolve/main/preprocessor_config.json "HTTP/1.1 404 Not Found"
2026-08-20 10:20:33,248 | INFO    | HTTP Request: HEAD https://huggingface.co/api/resolve-cache/models/sentence-transformers/all-MiniLM-L6-v2/1110a243fdf4706b3f48f1d95db1a4f5529b4d41/tokenizer_config.json "HTTP/1.1 200 OK"
2026-08-20 10:20:33,300 | INFO    | HTTP Request: HEAD https://huggingface.co/sentence-transformers/all-MiniLM-L6-v2/resolve/main/tokenizer_config.json "HTTP/1.1 307 Temporary Redirect"
2026-08-20 10:20:33,301 | INFO    | HTTP Request: HEAD https://huggingface.co/sentence-transformers/all-MiniLM-L6-v2/resolve/main/preprocessor_config.json "HTTP/1.1 404 Not Found"
2026-08-20 10:20:33,304 | INFO    | HTTP Request: HEAD https://huggingface.co/sentence-transformers/all-MiniLM-L6-v2/resolve/main/tokenizer_config.json "HTTP/1.1 307 Temporary Redirect"
2026-08-20 10:20:33,309 | INFO    | HTTP Request: HEAD https://huggingface.co/sentence-transformers/all-MiniLM-L6-v2/resolve/main/video_preprocessor_config.json "HTTP/1.1 404 Not Found"
2026-08-20 10:20:33,313 | INFO    | HTTP Request: HEAD https://huggingface.co/sentence-transformers/all-MiniLM-L6-v2/resolve/main/tokenizer_config.json "HTTP/1.1 307 Temporary Redirect"
2026-08-20 10:20:33,320 | INFO    | HTTP Request: HEAD https://huggingface.co/api/resolve-cache/models/sentence-transformers/all-MiniLM-L6-v2/1110a243fdf4706b3f48f1d95db1a4f5529b4d41/tokenizer_config.json "HTTP/1.1 200 OK"
2026-08-20 10:20:33,323 | INFO    | HTTP Request: HEAD https://huggingface.co/api/resolve-cache/models/sentence-transformers/all-MiniLM-L6-v2/1110a243fdf4706b3f48f1d95db1a4f5529b4d41/tokenizer_config.json "HTTP/1.1 200 OK"
2026-08-20 10:20:33,333 | INFO    | HTTP Request: HEAD https://huggingface.co/api/resolve-cache/models/sentence-transformers/all-MiniLM-L6-v2/1110a243fdf4706b3f48f1d95db1a4f5529b4d41/tokenizer_config.json "HTTP/1.1 200 OK"
2026-08-20 10:20:33,390 | INFO    | HTTP Request: HEAD https://huggingface.co/sentence-transformers/all-MiniLM-L6-v2/resolve/main/config.json "HTTP/1.1 307 Temporary Redirect"
2026-08-20 10:20:33,394 | INFO    | HTTP Request: HEAD https://huggingface.co/sentence-transformers/all-MiniLM-L6-v2/resolve/main/preprocessor_config.json "HTTP/1.1 404 Not Found"
2026-08-20 10:20:33,413 | INFO    | HTTP Request: HEAD https://huggingface.co/api/resolve-cache/models/sentence-transformers/all-MiniLM-L6-v2/1110a243fdf4706b3f48f1d95db1a4f5529b4d41/config.json "HTTP/1.1 200 OK"
2026-08-20 10:20:33,424 | INFO    | HTTP Request: HEAD https://huggingface.co/sentence-transformers/all-MiniLM-L6-v2/resolve/main/tokenizer_config.json "HTTP/1.1 307 Temporary Redirect"
2026-08-20 10:20:33,438 | INFO    | HTTP Request: HEAD https://huggingface.co/sentence-transformers/all-MiniLM-L6-v2/resolve/main/config.json "HTTP/1.1 307 Temporary Redirect"
2026-08-20 10:20:33,444 | INFO    | HTTP Request: HEAD https://huggingface.co/api/resolve-cache/models/sentence-transformers/all-MiniLM-L6-v2/1110a243fdf4706b3f48f1d95db1a4f5529b4d41/tokenizer_config.json "HTTP/1.1 200 OK"
2026-08-20 10:20:33,448 | INFO    | HTTP Request: HEAD https://huggingface.co/sentence-transformers/all-MiniLM-L6-v2/resolve/main/config.json "HTTP/1.1 307 Temporary Redirect"
2026-08-20 10:20:33,458 | INFO    | HTTP Request: HEAD https://huggingface.co/api/resolve-cache/models/sentence-transformers/all-MiniLM-L6-v2/1110a243fdf4706b3f48f1d95db1a4f5529b4d41/config.json "HTTP/1.1 200 OK"
2026-08-20 10:20:33,468 | INFO    | HTTP Request: HEAD https://huggingface.co/api/resolve-cache/models/sentence-transformers/all-MiniLM-L6-v2/1110a243fdf4706b3f48f1d95db1a4f5529b4d41/config.json "HTTP/1.1 200 OK"
2026-08-20 10:20:33,481 | INFO    | HTTP Request: HEAD https://huggingface.co/sentence-transformers/all-MiniLM-L6-v2/resolve/main/tokenizer_config.json "HTTP/1.1 307 Temporary Redirect"
2026-08-20 10:20:33,484 | INFO    | HTTP Request: HEAD https://huggingface.co/sentence-transformers/all-MiniLM-L6-v2/resolve/main/tokenizer_config.json "HTTP/1.1 307 Temporary Redirect"
2026-08-20 10:20:33,491 | INFO    | HTTP Request: HEAD https://huggingface.co/sentence-transformers/all-MiniLM-L6-v2/resolve/main/config.json "HTTP/1.1 307 Temporary Redirect"
2026-08-20 10:20:33,501 | INFO    | HTTP Request: HEAD https://huggingface.co/api/resolve-cache/models/sentence-transformers/all-MiniLM-L6-v2/1110a243fdf4706b3f48f1d95db1a4f5529b4d41/tokenizer_config.json "HTTP/1.1 200 OK"
2026-08-20 10:20:33,504 | INFO    | HTTP Request: HEAD https://huggingface.co/api/resolve-cache/models/sentence-transformers/all-MiniLM-L6-v2/1110a243fdf4706b3f48f1d95db1a4f5529b4d41/tokenizer_config.json "HTTP/1.1 200 OK"
2026-08-20 10:20:33,511 | INFO    | HTTP Request: HEAD https://huggingface.co/api/resolve-cache/models/sentence-transformers/all-MiniLM-L6-v2/1110a243fdf4706b3f48f1d95db1a4f5529b4d41/config.json "HTTP/1.1 200 OK"
2026-08-20 10:20:33,525 | INFO    | HTTP Request: HEAD https://huggingface.co/sentence-transformers/all-MiniLM-L6-v2/resolve/main/tokenizer_config.json "HTTP/1.1 307 Temporary Redirect"
2026-08-20 10:20:33,537 | INFO    | HTTP Request: HEAD https://huggingface.co/sentence-transformers/all-MiniLM-L6-v2/resolve/main/tokenizer_config.json "HTTP/1.1 307 Temporary Redirect"
2026-08-20 10:20:33,544 | INFO    | HTTP Request: HEAD https://huggingface.co/api/resolve-cache/models/sentence-transformers/all-MiniLM-L6-v2/1110a243fdf4706b3f48f1d95db1a4f5529b4d41/tokenizer_config.json "HTTP/1.1 200 OK"
2026-08-20 10:20:33,550 | INFO    | HTTP Request: HEAD https://huggingface.co/sentence-transformers/all-MiniLM-L6-v2/resolve/main/preprocessor_config.json "HTTP/1.1 404 Not Found"
2026-08-20 10:20:33,556 | INFO    | HTTP Request: HEAD https://huggingface.co/sentence-transformers/all-MiniLM-L6-v2/resolve/main/config.json "HTTP/1.1 307 Temporary Redirect"
2026-08-20 10:20:33,557 | INFO    | HTTP Request: HEAD https://huggingface.co/api/resolve-cache/models/sentence-transformers/all-MiniLM-L6-v2/1110a243fdf4706b3f48f1d95db1a4f5529b4d41/tokenizer_config.json "HTTP/1.1 200 OK"
2026-08-20 10:20:33,558 | INFO    | HTTP Request: HEAD https://huggingface.co/sentence-transformers/all-MiniLM-L6-v2/resolve/main/config.json "HTTP/1.1 307 Temporary Redirect"
2026-08-20 10:20:33,576 | INFO    | HTTP Request: HEAD https://huggingface.co/api/resolve-cache/models/sentence-transformers/all-MiniLM-L6-v2/1110a243fdf4706b3f48f1d95db1a4f5529b4d41/config.json "HTTP/1.1 200 OK"
2026-08-20 10:20:33,579 | INFO    | HTTP Request: HEAD https://huggingface.co/api/resolve-cache/models/sentence-transformers/all-MiniLM-L6-v2/1110a243fdf4706b3f48f1d95db1a4f5529b4d41/config.json "HTTP/1.1 200 OK"
2026-08-20 10:20:33,594 | INFO    | HTTP Request: HEAD https://huggingface.co/sentence-transformers/all-MiniLM-L6-v2/resolve/main/config.json "HTTP/1.1 307 Temporary Redirect"
2026-08-20 10:20:33,607 | INFO    | HTTP Request: HEAD https://huggingface.co/sentence-transformers/all-MiniLM-L6-v2/resolve/main/tokenizer_config.json "HTTP/1.1 307 Temporary Redirect"
2026-08-20 10:20:33,616 | INFO    | HTTP Request: HEAD https://huggingface.co/api/resolve-cache/models/sentence-transformers/all-MiniLM-L6-v2/1110a243fdf4706b3f48f1d95db1a4f5529b4d41/config.json "HTTP/1.1 200 OK"
2026-08-20 10:20:33,628 | INFO    | HTTP Request: HEAD https://huggingface.co/api/resolve-cache/models/sentence-transformers/all-MiniLM-L6-v2/1110a243fdf4706b3f48f1d95db1a4f5529b4d41/tokenizer_config.json "HTTP/1.1 200 OK"
2026-08-20 10:20:33,691 | INFO    | HTTP Request: HEAD https://huggingface.co/sentence-transformers/all-MiniLM-L6-v2/resolve/main/tokenizer_config.json "HTTP/1.1 307 Temporary Redirect"
2026-08-20 10:20:33,695 | INFO    | HTTP Request: HEAD https://huggingface.co/sentence-transformers/all-MiniLM-L6-v2/resolve/main/config.json "HTTP/1.1 307 Temporary Redirect"
2026-08-20 10:20:33,703 | INFO    | HTTP Request: HEAD https://huggingface.co/sentence-transformers/all-MiniLM-L6-v2/resolve/main/config.json "HTTP/1.1 307 Temporary Redirect"
2026-08-20 10:20:33,711 | INFO    | HTTP Request: HEAD https://huggingface.co/api/resolve-cache/models/sentence-transformers/all-MiniLM-L6-v2/1110a243fdf4706b3f48f1d95db1a4f5529b4d41/tokenizer_config.json "HTTP/1.1 200 OK"
2026-08-20 10:20:33,714 | INFO    | HTTP Request: HEAD https://huggingface.co/api/resolve-cache/models/sentence-transformers/all-MiniLM-L6-v2/1110a243fdf4706b3f48f1d95db1a4f5529b4d41/config.json "HTTP/1.1 200 OK"
2026-08-20 10:20:33,721 | INFO    | HTTP Request: HEAD https://huggingface.co/sentence-transformers/all-MiniLM-L6-v2/resolve/main/config.json "HTTP/1.1 307 Temporary Redirect"
2026-08-20 10:20:33,723 | INFO    | HTTP Request: HEAD https://huggingface.co/api/resolve-cache/models/sentence-transformers/all-MiniLM-L6-v2/1110a243fdf4706b3f48f1d95db1a4f5529b4d41/config.json "HTTP/1.1 200 OK"
2026-08-20 10:20:33,726 | INFO    | HTTP Request: HEAD https://huggingface.co/sentence-transformers/all-MiniLM-L6-v2/resolve/main/config.json "HTTP/1.1 307 Temporary Redirect"
2026-08-20 10:20:33,739 | INFO    | HTTP Request: HEAD https://huggingface.co/sentence-transformers/all-MiniLM-L6-v2/resolve/main/config.json "HTTP/1.1 307 Temporary Redirect"
2026-08-20 10:20:33,741 | INFO    | HTTP Request: HEAD https://huggingface.co/api/resolve-cache/models/sentence-transformers/all-MiniLM-L6-v2/1110a243fdf4706b3f48f1d95db1a4f5529b4d41/config.json "HTTP/1.1 200 OK"
2026-08-20 10:20:33,745 | INFO    | HTTP Request: HEAD https://huggingface.co/api/resolve-cache/models/sentence-transformers/all-MiniLM-L6-v2/1110a243fdf4706b3f48f1d95db1a4f5529b4d41/config.json "HTTP/1.1 200 OK"
2026-08-20 10:20:33,755 | INFO    | HTTP Request: HEAD https://huggingface.co/sentence-transformers/all-MiniLM-L6-v2/resolve/main/config.json "HTTP/1.1 307 Temporary Redirect"
2026-08-20 10:20:33,759 | INFO    | HTTP Request: HEAD https://huggingface.co/api/resolve-cache/models/sentence-transformers/all-MiniLM-L6-v2/1110a243fdf4706b3f48f1d95db1a4f5529b4d41/config.json "HTTP/1.1 200 OK"
2026-08-20 10:20:33,770 | INFO    | HTTP Request: HEAD https://huggingface.co/sentence-transformers/all-MiniLM-L6-v2/resolve/main/config.json "HTTP/1.1 307 Temporary Redirect"
2026-08-20 10:20:33,775 | INFO    | HTTP Request: HEAD https://huggingface.co/api/resolve-cache/models/sentence-transformers/all-MiniLM-L6-v2/1110a243fdf4706b3f48f1d95db1a4f5529b4d41/config.json "HTTP/1.1 200 OK"
2026-08-20 10:20:33,780 | INFO    | HTTP Request: HEAD https://huggingface.co/sentence-transformers/all-MiniLM-L6-v2/resolve/main/config.json "HTTP/1.1 307 Temporary Redirect"
2026-08-20 10:20:33,792 | INFO    | HTTP Request: HEAD https://huggingface.co/api/resolve-cache/models/sentence-transformers/all-MiniLM-L6-v2/1110a243fdf4706b3f48f1d95db1a4f5529b4d41/config.json "HTTP/1.1 200 OK"
2026-08-20 10:20:33,800 | INFO    | HTTP Request: HEAD https://huggingface.co/api/resolve-cache/models/sentence-transformers/all-MiniLM-L6-v2/1110a243fdf4706b3f48f1d95db1a4f5529b4d41/config.json "HTTP/1.1 200 OK"
2026-08-20 10:20:33,801 | INFO    | HTTP Request: HEAD https://huggingface.co/sentence-transformers/all-MiniLM-L6-v2/resolve/main/config.json "HTTP/1.1 307 Temporary Redirect"
2026-08-20 10:20:33,817 | INFO    | HTTP Request: HEAD https://huggingface.co/sentence-transformers/all-MiniLM-L6-v2/resolve/main/config.json "HTTP/1.1 307 Temporary Redirect"
2026-08-20 10:20:33,822 | INFO    | HTTP Request: HEAD https://huggingface.co/api/resolve-cache/models/sentence-transformers/all-MiniLM-L6-v2/1110a243fdf4706b3f48f1d95db1a4f5529b4d41/config.json "HTTP/1.1 200 OK"
2026-08-20 10:20:33,824 | INFO    | HTTP Request: HEAD https://huggingface.co/sentence-transformers/all-MiniLM-L6-v2/resolve/main/tokenizer_config.json "HTTP/1.1 307 Temporary Redirect"
2026-08-20 10:20:33,834 | INFO    | HTTP Request: HEAD https://huggingface.co/sentence-transformers/all-MiniLM-L6-v2/resolve/main/config.json "HTTP/1.1 307 Temporary Redirect"
2026-08-20 10:20:33,837 | INFO    | HTTP Request: HEAD https://huggingface.co/api/resolve-cache/models/sentence-transformers/all-MiniLM-L6-v2/1110a243fdf4706b3f48f1d95db1a4f5529b4d41/config.json "HTTP/1.1 200 OK"
2026-08-20 10:20:33,844 | INFO    | HTTP Request: HEAD https://huggingface.co/api/resolve-cache/models/sentence-transformers/all-MiniLM-L6-v2/1110a243fdf4706b3f48f1d95db1a4f5529b4d41/tokenizer_config.json "HTTP/1.1 200 OK"
2026-08-20 10:20:33,853 | INFO    | HTTP Request: HEAD https://huggingface.co/sentence-transformers/all-MiniLM-L6-v2/resolve/main/config.json "HTTP/1.1 307 Temporary Redirect"
2026-08-20 10:20:33,854 | INFO    | HTTP Request: HEAD https://huggingface.co/api/resolve-cache/models/sentence-transformers/all-MiniLM-L6-v2/1110a243fdf4706b3f48f1d95db1a4f5529b4d41/config.json "HTTP/1.1 200 OK"
2026-08-20 10:20:33,860 | INFO    | HTTP Request: HEAD https://huggingface.co/sentence-transformers/all-MiniLM-L6-v2/resolve/main/config.json "HTTP/1.1 307 Temporary Redirect"
2026-08-20 10:20:33,876 | INFO    | HTTP Request: HEAD https://huggingface.co/api/resolve-cache/models/sentence-transformers/all-MiniLM-L6-v2/1110a243fdf4706b3f48f1d95db1a4f5529b4d41/config.json "HTTP/1.1 200 OK"
2026-08-20 10:20:33,880 | INFO    | HTTP Request: HEAD https://huggingface.co/api/resolve-cache/models/sentence-transformers/all-MiniLM-L6-v2/1110a243fdf4706b3f48f1d95db1a4f5529b4d41/config.json "HTTP/1.1 200 OK"
2026-08-20 10:20:33,956 | INFO    | HTTP Request: HEAD https://huggingface.co/sentence-transformers/all-MiniLM-L6-v2/resolve/main/config.json "HTTP/1.1 307 Temporary Redirect"
2026-08-20 10:20:33,960 | INFO    | HTTP Request: HEAD https://huggingface.co/sentence-transformers/all-MiniLM-L6-v2/resolve/main/tokenizer_config.json "HTTP/1.1 307 Temporary Redirect"
2026-08-20 10:20:33,976 | INFO    | HTTP Request: HEAD https://huggingface.co/api/resolve-cache/models/sentence-transformers/all-MiniLM-L6-v2/1110a243fdf4706b3f48f1d95db1a4f5529b4d41/config.json "HTTP/1.1 200 OK"
2026-08-20 10:20:33,980 | INFO    | HTTP Request: HEAD https://huggingface.co/sentence-transformers/all-MiniLM-L6-v2/resolve/main/tokenizer_config.json "HTTP/1.1 307 Temporary Redirect"
2026-08-20 10:20:33,981 | INFO    | HTTP Request: HEAD https://huggingface.co/api/resolve-cache/models/sentence-transformers/all-MiniLM-L6-v2/1110a243fdf4706b3f48f1d95db1a4f5529b4d41/tokenizer_config.json "HTTP/1.1 200 OK"
2026-08-20 10:20:34,001 | INFO    | HTTP Request: HEAD https://huggingface.co/sentence-transformers/all-MiniLM-L6-v2/resolve/main/config.json "HTTP/1.1 307 Temporary Redirect"
2026-08-20 10:20:34,002 | INFO    | HTTP Request: HEAD https://huggingface.co/api/resolve-cache/models/sentence-transformers/all-MiniLM-L6-v2/1110a243fdf4706b3f48f1d95db1a4f5529b4d41/tokenizer_config.json "HTTP/1.1 200 OK"
2026-08-20 10:20:34,012 | INFO    | HTTP Request: HEAD https://huggingface.co/sentence-transformers/all-MiniLM-L6-v2/resolve/main/config.json "HTTP/1.1 307 Temporary Redirect"
2026-08-20 10:20:34,022 | INFO    | HTTP Request: HEAD https://huggingface.co/api/resolve-cache/models/sentence-transformers/all-MiniLM-L6-v2/1110a243fdf4706b3f48f1d95db1a4f5529b4d41/config.json "HTTP/1.1 200 OK"
2026-08-20 10:20:34,032 | INFO    | HTTP Request: HEAD https://huggingface.co/api/resolve-cache/models/sentence-transformers/all-MiniLM-L6-v2/1110a243fdf4706b3f48f1d95db1a4f5529b4d41/config.json "HTTP/1.1 200 OK"
2026-08-20 10:20:34,037 | INFO    | HTTP Request: HEAD https://huggingface.co/sentence-transformers/all-MiniLM-L6-v2/resolve/main/config.json "HTTP/1.1 307 Temporary Redirect"
2026-08-20 10:20:34,055 | INFO    | HTTP Request: HEAD https://huggingface.co/sentence-transformers/all-MiniLM-L6-v2/resolve/main/tokenizer_config.json "HTTP/1.1 307 Temporary Redirect"
2026-08-20 10:20:34,058 | INFO    | HTTP Request: HEAD https://huggingface.co/api/resolve-cache/models/sentence-transformers/all-MiniLM-L6-v2/1110a243fdf4706b3f48f1d95db1a4f5529b4d41/config.json "HTTP/1.1 200 OK"
2026-08-20 10:20:34,060 | INFO    | HTTP Request: HEAD https://huggingface.co/sentence-transformers/all-MiniLM-L6-v2/resolve/main/config.json "HTTP/1.1 307 Temporary Redirect"
2026-08-20 10:20:34,063 | INFO    | HTTP Request: HEAD https://huggingface.co/sentence-transformers/all-MiniLM-L6-v2/resolve/main/tokenizer_config.json "HTTP/1.1 307 Temporary Redirect"
2026-08-20 10:20:34,075 | INFO    | HTTP Request: HEAD https://huggingface.co/sentence-transformers/all-MiniLM-L6-v2/resolve/main/tokenizer_config.json "HTTP/1.1 307 Temporary Redirect"
2026-08-20 10:20:34,076 | INFO    | HTTP Request: HEAD https://huggingface.co/api/resolve-cache/models/sentence-transformers/all-MiniLM-L6-v2/1110a243fdf4706b3f48f1d95db1a4f5529b4d41/tokenizer_config.json "HTTP/1.1 200 OK"
2026-08-20 10:20:34,079 | INFO    | HTTP Request: HEAD https://huggingface.co/sentence-transformers/all-MiniLM-L6-v2/resolve/main/config.json "HTTP/1.1 307 Temporary Redirect"
2026-08-20 10:20:34,080 | INFO    | HTTP Request: HEAD https://huggingface.co/api/resolve-cache/models/sentence-transformers/all-MiniLM-L6-v2/1110a243fdf4706b3f48f1d95db1a4f5529b4d41/config.json "HTTP/1.1 200 OK"
2026-08-20 10:20:34,083 | INFO    | HTTP Request: HEAD https://huggingface.co/api/resolve-cache/models/sentence-transformers/all-MiniLM-L6-v2/1110a243fdf4706b3f48f1d95db1a4f5529b4d41/tokenizer_config.json "HTTP/1.1 200 OK"
2026-08-20 10:20:34,086 | INFO    | HTTP Request: HEAD https://huggingface.co/sentence-transformers/all-MiniLM-L6-v2/resolve/main/config.json "HTTP/1.1 307 Temporary Redirect"
2026-08-20 10:20:34,091 | INFO    | HTTP Request: HEAD https://huggingface.co/sentence-transformers/all-MiniLM-L6-v2/resolve/main/tokenizer_config.json "HTTP/1.1 307 Temporary Redirect"
2026-08-20 10:20:34,096 | INFO    | HTTP Request: HEAD https://huggingface.co/api/resolve-cache/models/sentence-transformers/all-MiniLM-L6-v2/1110a243fdf4706b3f48f1d95db1a4f5529b4d41/tokenizer_config.json "HTTP/1.1 200 OK"
2026-08-20 10:20:34,100 | INFO    | HTTP Request: HEAD https://huggingface.co/api/resolve-cache/models/sentence-transformers/all-MiniLM-L6-v2/1110a243fdf4706b3f48f1d95db1a4f5529b4d41/config.json "HTTP/1.1 200 OK"
2026-08-20 10:20:34,106 | INFO    | HTTP Request: HEAD https://huggingface.co/api/resolve-cache/models/sentence-transformers/all-MiniLM-L6-v2/1110a243fdf4706b3f48f1d95db1a4f5529b4d41/config.json "HTTP/1.1 200 OK"
2026-08-20 10:20:34,111 | INFO    | HTTP Request: HEAD https://huggingface.co/api/resolve-cache/models/sentence-transformers/all-MiniLM-L6-v2/1110a243fdf4706b3f48f1d95db1a4f5529b4d41/tokenizer_config.json "HTTP/1.1 200 OK"
2026-08-20 10:20:34,133 | INFO    | HTTP Request: HEAD https://huggingface.co/sentence-transformers/all-MiniLM-L6-v2/resolve/main/config.json "HTTP/1.1 307 Temporary Redirect"
2026-08-20 10:20:34,156 | INFO    | HTTP Request: HEAD https://huggingface.co/api/resolve-cache/models/sentence-transformers/all-MiniLM-L6-v2/1110a243fdf4706b3f48f1d95db1a4f5529b4d41/config.json "HTTP/1.1 200 OK"
2026-08-20 10:20:34,210 | INFO    | HTTP Request: HEAD https://huggingface.co/sentence-transformers/all-MiniLM-L6-v2/resolve/main/tokenizer_config.json "HTTP/1.1 307 Temporary Redirect"
2026-08-20 10:20:34,214 | INFO    | HTTP Request: HEAD https://huggingface.co/sentence-transformers/all-MiniLM-L6-v2/resolve/main/config.json "HTTP/1.1 307 Temporary Redirect"
2026-08-20 10:20:34,222 | INFO    | HTTP Request: GET https://huggingface.co/api/models/sentence-transformers/all-MiniLM-L6-v2/tree/main/additional_chat_templates?recursive=false&expand=false "HTTP/1.1 404 Not Found"
2026-08-20 10:20:34,231 | INFO    | HTTP Request: HEAD https://huggingface.co/api/resolve-cache/models/sentence-transformers/all-MiniLM-L6-v2/1110a243fdf4706b3f48f1d95db1a4f5529b4d41/tokenizer_config.json "HTTP/1.1 200 OK"
2026-08-20 10:20:34,233 | INFO    | HTTP Request: HEAD https://huggingface.co/api/resolve-cache/models/sentence-transformers/all-MiniLM-L6-v2/1110a243fdf4706b3f48f1d95db1a4f5529b4d41/config.json "HTTP/1.1 200 OK"
2026-08-20 10:20:34,241 | INFO    | HTTP Request: GET https://huggingface.co/api/models/sentence-transformers/all-MiniLM-L6-v2/tree/main/additional_chat_templates?recursive=false&expand=false "HTTP/1.1 404 Not Found"
2026-08-20 10:20:34,260 | INFO    | HTTP Request: HEAD https://huggingface.co/sentence-transformers/all-MiniLM-L6-v2/resolve/main/tokenizer_config.json "HTTP/1.1 307 Temporary Redirect"
2026-08-20 10:20:34,269 | INFO    | HTTP Request: HEAD https://huggingface.co/sentence-transformers/all-MiniLM-L6-v2/resolve/main/tokenizer_config.json "HTTP/1.1 307 Temporary Redirect"
2026-08-20 10:20:34,280 | INFO    | HTTP Request: HEAD https://huggingface.co/api/resolve-cache/models/sentence-transformers/all-MiniLM-L6-v2/1110a243fdf4706b3f48f1d95db1a4f5529b4d41/tokenizer_config.json "HTTP/1.1 200 OK"
2026-08-20 10:20:34,289 | INFO    | HTTP Request: HEAD https://huggingface.co/api/resolve-cache/models/sentence-transformers/all-MiniLM-L6-v2/1110a243fdf4706b3f48f1d95db1a4f5529b4d41/tokenizer_config.json "HTTP/1.1 200 OK"
2026-08-20 10:20:34,295 | INFO    | HTTP Request: HEAD https://huggingface.co/sentence-transformers/all-MiniLM-L6-v2/resolve/main/tokenizer_config.json "HTTP/1.1 307 Temporary Redirect"
2026-08-20 10:20:34,313 | INFO    | HTTP Request: GET https://huggingface.co/api/models/sentence-transformers/all-MiniLM-L6-v2/tree/main/additional_chat_templates?recursive=false&expand=false "HTTP/1.1 404 Not Found"
2026-08-20 10:20:34,314 | INFO    | HTTP Request: HEAD https://huggingface.co/api/resolve-cache/models/sentence-transformers/all-MiniLM-L6-v2/1110a243fdf4706b3f48f1d95db1a4f5529b4d41/tokenizer_config.json "HTTP/1.1 200 OK"
2026-08-20 10:20:34,317 | INFO    | HTTP Request: HEAD https://huggingface.co/sentence-transformers/all-MiniLM-L6-v2/resolve/main/tokenizer_config.json "HTTP/1.1 307 Temporary Redirect"
2026-08-20 10:20:34,321 | INFO    | HTTP Request: GET https://huggingface.co/api/models/sentence-transformers/all-MiniLM-L6-v2/tree/main/additional_chat_templates?recursive=false&expand=false "HTTP/1.1 404 Not Found"
2026-08-20 10:20:34,337 | INFO    | HTTP Request: HEAD https://huggingface.co/sentence-transformers/all-MiniLM-L6-v2/resolve/main/config.json "HTTP/1.1 307 Temporary Redirect"
2026-08-20 10:20:34,342 | INFO    | HTTP Request: HEAD https://huggingface.co/api/resolve-cache/models/sentence-transformers/all-MiniLM-L6-v2/1110a243fdf4706b3f48f1d95db1a4f5529b4d41/tokenizer_config.json "HTTP/1.1 200 OK"
2026-08-20 10:20:34,362 | INFO    | HTTP Request: GET https://huggingface.co/api/models/sentence-transformers/all-MiniLM-L6-v2/tree/main/additional_chat_templates?recursive=false&expand=false "HTTP/1.1 404 Not Found"
2026-08-20 10:20:34,362 | INFO    | HTTP Request: HEAD https://huggingface.co/api/resolve-cache/models/sentence-transformers/all-MiniLM-L6-v2/1110a243fdf4706b3f48f1d95db1a4f5529b4d41/config.json "HTTP/1.1 200 OK"
2026-08-20 10:20:34,386 | INFO    | HTTP Request: GET https://huggingface.co/api/models/sentence-transformers/all-MiniLM-L6-v2/tree/main/additional_chat_templates?recursive=false&expand=false "HTTP/1.1 404 Not Found"
2026-08-20 10:20:34,394 | INFO    | HTTP Request: HEAD https://huggingface.co/sentence-transformers/all-MiniLM-L6-v2/resolve/main/tokenizer_config.json "HTTP/1.1 307 Temporary Redirect"
2026-08-20 10:20:34,415 | INFO    | HTTP Request: HEAD https://huggingface.co/api/resolve-cache/models/sentence-transformers/all-MiniLM-L6-v2/1110a243fdf4706b3f48f1d95db1a4f5529b4d41/tokenizer_config.json "HTTP/1.1 200 OK"
2026-08-20 10:20:34,421 | INFO    | HTTP Request: HEAD https://huggingface.co/sentence-transformers/all-MiniLM-L6-v2/resolve/main/tokenizer_config.json "HTTP/1.1 307 Temporary Redirect"
2026-08-20 10:20:34,441 | INFO    | HTTP Request: HEAD https://huggingface.co/api/resolve-cache/models/sentence-transformers/all-MiniLM-L6-v2/1110a243fdf4706b3f48f1d95db1a4f5529b4d41/tokenizer_config.json "HTTP/1.1 200 OK"
2026-08-20 10:20:34,462 | INFO    | HTTP Request: GET https://huggingface.co/api/models/sentence-transformers/all-MiniLM-L6-v2/tree/main?recursive=true&expand=false "HTTP/1.1 200 OK"
2026-08-20 10:20:34,475 | INFO    | HTTP Request: HEAD https://huggingface.co/sentence-transformers/all-MiniLM-L6-v2/resolve/main/tokenizer_config.json "HTTP/1.1 307 Temporary Redirect"
2026-08-20 10:20:34,476 | INFO    | HTTP Request: GET https://huggingface.co/api/models/sentence-transformers/all-MiniLM-L6-v2/tree/main/additional_chat_templates?recursive=false&expand=false "HTTP/1.1 404 Not Found"
2026-08-20 10:20:34,485 | INFO    | HTTP Request: GET https://huggingface.co/api/models/sentence-transformers/all-MiniLM-L6-v2/tree/main?recursive=true&expand=false "HTTP/1.1 200 OK"
2026-08-20 10:20:34,506 | INFO    | HTTP Request: HEAD https://huggingface.co/api/resolve-cache/models/sentence-transformers/all-MiniLM-L6-v2/1110a243fdf4706b3f48f1d95db1a4f5529b4d41/tokenizer_config.json "HTTP/1.1 200 OK"
2026-08-20 10:20:34,529 | INFO    | HTTP Request: GET https://huggingface.co/api/models/sentence-transformers/all-MiniLM-L6-v2/tree/main/additional_chat_templates?recursive=false&expand=false "HTTP/1.1 404 Not Found"
2026-08-20 10:20:34,560 | INFO    | HTTP Request: GET https://huggingface.co/api/models/sentence-transformers/all-MiniLM-L6-v2/tree/main?recursive=true&expand=false "HTTP/1.1 200 OK"
2026-08-20 10:20:34,562 | INFO    | HTTP Request: GET https://huggingface.co/api/models/sentence-transformers/all-MiniLM-L6-v2/tree/main/additional_chat_templates?recursive=false&expand=false "HTTP/1.1 404 Not Found"
2026-08-20 10:20:34,568 | INFO    | HTTP Request: GET https://huggingface.co/api/models/sentence-transformers/all-MiniLM-L6-v2/tree/main?recursive=true&expand=false "HTTP/1.1 200 OK"
2026-08-20 10:20:34,593 | INFO    | HTTP Request: GET https://huggingface.co/api/models/sentence-transformers/all-MiniLM-L6-v2/tree/main/additional_chat_templates?recursive=false&expand=false "HTTP/1.1 404 Not Found"
2026-08-20 10:20:34,619 | INFO    | HTTP Request: GET https://huggingface.co/api/models/sentence-transformers/all-MiniLM-L6-v2/tree/main/additional_chat_templates?recursive=false&expand=false "HTTP/1.1 404 Not Found"
2026-08-20 10:20:34,621 | INFO    | HTTP Request: HEAD https://huggingface.co/sentence-transformers/all-MiniLM-L6-v2/resolve/main/tokenizer_config.json "HTTP/1.1 307 Temporary Redirect"
2026-08-20 10:20:34,630 | INFO    | HTTP Request: GET https://huggingface.co/api/models/sentence-transformers/all-MiniLM-L6-v2/tree/main?recursive=true&expand=false "HTTP/1.1 200 OK"
2026-08-20 10:20:34,646 | INFO    | HTTP Request: HEAD https://huggingface.co/api/resolve-cache/models/sentence-transformers/all-MiniLM-L6-v2/1110a243fdf4706b3f48f1d95db1a4f5529b4d41/tokenizer_config.json "HTTP/1.1 200 OK"
2026-08-20 10:20:34,656 | INFO    | HTTP Request: GET https://huggingface.co/api/models/sentence-transformers/all-MiniLM-L6-v2/tree/main/additional_chat_templates?recursive=false&expand=false "HTTP/1.1 404 Not Found"
2026-08-20 10:20:34,679 | INFO    | HTTP Request: GET https://huggingface.co/api/models/sentence-transformers/all-MiniLM-L6-v2/tree/main/additional_chat_templates?recursive=false&expand=false "HTTP/1.1 404 Not Found"
2026-08-20 10:20:34,681 | INFO    | HTTP Request: GET https://huggingface.co/api/models/sentence-transformers/all-MiniLM-L6-v2/tree/main?recursive=true&expand=false "HTTP/1.1 200 OK"
2026-08-20 10:20:34,743 | INFO    | HTTP Request: GET https://huggingface.co/api/models/sentence-transformers/all-MiniLM-L6-v2/tree/main?recursive=true&expand=false "HTTP/1.1 200 OK"
2026-08-20 10:20:34,772 | INFO    | HTTP Request: GET https://huggingface.co/api/models/sentence-transformers/all-MiniLM-L6-v2/tree/main?recursive=true&expand=false "HTTP/1.1 200 OK"
2026-08-20 10:20:34,816 | INFO    | HTTP Request: GET https://huggingface.co/api/models/sentence-transformers/all-MiniLM-L6-v2/tree/main/additional_chat_templates?recursive=false&expand=false "HTTP/1.1 404 Not Found"
2026-08-20 10:20:34,816 | INFO    | HTTP Request: HEAD https://huggingface.co/sentence-transformers/all-MiniLM-L6-v2/resolve/main/1_Pooling/config.json "HTTP/1.1 307 Temporary Redirect"
2026-08-20 10:20:34,841 | INFO    | HTTP Request: HEAD https://huggingface.co/api/resolve-cache/models/sentence-transformers/all-MiniLM-L6-v2/1110a243fdf4706b3f48f1d95db1a4f5529b4d41/1_Pooling%2Fconfig.json "HTTP/1.1 200 OK"
2026-08-20 10:20:34,842 | INFO    | HTTP Request: GET https://huggingface.co/api/models/sentence-transformers/all-MiniLM-L6-v2/tree/main?recursive=true&expand=false "HTTP/1.1 200 OK"
2026-08-20 10:20:34,866 | INFO    | HTTP Request: HEAD https://huggingface.co/sentence-transformers/all-MiniLM-L6-v2/resolve/main/1_Pooling/config.json "HTTP/1.1 307 Temporary Redirect"
2026-08-20 10:20:34,865 | INFO    | HTTP Request: GET https://huggingface.co/api/models/sentence-transformers/all-MiniLM-L6-v2/tree/main?recursive=true&expand=false "HTTP/1.1 200 OK"
2026-08-20 10:20:34,866 | INFO    | HTTP Request: GET https://huggingface.co/api/models/sentence-transformers/all-MiniLM-L6-v2/tree/main?recursive=true&expand=false "HTTP/1.1 200 OK"
2026-08-20 10:20:34,867 | INFO    | HTTP Request: HEAD https://huggingface.co/sentence-transformers/all-MiniLM-L6-v2/resolve/main/1_Pooling/config.json "HTTP/1.1 307 Temporary Redirect"
2026-08-20 10:20:34,910 | INFO    | HTTP Request: HEAD https://huggingface.co/api/resolve-cache/models/sentence-transformers/all-MiniLM-L6-v2/1110a243fdf4706b3f48f1d95db1a4f5529b4d41/1_Pooling%2Fconfig.json "HTTP/1.1 200 OK"
2026-08-20 10:20:34,910 | INFO    | HTTP Request: GET https://huggingface.co/api/models/sentence-transformers/all-MiniLM-L6-v2/tree/main?recursive=true&expand=false "HTTP/1.1 200 OK"
2026-08-20 10:20:34,911 | INFO    | HTTP Request: GET https://huggingface.co/api/models/sentence-transformers/all-MiniLM-L6-v2/tree/main/additional_chat_templates?recursive=false&expand=false "HTTP/1.1 404 Not Found"
2026-08-20 10:20:34,911 | INFO    | HTTP Request: HEAD https://huggingface.co/sentence-transformers/all-MiniLM-L6-v2/resolve/main/1_Pooling/config.json "HTTP/1.1 307 Temporary Redirect"
2026-08-20 10:20:34,919 | INFO    | HTTP Request: HEAD https://huggingface.co/api/resolve-cache/models/sentence-transformers/all-MiniLM-L6-v2/1110a243fdf4706b3f48f1d95db1a4f5529b4d41/1_Pooling%2Fconfig.json "HTTP/1.1 200 OK"
2026-08-20 10:20:34,948 | INFO    | HTTP Request: GET https://huggingface.co/api/models/sentence-transformers/all-MiniLM-L6-v2/tree/main?recursive=true&expand=false "HTTP/1.1 200 OK"
2026-08-20 10:20:35,015 | INFO    | HTTP Request: HEAD https://huggingface.co/api/resolve-cache/models/sentence-transformers/all-MiniLM-L6-v2/1110a243fdf4706b3f48f1d95db1a4f5529b4d41/1_Pooling%2Fconfig.json "HTTP/1.1 200 OK"
2026-08-20 10:20:35,027 | INFO    | HTTP Request: HEAD https://huggingface.co/sentence-transformers/all-MiniLM-L6-v2/resolve/main/1_Pooling/config.json "HTTP/1.1 307 Temporary Redirect"
2026-08-20 10:20:35,051 | INFO    | HTTP Request: HEAD https://huggingface.co/sentence-transformers/all-MiniLM-L6-v2/resolve/main/1_Pooling/config.json "HTTP/1.1 307 Temporary Redirect"
2026-08-20 10:20:35,052 | INFO    | HTTP Request: HEAD https://huggingface.co/api/resolve-cache/models/sentence-transformers/all-MiniLM-L6-v2/1110a243fdf4706b3f48f1d95db1a4f5529b4d41/1_Pooling%2Fconfig.json "HTTP/1.1 200 OK"
2026-08-20 10:20:35,058 | INFO    | HTTP Request: HEAD https://huggingface.co/sentence-transformers/all-MiniLM-L6-v2/resolve/main/1_Pooling/config.json "HTTP/1.1 307 Temporary Redirect"
2026-08-20 10:20:35,071 | INFO    | HTTP Request: HEAD https://huggingface.co/api/resolve-cache/models/sentence-transformers/all-MiniLM-L6-v2/1110a243fdf4706b3f48f1d95db1a4f5529b4d41/1_Pooling%2Fconfig.json "HTTP/1.1 200 OK"
2026-08-20 10:20:35,082 | INFO    | HTTP Request: HEAD https://huggingface.co/api/resolve-cache/models/sentence-transformers/all-MiniLM-L6-v2/1110a243fdf4706b3f48f1d95db1a4f5529b4d41/1_Pooling%2Fconfig.json "HTTP/1.1 200 OK"
2026-08-20 10:20:35,105 | INFO    | HTTP Request: HEAD https://huggingface.co/sentence-transformers/all-MiniLM-L6-v2/resolve/main/1_Pooling/config.json "HTTP/1.1 307 Temporary Redirect"
2026-08-20 10:20:35,111 | INFO    | HTTP Request: GET https://huggingface.co/api/models/sentence-transformers/all-MiniLM-L6-v2 "HTTP/1.1 200 OK"
2026-08-20 10:20:35,125 | INFO    | HTTP Request: HEAD https://huggingface.co/api/resolve-cache/models/sentence-transformers/all-MiniLM-L6-v2/1110a243fdf4706b3f48f1d95db1a4f5529b4d41/1_Pooling%2Fconfig.json "HTTP/1.1 200 OK"
2026-08-20 10:20:35,205 | INFO    | HTTP Request: HEAD https://huggingface.co/sentence-transformers/all-MiniLM-L6-v2/resolve/main/1_Pooling/config.json "HTTP/1.1 307 Temporary Redirect"
2026-08-20 10:20:35,208 | INFO    | HTTP Request: GET https://huggingface.co/api/models/sentence-transformers/all-MiniLM-L6-v2/tree/main?recursive=true&expand=false "HTTP/1.1 200 OK"
2026-08-20 10:20:35,222 | INFO    | HTTP Request: GET https://huggingface.co/api/models/sentence-transformers/all-MiniLM-L6-v2 "HTTP/1.1 200 OK"
2026-08-20 10:20:35,222 | INFO    | HTTP Request: HEAD https://huggingface.co/sentence-transformers/all-MiniLM-L6-v2/resolve/main/1_Pooling/config.json "HTTP/1.1 307 Temporary Redirect"
2026-08-20 10:20:35,264 | INFO    | HTTP Request: GET https://huggingface.co/api/models/sentence-transformers/all-MiniLM-L6-v2/tree/main?recursive=true&expand=false "HTTP/1.1 200 OK"
2026-08-20 10:20:35,286 | INFO    | HTTP Request: HEAD https://huggingface.co/api/resolve-cache/models/sentence-transformers/all-MiniLM-L6-v2/1110a243fdf4706b3f48f1d95db1a4f5529b4d41/1_Pooling%2Fconfig.json "HTTP/1.1 200 OK"
2026-08-20 10:20:35,287 | INFO    | HTTP Request: GET https://huggingface.co/api/models/sentence-transformers/all-MiniLM-L6-v2 "HTTP/1.1 200 OK"
2026-08-20 10:20:35,289 | INFO    | HTTP Request: HEAD https://huggingface.co/sentence-transformers/all-MiniLM-L6-v2/resolve/main/1_Pooling/config.json "HTTP/1.1 307 Temporary Redirect"
2026-08-20 10:20:35,294 | INFO    | HTTP Request: GET https://huggingface.co/api/models/sentence-transformers/all-MiniLM-L6-v2 "HTTP/1.1 200 OK"
2026-08-20 10:20:35,313 | INFO    | HTTP Request: HEAD https://huggingface.co/sentence-transformers/all-MiniLM-L6-v2/resolve/main/1_Pooling/config.json "HTTP/1.1 307 Temporary Redirect"
2026-08-20 10:20:35,315 | INFO    | HTTP Request: HEAD https://huggingface.co/api/resolve-cache/models/sentence-transformers/all-MiniLM-L6-v2/1110a243fdf4706b3f48f1d95db1a4f5529b4d41/1_Pooling%2Fconfig.json "HTTP/1.1 200 OK"
2026-08-20 10:20:35,323 | INFO    | HTTP Request: GET https://huggingface.co/api/models/sentence-transformers/all-MiniLM-L6-v2 "HTTP/1.1 200 OK"
2026-08-20 10:20:35,324 | INFO    | HTTP Request: HEAD https://huggingface.co/sentence-transformers/all-MiniLM-L6-v2/resolve/main/1_Pooling/config.json "HTTP/1.1 307 Temporary Redirect"
2026-08-20 10:20:35,334 | INFO    | HTTP Request: HEAD https://huggingface.co/api/resolve-cache/models/sentence-transformers/all-MiniLM-L6-v2/1110a243fdf4706b3f48f1d95db1a4f5529b4d41/1_Pooling%2Fconfig.json "HTTP/1.1 200 OK"
2026-08-20 10:20:35,360 | INFO    | HTTP Request: GET https://huggingface.co/api/models/sentence-transformers/all-MiniLM-L6-v2 "HTTP/1.1 200 OK"
2026-08-20 10:20:35,360 | INFO    | HTTP Request: GET https://huggingface.co/api/models/sentence-transformers/all-MiniLM-L6-v2 "HTTP/1.1 200 OK"
2026-08-20 10:20:35,367 | INFO    | HTTP Request: HEAD https://huggingface.co/api/resolve-cache/models/sentence-transformers/all-MiniLM-L6-v2/1110a243fdf4706b3f48f1d95db1a4f5529b4d41/1_Pooling%2Fconfig.json "HTTP/1.1 200 OK"
2026-08-20 10:20:35,391 | INFO    | HTTP Request: HEAD https://huggingface.co/api/resolve-cache/models/sentence-transformers/all-MiniLM-L6-v2/1110a243fdf4706b3f48f1d95db1a4f5529b4d41/1_Pooling%2Fconfig.json "HTTP/1.1 200 OK"
2026-08-20 10:20:35,393 | INFO    | HTTP Request: GET https://huggingface.co/api/models/sentence-transformers/all-MiniLM-L6-v2 "HTTP/1.1 200 OK"
2026-08-20 10:20:35,532 | INFO    | HTTP Request: GET https://huggingface.co/api/models/sentence-transformers/all-MiniLM-L6-v2 "HTTP/1.1 200 OK"
2026-08-20 10:20:35,543 | INFO    | HTTP Request: HEAD https://huggingface.co/sentence-transformers/all-MiniLM-L6-v2/resolve/main/1_Pooling/config.json "HTTP/1.1 307 Temporary Redirect"
2026-08-20 10:20:35,568 | INFO    | HTTP Request: HEAD https://huggingface.co/api/resolve-cache/models/sentence-transformers/all-MiniLM-L6-v2/1110a243fdf4706b3f48f1d95db1a4f5529b4d41/1_Pooling%2Fconfig.json "HTTP/1.1 200 OK"
2026-08-20 10:20:35,613 | INFO    | HTTP Request: GET https://huggingface.co/api/models/sentence-transformers/all-MiniLM-L6-v2 "HTTP/1.1 200 OK"
2026-08-20 10:20:35,619 | INFO    | HTTP Request: GET https://huggingface.co/api/models/sentence-transformers/all-MiniLM-L6-v2 "HTTP/1.1 200 OK"
2026-08-20 10:20:35,620 | INFO    | HTTP Request: HEAD https://huggingface.co/sentence-transformers/all-MiniLM-L6-v2/resolve/main/1_Pooling/config.json "HTTP/1.1 307 Temporary Redirect"
2026-08-20 10:20:35,627 | INFO    | HTTP Request: GET https://huggingface.co/api/models/sentence-transformers/all-MiniLM-L6-v2 "HTTP/1.1 200 OK"
2026-08-20 10:20:35,635 | INFO    | HTTP Request: GET https://huggingface.co/api/models/sentence-transformers/all-MiniLM-L6-v2 "HTTP/1.1 200 OK"
2026-08-20 10:20:35,647 | INFO    | HTTP Request: HEAD https://huggingface.co/api/resolve-cache/models/sentence-transformers/all-MiniLM-L6-v2/1110a243fdf4706b3f48f1d95db1a4f5529b4d41/1_Pooling%2Fconfig.json "HTTP/1.1 200 OK"
2026-08-20 10:20:35,811 | INFO    | HTTP Request: GET https://huggingface.co/api/models/sentence-transformers/all-MiniLM-L6-v2 "HTTP/1.1 200 OK"
2026-08-20 10:20:35,930 | INFO    | HTTP Request: GET https://huggingface.co/api/models/sentence-transformers/all-MiniLM-L6-v2 "HTTP/1.1 200 OK"
2026-08-20 10:20:37,643 | INFO    | Alert 1787201419.19183 auto-classified as HIGH (background)
2026-08-20 10:20:37,993 | INFO    | Alert 1787201421.20587 auto-classified as MEDIUM (background)
2026-08-20 10:20:38,089 | INFO    | Alert 1787201419.16321 auto-classified as LOW (background)
2026-08-20 10:20:38,186 | INFO    | Alert 1787201421.19657 auto-classified as MEDIUM (background)
2026-08-20 10:20:38,188 | INFO    | Alert 1787201423.22437 auto-classified as LOW (background)
2026-08-20 10:20:38,188 | INFO    | Alert 1787201419.17263 auto-classified as MEDIUM (background)
2026-08-20 10:20:38,375 | INFO    | Alert 1787201419.16799 auto-classified as MEDIUM (background)
2026-08-20 10:20:38,471 | INFO    | RAG-grounded classification complete
2026-08-20 10:20:38,474 | INFO    | Alert 1787201419.18217 auto-classified as MEDIUM (background)
2026-08-20 10:20:38,478 | INFO    | Alert 1787201421.21043 auto-classified as LOW (background)
2026-08-20 10:20:38,480 | INFO    | Classify request — alert keys: ['alert_id', 'timestamp', 'source', 'rule', 'category', 'raw_log', 'indicators', 'mitre_hint', 'status']
2026-08-20 10:20:38,568 | INFO    | Alert 1787201421.20117 auto-classified as MEDIUM (background)
2026-08-20 10:20:38,568 | INFO    | Alert 1787201421.21513 auto-classified as CRITICAL (background)
2026-08-20 10:20:38,664 | INFO    | Alert 1787201421.21969 auto-classified as LOW (background)
2026-08-20 10:20:38,716 | WARNING | RAG classification failed, falling back to plain chain: 429 Resource has been exhausted (e.g. check quota).
2026-08-20 10:20:38,738 | ERROR   | Classification failed: [Errno 111] Connection refused
2026-08-20 10:20:38,742 | INFO    | Classify request — alert keys: ['alert_id', 'timestamp', 'source', 'rule', 'category', 'raw_log', 'indicators', 'mitre_hint', 'status']
2026-08-20 10:20:38,956 | WARNING | RAG classification failed, falling back to plain chain: 429 You exceeded your current quota, please check your plan and billing details. For more information on this error, head to: https://ai.google.dev/gemini-api/docs/rate-limits. To monitor your current usage, head to: https://ai.dev/rate-limit. 
* Quota exceeded for metric: generativelanguage.googleapis.com/generate_content_free_tier_requests, limit: 15, model: gemini-3.5-flash-lite
Please retry in 21.089122462s. [links {
  description: "Learn more about Gemini API quotas"
  url: "https://ai.google.dev/gemini-api/docs/rate-limits"
}
, violations {
  quota_metric: "generativelanguage.googleapis.com/generate_content_free_tier_requests"
  quota_id: "GenerateRequestsPerMinutePerProjectPerModel-FreeTier"
  quota_dimensions {
    key: "model"
    value: "gemini-3.5-flash-lite"
  }
  quota_dimensions {
    key: "location"
    value: "global"
  }
  quota_value: 15
}
, retry_delay {
  seconds: 21
}
]
2026-08-20 10:20:38,969 | ERROR   | Classification failed: [Errno 111] Connection refused
2026-08-20 10:20:38,974 | INFO    | Classify request — alert keys: ['alert_id', 'timestamp', 'source', 'rule', 'category', 'raw_log', 'indicators', 'mitre_hint', 'status']
2026-08-20 10:20:39,000 | INFO    | Alert 1787201419.17747 auto-classified as MEDIUM (background)
2026-08-20 10:20:39,149 | INFO    | Alert 1787201419.18707 auto-classified as MEDIUM (background)
2026-08-20 10:20:39,216 | WARNING | RAG classification failed, falling back to plain chain: 429 You exceeded your current quota, please check your plan and billing details. For more information on this error, head to: https://ai.google.dev/gemini-api/docs/rate-limits. To monitor your current usage, head to: https://ai.dev/rate-limit. 
* Quota exceeded for metric: generativelanguage.googleapis.com/generate_content_free_tier_requests, limit: 15, model: gemini-3.5-flash-lite
Please retry in 20.828940451s. [links {
  description: "Learn more about Gemini API quotas"
  url: "https://ai.google.dev/gemini-api/docs/rate-limits"
}
, violations {
  quota_metric: "generativelanguage.googleapis.com/generate_content_free_tier_requests"
  quota_id: "GenerateRequestsPerMinutePerProjectPerModel-FreeTier"
  quota_dimensions {
    key: "model"
    value: "gemini-3.5-flash-lite"
  }
  quota_dimensions {
    key: "location"
    value: "global"
  }
  quota_value: 15
}
, retry_delay {
  seconds: 20
}
]
2026-08-20 10:20:39,226 | ERROR   | Classification failed: [Errno 111] Connection refused
2026-08-20 10:20:39,228 | INFO    | Classify request — alert keys: ['alert_id', 'timestamp', 'source', 'rule', 'category', 'raw_log', 'indicators', 'mitre_hint', 'status']
2026-08-20 10:20:39,458 | WARNING | RAG classification failed, falling back to plain chain: 429 You exceeded your current quota, please check your plan and billing details. For more information on this error, head to: https://ai.google.dev/gemini-api/docs/rate-limits. To monitor your current usage, head to: https://ai.dev/rate-limit. 
* Quota exceeded for metric: generativelanguage.googleapis.com/generate_content_free_tier_requests, limit: 15, model: gemini-3.5-flash-lite
Please retry in 20.591459781s. [links {
  description: "Learn more about Gemini API quotas"
  url: "https://ai.google.dev/gemini-api/docs/rate-limits"
}
, violations {
  quota_metric: "generativelanguage.googleapis.com/generate_content_free_tier_requests"
  quota_id: "GenerateRequestsPerMinutePerProjectPerModel-FreeTier"
  quota_dimensions {
    key: "model"
    value: "gemini-3.5-flash-lite"
  }
  quota_dimensions {
    key: "location"
    value: "global"
  }
  quota_value: 15
}
, retry_delay {
  seconds: 20
}
]
2026-08-20 10:20:39,474 | ERROR   | Classification failed: [Errno 111] Connection refused
2026-08-20 10:20:39,477 | INFO    | Classify request — alert keys: ['alert_id', 'timestamp', 'source', 'rule', 'category', 'raw_log', 'indicators', 'mitre_hint', 'status']
2026-08-20 10:20:39,715 | WARNING | RAG classification failed, falling back to plain chain: 429 You exceeded your current quota, please check your plan and billing details. For more information on this error, head to: https://ai.google.dev/gemini-api/docs/rate-limits. To monitor your current usage, head to: https://ai.dev/rate-limit. 
* Quota exceeded for metric: generativelanguage.googleapis.com/generate_content_free_tier_requests, limit: 15, model: gemini-3.5-flash-lite
Please retry in 20.328834382s. [links {
  description: "Learn more about Gemini API quotas"
  url: "https://ai.google.dev/gemini-api/docs/rate-limits"
}
, violations {
  quota_metric: "generativelanguage.googleapis.com/generate_content_free_tier_requests"
  quota_id: "GenerateRequestsPerMinutePerProjectPerModel-FreeTier"
  quota_dimensions {
    key: "model"
    value: "gemini-3.5-flash-lite"
  }
  quota_dimensions {
    key: "location"
    value: "global"
  }
  quota_value: 15
}
, retry_delay {
  seconds: 20
}
]
2026-08-20 10:20:39,727 | ERROR   | Classification failed: [Errno 111] Connection refused
2026-08-20 10:20:39,730 | INFO    | Classify request — alert keys: ['alert_id', 'timestamp', 'source', 'rule', 'category', 'raw_log', 'indicators', 'mitre_hint', 'status']
2026-08-20 10:20:39,985 | WARNING | RAG classification failed, falling back to plain chain: 429 You exceeded your current quota, please check your plan and billing details. For more information on this error, head to: https://ai.google.dev/gemini-api/docs/rate-limits. To monitor your current usage, head to: https://ai.dev/rate-limit. 
* Quota exceeded for metric: generativelanguage.googleapis.com/generate_content_free_tier_requests, limit: 15, model: gemini-3.5-flash-lite
Please retry in 20.058479507s. [links {
  description: "Learn more about Gemini API quotas"
  url: "https://ai.google.dev/gemini-api/docs/rate-limits"
}
, violations {
  quota_metric: "generativelanguage.googleapis.com/generate_content_free_tier_requests"
  quota_id: "GenerateRequestsPerMinutePerProjectPerModel-FreeTier"
  quota_dimensions {
    key: "model"
    value: "gemini-3.5-flash-lite"
  }
  quota_dimensions {
    key: "location"
    value: "global"
  }
  quota_value: 15
}
, retry_delay {
  seconds: 20
}
]
2026-08-20 10:20:40,007 | ERROR   | Classification failed: [Errno 111] Connection refused
2026-08-20 10:20:40,011 | INFO    | Classify request — alert keys: ['alert_id', 'timestamp', 'source', 'rule', 'category', 'raw_log', 'indicators', 'mitre_hint', 'status']
2026-08-20 10:20:40,448 | WARNING | RAG classification failed, falling back to plain chain: 429 You exceeded your current quota, please check your plan and billing details. For more information on this error, head to: https://ai.google.dev/gemini-api/docs/rate-limits. To monitor your current usage, head to: https://ai.dev/rate-limit. 
* Quota exceeded for metric: generativelanguage.googleapis.com/generate_content_free_tier_requests, limit: 15, model: gemini-3.5-flash-lite
Please retry in 19.595380396s. [links {
  description: "Learn more about Gemini API quotas"
  url: "https://ai.google.dev/gemini-api/docs/rate-limits"
}
, violations {
  quota_metric: "generativelanguage.googleapis.com/generate_content_free_tier_requests"
  quota_id: "GenerateRequestsPerMinutePerProjectPerModel-FreeTier"
  quota_dimensions {
    key: "model"
    value: "gemini-3.5-flash-lite"
  }
  quota_dimensions {
    key: "location"
    value: "global"
  }
  quota_value: 15
}
, retry_delay {
  seconds: 19
}
]
2026-08-20 10:20:40,459 | ERROR   | Classification failed: [Errno 111] Connection refused
2026-08-20 10:20:40,461 | INFO    | Classify request — alert keys: ['alert_id', 'timestamp', 'source', 'rule', 'category', 'raw_log', 'indicators', 'mitre_hint', 'status']
2026-08-20 10:20:40,664 | WARNING | RAG classification failed, falling back to plain chain: 429 You exceeded your current quota, please check your plan and billing details. For more information on this error, head to: https://ai.google.dev/gemini-api/docs/rate-limits. To monitor your current usage, head to: https://ai.dev/rate-limit. 
* Quota exceeded for metric: generativelanguage.googleapis.com/generate_content_free_tier_requests, limit: 15, model: gemini-3.5-flash-lite
Please retry in 19.379722875s. [links {
  description: "Learn more about Gemini API quotas"
  url: "https://ai.google.dev/gemini-api/docs/rate-limits"
}
, violations {
  quota_metric: "generativelanguage.googleapis.com/generate_content_free_tier_requests"
  quota_id: "GenerateRequestsPerMinutePerProjectPerModel-FreeTier"
  quota_dimensions {
    key: "model"
    value: "gemini-3.5-flash-lite"
  }
  quota_dimensions {
    key: "location"
    value: "global"
  }
  quota_value: 15
}
, retry_delay {
  seconds: 19
}
]
2026-08-20 10:20:40,675 | ERROR   | Classification failed: [Errno 111] Connection refused
2026-08-20 10:20:40,678 | INFO    | Classify request — alert keys: ['alert_id', 'timestamp', 'source', 'rule', 'category', 'raw_log', 'indicators', 'mitre_hint', 'status']
2026-08-20 10:20:40,908 | WARNING | RAG classification failed, falling back to plain chain: 429 You exceeded your current quota, please check your plan and billing details. For more information on this error, head to: https://ai.google.dev/gemini-api/docs/rate-limits. To monitor your current usage, head to: https://ai.dev/rate-limit. 
* Quota exceeded for metric: generativelanguage.googleapis.com/generate_content_free_tier_requests, limit: 15, model: gemini-3.5-flash-lite
Please retry in 19.135068612s. [links {
  description: "Learn more about Gemini API quotas"
  url: "https://ai.google.dev/gemini-api/docs/rate-limits"
}
, violations {
  quota_metric: "generativelanguage.googleapis.com/generate_content_free_tier_requests"
  quota_id: "GenerateRequestsPerMinutePerProjectPerModel-FreeTier"
  quota_dimensions {
    key: "model"
    value: "gemini-3.5-flash-lite"
  }
  quota_dimensions {
    key: "location"
    value: "global"
  }
  quota_value: 15
}
, retry_delay {
  seconds: 19
}
]
2026-08-20 10:20:40,918 | ERROR   | Classification failed: [Errno 111] Connection refused
2026-08-20 10:20:40,920 | INFO    | Classify request — alert keys: ['alert_id', 'timestamp', 'source', 'rule', 'category', 'raw_log', 'indicators', 'mitre_hint', 'status']
2026-08-20 10:20:41,199 | WARNING | RAG classification failed, falling back to plain chain: 429 You exceeded your current quota, please check your plan and billing details. For more information on this error, head to: https://ai.google.dev/gemini-api/docs/rate-limits. To monitor your current usage, head to: https://ai.dev/rate-limit. 
* Quota exceeded for metric: generativelanguage.googleapis.com/generate_content_free_tier_requests, limit: 15, model: gemini-3.5-flash-lite
Please retry in 18.847087524s. [links {
  description: "Learn more about Gemini API quotas"
  url: "https://ai.google.dev/gemini-api/docs/rate-limits"
}
, violations {
  quota_metric: "generativelanguage.googleapis.com/generate_content_free_tier_requests"
  quota_id: "GenerateRequestsPerMinutePerProjectPerModel-FreeTier"
  quota_dimensions {
    key: "model"
    value: "gemini-3.5-flash-lite"
  }
  quota_dimensions {
    key: "location"
    value: "global"
  }
  quota_value: 15
}
, retry_delay {
  seconds: 18
}
]
2026-08-20 10:20:41,210 | ERROR   | Classification failed: [Errno 111] Connection refused
2026-08-20 10:20:41,212 | INFO    | Classify request — alert keys: ['alert_id', 'timestamp', 'source', 'rule', 'category', 'raw_log', 'indicators', 'mitre_hint', 'status']
2026-08-20 10:20:41,474 | WARNING | RAG classification failed, falling back to plain chain: 429 Resource has been exhausted (e.g. check quota).
2026-08-20 10:20:41,483 | ERROR   | Classification failed: [Errno 111] Connection refused
2026-08-20 10:20:41,486 | INFO    | Classify request — alert keys: ['alert_id', 'timestamp', 'source', 'rule', 'category', 'raw_log', 'indicators', 'mitre_hint', 'status']
2026-08-20 10:20:41,707 | WARNING | RAG classification failed, falling back to plain chain: 429 You exceeded your current quota, please check your plan and billing details. For more information on this error, head to: https://ai.google.dev/gemini-api/docs/rate-limits. To monitor your current usage, head to: https://ai.dev/rate-limit. 
* Quota exceeded for metric: generativelanguage.googleapis.com/generate_content_free_tier_requests, limit: 15, model: gemini-3.5-flash-lite
Please retry in 18.336868867s. [links {
  description: "Learn more about Gemini API quotas"
  url: "https://ai.google.dev/gemini-api/docs/rate-limits"
}
, violations {
  quota_metric: "generativelanguage.googleapis.com/generate_content_free_tier_requests"
  quota_id: "GenerateRequestsPerMinutePerProjectPerModel-FreeTier"
  quota_dimensions {
    key: "model"
    value: "gemini-3.5-flash-lite"
  }
  quota_dimensions {
    key: "location"
    value: "global"
  }
  quota_value: 15
}
, retry_delay {
  seconds: 18
}
]
2026-08-20 10:20:41,716 | ERROR   | Classification failed: [Errno 111] Connection refused
2026-08-20 10:20:41,719 | INFO    | Classify request — alert keys: ['alert_id', 'timestamp', 'source', 'rule', 'category', 'raw_log', 'indicators', 'mitre_hint', 'status']
2026-08-20 10:20:41,948 | WARNING | RAG classification failed, falling back to plain chain: 429 You exceeded your current quota, please check your plan and billing details. For more information on this error, head to: https://ai.google.dev/gemini-api/docs/rate-limits. To monitor your current usage, head to: https://ai.dev/rate-limit. 
* Quota exceeded for metric: generativelanguage.googleapis.com/generate_content_free_tier_requests, limit: 15, model: gemini-3.5-flash-lite
Please retry in 18.097278211s. [links {
  description: "Learn more about Gemini API quotas"
  url: "https://ai.google.dev/gemini-api/docs/rate-limits"
}
, violations {
  quota_metric: "generativelanguage.googleapis.com/generate_content_free_tier_requests"
  quota_id: "GenerateRequestsPerMinutePerProjectPerModel-FreeTier"
  quota_dimensions {
    key: "model"
    value: "gemini-3.5-flash-lite"
  }
  quota_dimensions {
    key: "location"
    value: "global"
  }
  quota_value: 15
}
, retry_delay {
  seconds: 18
}
]
2026-08-20 10:20:41,964 | ERROR   | Classification failed: [Errno 111] Connection refused
2026-08-20 10:24:34,421 | INFO    | Classify request — alert keys: ['alert_id', 'timestamp', 'source', 'rule', 'category', 'raw_log', 'indicators', 'mitre_hint', 'status']
2026-08-20 10:24:35,068 | INFO    | Alert saved: 1787201653.30904
2026-08-20 10:24:35,070 | INFO    | Alert saved: 1787201669.32509
2026-08-20 10:24:35,076 | INFO    | Alert saved: 1787201655.31964
2026-08-20 10:24:35,078 | INFO    | Alert saved: 1787201653.31440
2026-08-20 10:24:35,078 | INFO    | Alert saved: 1787201669.33569
2026-08-20 10:24:35,166 | INFO    | Alert saved: 1787201671.34650
2026-08-20 10:24:35,183 | INFO    | Alert saved: 1787201669.33045
2026-08-20 10:24:35,189 | INFO    | Alert saved: 1787201672.35174
2026-08-20 10:24:35,210 | INFO    | Alert saved: 1787201672.35719
2026-08-20 10:24:35,230 | INFO    | Alert saved: 1787201671.34114
2026-08-20 10:24:35,241 | INFO    | Alert saved: 1787201673.36255
2026-08-20 10:24:35,267 | INFO    | Alert saved: 1787201673.36779
2026-08-20 10:24:35,279 | INFO    | Alert saved: 1787201674.37442
2026-08-20 10:24:37,716 | INFO    | Alert 1787201669.33569 auto-classified as MEDIUM (background)
2026-08-20 10:24:37,815 | INFO    | Alert 1787201674.37442 auto-classified as HIGH (background)
2026-08-20 10:24:37,895 | INFO    | Alert 1787201673.36255 auto-classified as HIGH (background)
2026-08-20 10:24:37,922 | INFO    | Alert 1787201653.30904 auto-classified as MEDIUM (background)
2026-08-20 10:24:37,930 | INFO    | Alert 1787201673.36779 auto-classified as HIGH (background)
2026-08-20 10:24:38,002 | INFO    | Alert 1787201669.32509 auto-classified as MEDIUM (background)
2026-08-20 10:24:38,028 | INFO    | RAG-grounded classification complete
2026-08-20 10:24:38,043 | INFO    | Classify request — alert keys: ['alert_id', 'timestamp', 'source', 'rule', 'category', 'raw_log', 'indicators', 'mitre_hint', 'status']
2026-08-20 10:24:38,191 | INFO    | Alert 1787201669.33045 auto-classified as MEDIUM (background)
2026-08-20 10:24:38,242 | INFO    | Alert 1787201672.35174 auto-classified as MEDIUM (background)
2026-08-20 10:24:38,394 | INFO    | Alert 1787201672.35719 auto-classified as MEDIUM (background)
2026-08-20 10:24:38,442 | INFO    | Alert 1787201655.31964 auto-classified as MEDIUM (background)
2026-08-20 10:24:38,492 | INFO    | Alert 1787201653.31440 auto-classified as MEDIUM (background)
2026-08-20 10:24:38,593 | INFO    | Alert 1787201671.34114 auto-classified as MEDIUM (background)
2026-08-20 10:24:38,866 | INFO    | Alert 1787201671.34650 auto-classified as MEDIUM (background)
2026-08-20 10:24:40,075 | INFO    | RAG-grounded classification complete
2026-08-20 10:24:40,082 | INFO    | Classify request — alert keys: ['alert_id', 'timestamp', 'source', 'rule', 'category', 'raw_log', 'indicators', 'mitre_hint', 'status']
2026-08-20 10:24:41,021 | INFO    | Alert saved: 1787201677.41825
2026-08-20 10:24:41,089 | INFO    | Alert saved: 1787201675.39298
2026-08-20 10:24:41,090 | INFO    | Alert saved: 1787201676.41289
2026-08-20 10:24:41,136 | INFO    | Alert saved: 1787201679.42349
2026-08-20 10:24:41,255 | INFO    | Alert saved: 1787201679.43430
2026-08-20 10:24:41,340 | INFO    | Alert saved: 1787201679.42894
2026-08-20 10:24:41,583 | WARNING | Background auto-classification failed for 1787201675.39298: 429 You exceeded your current quota, please check your plan and billing details. For more information on this error, head to: https://ai.google.dev/gemini-api/docs/rate-limits. To monitor your current usage, head to: https://ai.dev/rate-limit. 
* Quota exceeded for metric: generativelanguage.googleapis.com/generate_content_free_tier_requests, limit: 15, model: gemini-3.5-flash-lite
Please retry in 18.466744548s. [links {
  description: "Learn more about Gemini API quotas"
  url: "https://ai.google.dev/gemini-api/docs/rate-limits"
}
, violations {
  quota_metric: "generativelanguage.googleapis.com/generate_content_free_tier_requests"
  quota_id: "GenerateRequestsPerMinutePerProjectPerModel-FreeTier"
  quota_dimensions {
    key: "model"
    value: "gemini-3.5-flash-lite"
  }
  quota_dimensions {
    key: "location"
    value: "global"
  }
  quota_value: 15
}
, retry_delay {
  seconds: 18
}
]. Alert stays at its last saved severity; can be classified manually later.
2026-08-20 10:24:41,583 | WARNING | Background auto-classification failed for 1787201677.41825: 429 You exceeded your current quota, please check your plan and billing details. For more information on this error, head to: https://ai.google.dev/gemini-api/docs/rate-limits. To monitor your current usage, head to: https://ai.dev/rate-limit. 
* Quota exceeded for metric: generativelanguage.googleapis.com/generate_content_free_tier_requests, limit: 15, model: gemini-3.5-flash-lite
Please retry in 18.466713549s. [links {
  description: "Learn more about Gemini API quotas"
  url: "https://ai.google.dev/gemini-api/docs/rate-limits"
}
, violations {
  quota_metric: "generativelanguage.googleapis.com/generate_content_free_tier_requests"
  quota_id: "GenerateRequestsPerMinutePerProjectPerModel-FreeTier"
  quota_dimensions {
    key: "model"
    value: "gemini-3.5-flash-lite"
  }
  quota_dimensions {
    key: "location"
    value: "global"
  }
  quota_value: 15
}
, retry_delay {
  seconds: 18
}
]. Alert stays at its last saved severity; can be classified manually later.
2026-08-20 10:24:41,583 | WARNING | Background auto-classification failed for 1787201676.41289: 429 You exceeded your current quota, please check your plan and billing details. For more information on this error, head to: https://ai.google.dev/gemini-api/docs/rate-limits. To monitor your current usage, head to: https://ai.dev/rate-limit. 
* Quota exceeded for metric: generativelanguage.googleapis.com/generate_content_free_tier_requests, limit: 15, model: gemini-3.5-flash-lite
Please retry in 18.466709574s. [links {
  description: "Learn more about Gemini API quotas"
  url: "https://ai.google.dev/gemini-api/docs/rate-limits"
}
, violations {
  quota_metric: "generativelanguage.googleapis.com/generate_content_free_tier_requests"
  quota_id: "GenerateRequestsPerMinutePerProjectPerModel-FreeTier"
  quota_dimensions {
    key: "model"
    value: "gemini-3.5-flash-lite"
  }
  quota_dimensions {
    key: "location"
    value: "global"
  }
  quota_value: 15
}
, retry_delay {
  seconds: 18
}
]. Alert stays at its last saved severity; can be classified manually later.
2026-08-20 10:24:41,759 | WARNING | Background auto-classification failed for 1787201679.43430: 429 You exceeded your current quota, please check your plan and billing details. For more information on this error, head to: https://ai.google.dev/gemini-api/docs/rate-limits. To monitor your current usage, head to: https://ai.dev/rate-limit. 
* Quota exceeded for metric: generativelanguage.googleapis.com/generate_content_free_tier_requests, limit: 15, model: gemini-3.5-flash-lite
Please retry in 18.293700019s. [links {
  description: "Learn more about Gemini API quotas"
  url: "https://ai.google.dev/gemini-api/docs/rate-limits"
}
, violations {
  quota_metric: "generativelanguage.googleapis.com/generate_content_free_tier_requests"
  quota_id: "GenerateRequestsPerMinutePerProjectPerModel-FreeTier"
  quota_dimensions {
    key: "model"
    value: "gemini-3.5-flash-lite"
  }
  quota_dimensions {
    key: "location"
    value: "global"
  }
  quota_value: 15
}
, retry_delay {
  seconds: 18
}
]. Alert stays at its last saved severity; can be classified manually later.
2026-08-20 10:24:41,811 | WARNING | Background auto-classification failed for 1787201679.42894: 429 You exceeded your current quota, please check your plan and billing details. For more information on this error, head to: https://ai.google.dev/gemini-api/docs/rate-limits. To monitor your current usage, head to: https://ai.dev/rate-limit. 
* Quota exceeded for metric: generativelanguage.googleapis.com/generate_content_free_tier_requests, limit: 15, model: gemini-3.5-flash-lite
Please retry in 18.433310002s. [links {
  description: "Learn more about Gemini API quotas"
  url: "https://ai.google.dev/gemini-api/docs/rate-limits"
}
, violations {
  quota_metric: "generativelanguage.googleapis.com/generate_content_free_tier_requests"
  quota_id: "GenerateRequestsPerMinutePerProjectPerModel-FreeTier"
  quota_dimensions {
    key: "model"
    value: "gemini-3.5-flash-lite"
  }
  quota_dimensions {
    key: "location"
    value: "global"
  }
  quota_value: 15
}
, retry_delay {
  seconds: 18
}
]. Alert stays at its last saved severity; can be classified manually later.
2026-08-20 10:24:42,009 | INFO    | RAG-grounded classification complete
2026-08-20 10:24:42,015 | INFO    | Classify request — alert keys: ['alert_id', 'timestamp', 'source', 'rule', 'category', 'raw_log', 'indicators', 'mitre_hint', 'status']
2026-08-20 10:24:42,279 | WARNING | RAG classification failed, falling back to plain chain: 429 You exceeded your current quota, please check your plan and billing details. For more information on this error, head to: https://ai.google.dev/gemini-api/docs/rate-limits. To monitor your current usage, head to: https://ai.dev/rate-limit. 
* Quota exceeded for metric: generativelanguage.googleapis.com/generate_content_free_tier_requests, limit: 15, model: gemini-3.5-flash-lite
Please retry in 17.77234015s. [links {
  description: "Learn more about Gemini API quotas"
  url: "https://ai.google.dev/gemini-api/docs/rate-limits"
}
, violations {
  quota_metric: "generativelanguage.googleapis.com/generate_content_free_tier_requests"
  quota_id: "GenerateRequestsPerMinutePerProjectPerModel-FreeTier"
  quota_dimensions {
    key: "model"
    value: "gemini-3.5-flash-lite"
  }
  quota_dimensions {
    key: "location"
    value: "global"
  }
  quota_value: 15
}
, retry_delay {
  seconds: 17
}
]
2026-08-20 10:24:42,384 | ERROR   | Classification failed: [Errno 111] Connection refused
2026-08-20 10:24:42,397 | INFO    | Classify request — alert keys: ['alert_id', 'timestamp', 'source', 'rule', 'category', 'raw_log', 'indicators', 'mitre_hint', 'status']
2026-08-20 10:24:42,987 | INFO    | Alert 1787201679.42349 auto-classified as MEDIUM (background)
2026-08-20 10:24:44,842 | INFO    | RAG-grounded classification complete
2026-08-20 10:24:44,846 | INFO    | Classify request — alert keys: ['alert_id', 'timestamp', 'source', 'rule', 'category', 'raw_log', 'indicators', 'mitre_hint', 'status']
2026-08-20 10:24:45,409 | WARNING | RAG classification failed, falling back to plain chain: 429 You exceeded your current quota, please check your plan and billing details. For more information on this error, head to: https://ai.google.dev/gemini-api/docs/rate-limits. To monitor your current usage, head to: https://ai.dev/rate-limit. 
* Quota exceeded for metric: generativelanguage.googleapis.com/generate_content_free_tier_requests, limit: 15, model: gemini-3.5-flash-lite
Please retry in 14.637837368s. [links {
  description: "Learn more about Gemini API quotas"
  url: "https://ai.google.dev/gemini-api/docs/rate-limits"
}
, violations {
  quota_metric: "generativelanguage.googleapis.com/generate_content_free_tier_requests"
  quota_id: "GenerateRequestsPerMinutePerProjectPerModel-FreeTier"
  quota_dimensions {
    key: "model"
    value: "gemini-3.5-flash-lite"
  }
  quota_dimensions {
    key: "location"
    value: "global"
  }
  quota_value: 15
}
, retry_delay {
  seconds: 14
}
]
2026-08-20 10:24:45,430 | ERROR   | Classification failed: [Errno 111] Connection refused
2026-08-20 10:24:45,435 | INFO    | Classify request — alert keys: ['alert_id', 'timestamp', 'source', 'rule', 'category', 'raw_log', 'indicators', 'mitre_hint', 'status']
2026-08-20 10:24:45,734 | WARNING | RAG classification failed, falling back to plain chain: 429 Resource has been exhausted (e.g. check quota).
2026-08-20 10:24:45,767 | ERROR   | Classification failed: [Errno 111] Connection refused
2026-08-20 10:24:45,774 | INFO    | Classify request — alert keys: ['alert_id', 'timestamp', 'source', 'rule', 'category', 'raw_log', 'indicators', 'mitre_hint', 'status']
2026-08-20 10:24:46,006 | WARNING | RAG classification failed, falling back to plain chain: 429 You exceeded your current quota, please check your plan and billing details. For more information on this error, head to: https://ai.google.dev/gemini-api/docs/rate-limits. To monitor your current usage, head to: https://ai.dev/rate-limit. 
* Quota exceeded for metric: generativelanguage.googleapis.com/generate_content_free_tier_requests, limit: 15, model: gemini-3.5-flash-lite
Please retry in 14.04577993s. [links {
  description: "Learn more about Gemini API quotas"
  url: "https://ai.google.dev/gemini-api/docs/rate-limits"
}
, violations {
  quota_metric: "generativelanguage.googleapis.com/generate_content_free_tier_requests"
  quota_id: "GenerateRequestsPerMinutePerProjectPerModel-FreeTier"
  quota_dimensions {
    key: "model"
    value: "gemini-3.5-flash-lite"
  }
  quota_dimensions {
    key: "location"
    value: "global"
  }
  quota_value: 15
}
, retry_delay {
  seconds: 14
}
]
2026-08-20 10:24:46,023 | ERROR   | Classification failed: [Errno 111] Connection refused
2026-08-20 10:24:46,026 | INFO    | Classify request — alert keys: ['alert_id', 'timestamp', 'source', 'rule', 'category', 'raw_log', 'indicators', 'mitre_hint', 'status']
2026-08-20 10:24:46,271 | WARNING | RAG classification failed, falling back to plain chain: 429 You exceeded your current quota, please check your plan and billing details. For more information on this error, head to: https://ai.google.dev/gemini-api/docs/rate-limits. To monitor your current usage, head to: https://ai.dev/rate-limit. 
* Quota exceeded for metric: generativelanguage.googleapis.com/generate_content_free_tier_requests, limit: 15, model: gemini-3.5-flash-lite
Please retry in 13.782953789s. [links {
  description: "Learn more about Gemini API quotas"
  url: "https://ai.google.dev/gemini-api/docs/rate-limits"
}
, violations {
  quota_metric: "generativelanguage.googleapis.com/generate_content_free_tier_requests"
  quota_id: "GenerateRequestsPerMinutePerProjectPerModel-FreeTier"
  quota_dimensions {
    key: "model"
    value: "gemini-3.5-flash-lite"
  }
  quota_dimensions {
    key: "location"
    value: "global"
  }
  quota_value: 15
}
, retry_delay {
  seconds: 13
}
]
2026-08-20 10:24:46,285 | ERROR   | Classification failed: [Errno 111] Connection refused
2026-08-20 10:24:46,288 | INFO    | Classify request — alert keys: ['alert_id', 'timestamp', 'source', 'rule', 'category', 'raw_log', 'indicators', 'mitre_hint', 'status']
2026-08-20 10:24:46,338 | INFO    | Alert saved: 1787201681.44499
2026-08-20 10:24:46,338 | INFO    | Alert saved: 1787201683.45559
2026-08-20 10:24:46,338 | INFO    | Alert saved: 1787201681.43954
2026-08-20 10:24:46,339 | INFO    | Alert saved: 1787201681.45035
2026-08-20 10:24:46,518 | WARNING | RAG classification failed, falling back to plain chain: 429 You exceeded your current quota, please check your plan and billing details. For more information on this error, head to: https://ai.google.dev/gemini-api/docs/rate-limits. To monitor your current usage, head to: https://ai.dev/rate-limit. 
* Quota exceeded for metric: generativelanguage.googleapis.com/generate_content_free_tier_requests, limit: 15, model: gemini-3.5-flash-lite
Please retry in 13.528572957s. [links {
  description: "Learn more about Gemini API quotas"
  url: "https://ai.google.dev/gemini-api/docs/rate-limits"
}
, violations {
  quota_metric: "generativelanguage.googleapis.com/generate_content_free_tier_requests"
  quota_id: "GenerateRequestsPerMinutePerProjectPerModel-FreeTier"
  quota_dimensions {
    key: "model"
    value: "gemini-3.5-flash-lite"
  }
  quota_dimensions {
    key: "location"
    value: "global"
  }
  quota_value: 15
}
, retry_delay {
  seconds: 13
}
]
2026-08-20 10:24:46,534 | ERROR   | Classification failed: [Errno 111] Connection refused
2026-08-20 10:24:46,538 | INFO    | Classify request — alert keys: ['alert_id', 'timestamp', 'source', 'rule', 'category', 'raw_log', 'indicators', 'mitre_hint', 'status']
2026-08-20 10:24:46,598 | WARNING | Background auto-classification failed for 1787201681.44499: 429 You exceeded your current quota, please check your plan and billing details. For more information on this error, head to: https://ai.google.dev/gemini-api/docs/rate-limits. To monitor your current usage, head to: https://ai.dev/rate-limit. 
* Quota exceeded for metric: generativelanguage.googleapis.com/generate_content_free_tier_requests, limit: 15, model: gemini-3.5-flash-lite
Please retry in 13.448813168s. [links {
  description: "Learn more about Gemini API quotas"
  url: "https://ai.google.dev/gemini-api/docs/rate-limits"
}
, violations {
  quota_metric: "generativelanguage.googleapis.com/generate_content_free_tier_requests"
  quota_id: "GenerateRequestsPerMinutePerProjectPerModel-FreeTier"
  quota_dimensions {
    key: "model"
    value: "gemini-3.5-flash-lite"
  }
  quota_dimensions {
    key: "location"
    value: "global"
  }
  quota_value: 15
}
, retry_delay {
  seconds: 13
}
]. Alert stays at its last saved severity; can be classified manually later.
2026-08-20 10:24:46,600 | WARNING | Background auto-classification failed for 1787201681.43954: 429 You exceeded your current quota, please check your plan and billing details. For more information on this error, head to: https://ai.google.dev/gemini-api/docs/rate-limits. To monitor your current usage, head to: https://ai.dev/rate-limit. 
* Quota exceeded for metric: generativelanguage.googleapis.com/generate_content_free_tier_requests, limit: 15, model: gemini-3.5-flash-lite
Please retry in 13.447511912s. [links {
  description: "Learn more about Gemini API quotas"
  url: "https://ai.google.dev/gemini-api/docs/rate-limits"
}
, violations {
  quota_metric: "generativelanguage.googleapis.com/generate_content_free_tier_requests"
  quota_id: "GenerateRequestsPerMinutePerProjectPerModel-FreeTier"
  quota_dimensions {
    key: "model"
    value: "gemini-3.5-flash-lite"
  }
  quota_dimensions {
    key: "location"
    value: "global"
  }
  quota_value: 15
}
, retry_delay {
  seconds: 13
}
]. Alert stays at its last saved severity; can be classified manually later.
2026-08-20 10:24:46,616 | WARNING | Background auto-classification failed for 1787201683.45559: 429 You exceeded your current quota, please check your plan and billing details. For more information on this error, head to: https://ai.google.dev/gemini-api/docs/rate-limits. To monitor your current usage, head to: https://ai.dev/rate-limit. 
* Quota exceeded for metric: generativelanguage.googleapis.com/generate_content_free_tier_requests, limit: 15, model: gemini-3.5-flash-lite
Please retry in 13.431232643s. [links {
  description: "Learn more about Gemini API quotas"
  url: "https://ai.google.dev/gemini-api/docs/rate-limits"
}
, violations {
  quota_metric: "generativelanguage.googleapis.com/generate_content_free_tier_requests"
  quota_id: "GenerateRequestsPerMinutePerProjectPerModel-FreeTier"
  quota_dimensions {
    key: "model"
    value: "gemini-3.5-flash-lite"
  }
  quota_dimensions {
    key: "location"
    value: "global"
  }
  quota_value: 15
}
, retry_delay {
  seconds: 13
}
]. Alert stays at its last saved severity; can be classified manually later.
2026-08-20 10:24:46,628 | WARNING | Background auto-classification failed for 1787201681.45035: 429 You exceeded your current quota, please check your plan and billing details. For more information on this error, head to: https://ai.google.dev/gemini-api/docs/rate-limits. To monitor your current usage, head to: https://ai.dev/rate-limit. 
* Quota exceeded for metric: generativelanguage.googleapis.com/generate_content_free_tier_requests, limit: 15, model: gemini-3.5-flash-lite
Please retry in 13.419143736s. [links {
  description: "Learn more about Gemini API quotas"
  url: "https://ai.google.dev/gemini-api/docs/rate-limits"
}
, violations {
  quota_metric: "generativelanguage.googleapis.com/generate_content_free_tier_requests"
  quota_id: "GenerateRequestsPerMinutePerProjectPerModel-FreeTier"
  quota_dimensions {
    key: "model"
    value: "gemini-3.5-flash-lite"
  }
  quota_dimensions {
    key: "location"
    value: "global"
  }
  quota_value: 15
}
, retry_delay {
  seconds: 13
}
]. Alert stays at its last saved severity; can be classified manually later.
2026-08-20 10:24:46,738 | WARNING | RAG classification failed, falling back to plain chain: 429 You exceeded your current quota, please check your plan and billing details. For more information on this error, head to: https://ai.google.dev/gemini-api/docs/rate-limits. To monitor your current usage, head to: https://ai.dev/rate-limit. 
* Quota exceeded for metric: generativelanguage.googleapis.com/generate_content_free_tier_requests, limit: 15, model: gemini-3.5-flash-lite
Please retry in 13.309954128s. [links {
  description: "Learn more about Gemini API quotas"
  url: "https://ai.google.dev/gemini-api/docs/rate-limits"
}
, violations {
  quota_metric: "generativelanguage.googleapis.com/generate_content_free_tier_requests"
  quota_id: "GenerateRequestsPerMinutePerProjectPerModel-FreeTier"
  quota_dimensions {
    key: "model"
    value: "gemini-3.5-flash-lite"
  }
  quota_dimensions {
    key: "location"
    value: "global"
  }
  quota_value: 15
}
, retry_delay {
  seconds: 13
}
]
2026-08-20 10:24:46,756 | ERROR   | Classification failed: [Errno 111] Connection refused
2026-08-20 10:24:46,760 | INFO    | Classify request — alert keys: ['alert_id', 'timestamp', 'source', 'rule', 'category', 'raw_log', 'indicators', 'mitre_hint', 'status']
2026-08-20 10:24:46,990 | WARNING | RAG classification failed, falling back to plain chain: 429 You exceeded your current quota, please check your plan and billing details. For more information on this error, head to: https://ai.google.dev/gemini-api/docs/rate-limits. To monitor your current usage, head to: https://ai.dev/rate-limit. 
* Quota exceeded for metric: generativelanguage.googleapis.com/generate_content_free_tier_requests, limit: 15, model: gemini-3.5-flash-lite
Please retry in 13.058427066s. [links {
  description: "Learn more about Gemini API quotas"
  url: "https://ai.google.dev/gemini-api/docs/rate-limits"
}
, violations {
  quota_metric: "generativelanguage.googleapis.com/generate_content_free_tier_requests"
  quota_id: "GenerateRequestsPerMinutePerProjectPerModel-FreeTier"
  quota_dimensions {
    key: "model"
    value: "gemini-3.5-flash-lite"
  }
  quota_dimensions {
    key: "location"
    value: "global"
  }
  quota_value: 15
}
, retry_delay {
  seconds: 13
}
]
2026-08-20 10:24:47,011 | ERROR   | Classification failed: [Errno 111] Connection refused
2026-08-20 10:24:47,015 | INFO    | Classify request — alert keys: ['alert_id', 'timestamp', 'source', 'rule', 'category', 'raw_log', 'indicators', 'mitre_hint', 'status']
2026-08-20 10:24:47,232 | WARNING | RAG classification failed, falling back to plain chain: 429 You exceeded your current quota, please check your plan and billing details. For more information on this error, head to: https://ai.google.dev/gemini-api/docs/rate-limits. To monitor your current usage, head to: https://ai.dev/rate-limit. 
* Quota exceeded for metric: generativelanguage.googleapis.com/generate_content_free_tier_requests, limit: 15, model: gemini-3.5-flash-lite
Please retry in 12.817522697s. [links {
  description: "Learn more about Gemini API quotas"
  url: "https://ai.google.dev/gemini-api/docs/rate-limits"
}
, violations {
  quota_metric: "generativelanguage.googleapis.com/generate_content_free_tier_requests"
  quota_id: "GenerateRequestsPerMinutePerProjectPerModel-FreeTier"
  quota_dimensions {
    key: "model"
    value: "gemini-3.5-flash-lite"
  }
  quota_dimensions {
    key: "location"
    value: "global"
  }
  quota_value: 15
}
, retry_delay {
  seconds: 12
}
]
2026-08-20 10:24:47,245 | ERROR   | Classification failed: [Errno 111] Connection refused
2026-08-20 10:24:47,248 | INFO    | Classify request — alert keys: ['alert_id', 'timestamp', 'source', 'rule', 'category', 'raw_log', 'indicators', 'mitre_hint', 'status']
2026-08-20 10:24:47,457 | WARNING | RAG classification failed, falling back to plain chain: 429 You exceeded your current quota, please check your plan and billing details. For more information on this error, head to: https://ai.google.dev/gemini-api/docs/rate-limits. To monitor your current usage, head to: https://ai.dev/rate-limit. 
* Quota exceeded for metric: generativelanguage.googleapis.com/generate_content_free_tier_requests, limit: 15, model: gemini-3.5-flash-lite
Please retry in 12.58982008s. [links {
  description: "Learn more about Gemini API quotas"
  url: "https://ai.google.dev/gemini-api/docs/rate-limits"
}
, violations {
  quota_metric: "generativelanguage.googleapis.com/generate_content_free_tier_requests"
  quota_id: "GenerateRequestsPerMinutePerProjectPerModel-FreeTier"
  quota_dimensions {
    key: "model"
    value: "gemini-3.5-flash-lite"
  }
  quota_dimensions {
    key: "location"
    value: "global"
  }
  quota_value: 15
}
, retry_delay {
  seconds: 12
}
]
2026-08-20 10:24:47,469 | ERROR   | Classification failed: [Errno 111] Connection refused
2026-08-20 10:24:47,474 | INFO    | Classify request — alert keys: ['alert_id', 'timestamp', 'source', 'rule', 'category', 'raw_log', 'indicators', 'mitre_hint', 'status']
2026-08-20 10:24:47,698 | WARNING | RAG classification failed, falling back to plain chain: 429 You exceeded your current quota, please check your plan and billing details. For more information on this error, head to: https://ai.google.dev/gemini-api/docs/rate-limits. To monitor your current usage, head to: https://ai.dev/rate-limit. 
* Quota exceeded for metric: generativelanguage.googleapis.com/generate_content_free_tier_requests, limit: 15, model: gemini-3.5-flash-lite
Please retry in 12.349728055s. [links {
  description: "Learn more about Gemini API quotas"
  url: "https://ai.google.dev/gemini-api/docs/rate-limits"
}
, violations {
  quota_metric: "generativelanguage.googleapis.com/generate_content_free_tier_requests"
  quota_id: "GenerateRequestsPerMinutePerProjectPerModel-FreeTier"
  quota_dimensions {
    key: "model"
    value: "gemini-3.5-flash-lite"
  }
  quota_dimensions {
    key: "location"
    value: "global"
  }
  quota_value: 15
}
, retry_delay {
  seconds: 12
}
]
2026-08-20 10:24:47,715 | ERROR   | Classification failed: [Errno 111] Connection refused
2026-08-20 10:24:47,722 | INFO    | Classify request — alert keys: ['alert_id', 'timestamp', 'source', 'rule', 'category', 'raw_log', 'indicators', 'mitre_hint', 'status']
2026-08-20 10:24:47,958 | WARNING | RAG classification failed, falling back to plain chain: 429 You exceeded your current quota, please check your plan and billing details. For more information on this error, head to: https://ai.google.dev/gemini-api/docs/rate-limits. To monitor your current usage, head to: https://ai.dev/rate-limit. 
* Quota exceeded for metric: generativelanguage.googleapis.com/generate_content_free_tier_requests, limit: 15, model: gemini-3.5-flash-lite
Please retry in 12.088859311s. [links {
  description: "Learn more about Gemini API quotas"
  url: "https://ai.google.dev/gemini-api/docs/rate-limits"
}
, violations {
  quota_metric: "generativelanguage.googleapis.com/generate_content_free_tier_requests"
  quota_id: "GenerateRequestsPerMinutePerProjectPerModel-FreeTier"
  quota_dimensions {
    key: "model"
    value: "gemini-3.5-flash-lite"
  }
  quota_dimensions {
    key: "location"
    value: "global"
  }
  quota_value: 15
}
, retry_delay {
  seconds: 12
}
]
2026-08-20 10:24:47,972 | ERROR   | Classification failed: [Errno 111] Connection refused
2026-08-20 10:24:47,978 | INFO    | Classify request — alert keys: ['alert_id', 'timestamp', 'source', 'rule', 'category', 'raw_log', 'indicators', 'mitre_hint', 'status']
2026-08-20 10:24:48,211 | WARNING | RAG classification failed, falling back to plain chain: 429 You exceeded your current quota, please check your plan and billing details. For more information on this error, head to: https://ai.google.dev/gemini-api/docs/rate-limits. To monitor your current usage, head to: https://ai.dev/rate-limit. 
* Quota exceeded for metric: generativelanguage.googleapis.com/generate_content_free_tier_requests, limit: 15, model: gemini-3.5-flash-lite
Please retry in 11.836764347s. [links {
  description: "Learn more about Gemini API quotas"
  url: "https://ai.google.dev/gemini-api/docs/rate-limits"
}
, violations {
  quota_metric: "generativelanguage.googleapis.com/generate_content_free_tier_requests"
  quota_id: "GenerateRequestsPerMinutePerProjectPerModel-FreeTier"
  quota_dimensions {
    key: "model"
    value: "gemini-3.5-flash-lite"
  }
  quota_dimensions {
    key: "location"
    value: "global"
  }
  quota_value: 15
}
, retry_delay {
  seconds: 11
}
]
2026-08-20 10:24:48,228 | ERROR   | Classification failed: [Errno 111] Connection refused
2026-08-20 10:24:48,232 | INFO    | Classify request — alert keys: ['alert_id', 'timestamp', 'source', 'rule', 'category', 'raw_log', 'indicators', 'mitre_hint', 'status']
2026-08-20 10:24:48,467 | WARNING | RAG classification failed, falling back to plain chain: 429 You exceeded your current quota, please check your plan and billing details. For more information on this error, head to: https://ai.google.dev/gemini-api/docs/rate-limits. To monitor your current usage, head to: https://ai.dev/rate-limit. 
* Quota exceeded for metric: generativelanguage.googleapis.com/generate_content_free_tier_requests, limit: 15, model: gemini-3.5-flash-lite
Please retry in 11.579592621s. [links {
  description: "Learn more about Gemini API quotas"
  url: "https://ai.google.dev/gemini-api/docs/rate-limits"
}
, violations {
  quota_metric: "generativelanguage.googleapis.com/generate_content_free_tier_requests"
  quota_id: "GenerateRequestsPerMinutePerProjectPerModel-FreeTier"
  quota_dimensions {
    key: "model"
    value: "gemini-3.5-flash-lite"
  }
  quota_dimensions {
    key: "location"
    value: "global"
  }
  quota_value: 15
}
, retry_delay {
  seconds: 11
}
]
2026-08-20 10:24:48,484 | ERROR   | Classification failed: [Errno 111] Connection refused
2026-08-20 10:24:48,494 | INFO    | Classify request — alert keys: ['alert_id', 'timestamp', 'source', 'rule', 'category', 'raw_log', 'indicators', 'mitre_hint', 'status']
2026-08-20 10:24:48,728 | WARNING | RAG classification failed, falling back to plain chain: 429 You exceeded your current quota, please check your plan and billing details. For more information on this error, head to: https://ai.google.dev/gemini-api/docs/rate-limits. To monitor your current usage, head to: https://ai.dev/rate-limit. 
* Quota exceeded for metric: generativelanguage.googleapis.com/generate_content_free_tier_requests, limit: 15, model: gemini-3.5-flash-lite
Please retry in 11.3199059s. [links {
  description: "Learn more about Gemini API quotas"
  url: "https://ai.google.dev/gemini-api/docs/rate-limits"
}
, violations {
  quota_metric: "generativelanguage.googleapis.com/generate_content_free_tier_requests"
  quota_id: "GenerateRequestsPerMinutePerProjectPerModel-FreeTier"
  quota_dimensions {
    key: "model"
    value: "gemini-3.5-flash-lite"
  }
  quota_dimensions {
    key: "location"
    value: "global"
  }
  quota_value: 15
}
, retry_delay {
  seconds: 11
}
]
2026-08-20 10:24:48,743 | ERROR   | Classification failed: [Errno 111] Connection refused
2026-08-20 10:24:48,747 | INFO    | Classify request — alert keys: ['alert_id', 'timestamp', 'source', 'rule', 'category', 'raw_log', 'indicators', 'mitre_hint', 'status']
2026-08-20 10:24:48,957 | WARNING | RAG classification failed, falling back to plain chain: 429 You exceeded your current quota, please check your plan and billing details. For more information on this error, head to: https://ai.google.dev/gemini-api/docs/rate-limits. To monitor your current usage, head to: https://ai.dev/rate-limit. 
* Quota exceeded for metric: generativelanguage.googleapis.com/generate_content_free_tier_requests, limit: 15, model: gemini-3.5-flash-lite
Please retry in 11.09143012s. [links {
  description: "Learn more about Gemini API quotas"
  url: "https://ai.google.dev/gemini-api/docs/rate-limits"
}
, violations {
  quota_metric: "generativelanguage.googleapis.com/generate_content_free_tier_requests"
  quota_id: "GenerateRequestsPerMinutePerProjectPerModel-FreeTier"
  quota_dimensions {
    key: "model"
    value: "gemini-3.5-flash-lite"
  }
  quota_dimensions {
    key: "location"
    value: "global"
  }
  quota_value: 15
}
, retry_delay {
  seconds: 11
}
]
2026-08-20 10:24:48,970 | ERROR   | Classification failed: [Errno 111] Connection refused
2026-08-20 10:24:48,974 | INFO    | Classify request — alert keys: ['alert_id', 'timestamp', 'source', 'rule', 'category', 'raw_log', 'indicators', 'mitre_hint', 'status']
2026-08-20 10:24:49,193 | WARNING | RAG classification failed, falling back to plain chain: 429 You exceeded your current quota, please check your plan and billing details. For more information on this error, head to: https://ai.google.dev/gemini-api/docs/rate-limits. To monitor your current usage, head to: https://ai.dev/rate-limit. 
* Quota exceeded for metric: generativelanguage.googleapis.com/generate_content_free_tier_requests, limit: 15, model: gemini-3.5-flash-lite
Please retry in 10.854240336s. [links {
  description: "Learn more about Gemini API quotas"
  url: "https://ai.google.dev/gemini-api/docs/rate-limits"
}
, violations {
  quota_metric: "generativelanguage.googleapis.com/generate_content_free_tier_requests"
  quota_id: "GenerateRequestsPerMinutePerProjectPerModel-FreeTier"
  quota_dimensions {
    key: "model"
    value: "gemini-3.5-flash-lite"
  }
  quota_dimensions {
    key: "location"
    value: "global"
  }
  quota_value: 15
}
, retry_delay {
  seconds: 10
}
]
2026-08-20 10:24:49,208 | ERROR   | Classification failed: [Errno 111] Connection refused
2026-08-20 10:24:49,215 | INFO    | Classify request — alert keys: ['alert_id', 'timestamp', 'source', 'rule', 'category', 'raw_log', 'indicators', 'mitre_hint', 'status']
2026-08-20 10:24:49,427 | WARNING | RAG classification failed, falling back to plain chain: 429 You exceeded your current quota, please check your plan and billing details. For more information on this error, head to: https://ai.google.dev/gemini-api/docs/rate-limits. To monitor your current usage, head to: https://ai.dev/rate-limit. 
* Quota exceeded for metric: generativelanguage.googleapis.com/generate_content_free_tier_requests, limit: 15, model: gemini-3.5-flash-lite
Please retry in 10.621237582s. [links {
  description: "Learn more about Gemini API quotas"
  url: "https://ai.google.dev/gemini-api/docs/rate-limits"
}
, violations {
  quota_metric: "generativelanguage.googleapis.com/generate_content_free_tier_requests"
  quota_id: "GenerateRequestsPerMinutePerProjectPerModel-FreeTier"
  quota_dimensions {
    key: "model"
    value: "gemini-3.5-flash-lite"
  }
  quota_dimensions {
    key: "location"
    value: "global"
  }
  quota_value: 15
}
, retry_delay {
  seconds: 10
}
]
2026-08-20 10:24:49,451 | ERROR   | Classification failed: [Errno 111] Connection refused
2026-08-20 10:24:49,456 | INFO    | Classify request — alert keys: ['alert_id', 'timestamp', 'source', 'rule', 'category', 'raw_log', 'indicators', 'mitre_hint', 'status']
2026-08-20 10:24:49,672 | WARNING | RAG classification failed, falling back to plain chain: 429 You exceeded your current quota, please check your plan and billing details. For more information on this error, head to: https://ai.google.dev/gemini-api/docs/rate-limits. To monitor your current usage, head to: https://ai.dev/rate-limit. 
* Quota exceeded for metric: generativelanguage.googleapis.com/generate_content_free_tier_requests, limit: 15, model: gemini-3.5-flash-lite
Please retry in 10.375366434s. [links {
  description: "Learn more about Gemini API quotas"
  url: "https://ai.google.dev/gemini-api/docs/rate-limits"
}
, violations {
  quota_metric: "generativelanguage.googleapis.com/generate_content_free_tier_requests"
  quota_id: "GenerateRequestsPerMinutePerProjectPerModel-FreeTier"
  quota_dimensions {
    key: "model"
    value: "gemini-3.5-flash-lite"
  }
  quota_dimensions {
    key: "location"
    value: "global"
  }
  quota_value: 15
}
, retry_delay {
  seconds: 10
}
]
2026-08-20 10:24:49,686 | ERROR   | Classification failed: [Errno 111] Connection refused
2026-08-20 10:33:06,415 | INFO    | VigilanceAI backend starting — database initialized
2026-08-20 18:21:40,522 | INFO    | VigilanceAI backend starting — database initialized
2026-08-20 20:53:15,164 | INFO    | VigilanceAI backend starting — database initialized
2026-08-21 00:46:30,333 | INFO    | VigilanceAI backend starting — database initialized
2026-08-21 01:04:32,622 | INFO    | Report request — alert: 1787201674.37442
2026-08-21 01:04:35,385 | INFO    | Report generated successfully
2026-08-21 01:04:35,446 | INFO    | Report saved: alert_id=1787201674.37442
2026-08-21 01:44:32,862 | INFO    | VigilanceAI backend starting — database initialized
2026-08-21 20:26:51,419 | INFO    | VigilanceAI backend starting — database initialized
2026-08-21 20:29:08,057 | INFO    | Report request — alert: 1787201674.37442
2026-08-21 20:29:10,632 | INFO    | Report generated successfully
2026-08-21 20:29:10,664 | INFO    | Report saved: alert_id=1787201674.37442
2026-08-21 20:31:39,926 | INFO    | VigilanceAI backend starting — database initialized
2026-08-21 20:31:48,364 | INFO    | HTTP Request: HEAD https://huggingface.co/sentence-transformers/all-MiniLM-L6-v2/resolve/main/modules.json "HTTP/1.1 307 Temporary Redirect"
2026-08-21 20:31:48,398 | INFO    | HTTP Request: HEAD https://huggingface.co/api/resolve-cache/models/sentence-transformers/all-MiniLM-L6-v2/1110a243fdf4706b3f48f1d95db1a4f5529b4d41/modules.json "HTTP/1.1 200 OK"
2026-08-21 20:31:48,620 | INFO    | HTTP Request: HEAD https://huggingface.co/sentence-transformers/all-MiniLM-L6-v2/resolve/main/config_sentence_transformers.json "HTTP/1.1 307 Temporary Redirect"
2026-08-21 20:31:48,621 | WARNING | Warning: You are sending unauthenticated requests to the HF Hub. Please set a HF_TOKEN to enable higher rate limits and faster downloads.
2026-08-21 20:31:48,634 | INFO    | HTTP Request: HEAD https://huggingface.co/api/resolve-cache/models/sentence-transformers/all-MiniLM-L6-v2/1110a243fdf4706b3f48f1d95db1a4f5529b4d41/config_sentence_transformers.json "HTTP/1.1 200 OK"
2026-08-21 20:31:48,635 | INFO    | Loading SentenceTransformer model from sentence-transformers/all-MiniLM-L6-v2.
2026-08-21 20:31:48,855 | INFO    | HTTP Request: HEAD https://huggingface.co/sentence-transformers/all-MiniLM-L6-v2/resolve/main/config_sentence_transformers.json "HTTP/1.1 307 Temporary Redirect"
2026-08-21 20:31:48,867 | INFO    | HTTP Request: HEAD https://huggingface.co/api/resolve-cache/models/sentence-transformers/all-MiniLM-L6-v2/1110a243fdf4706b3f48f1d95db1a4f5529b4d41/config_sentence_transformers.json "HTTP/1.1 200 OK"
2026-08-21 20:31:49,078 | INFO    | HTTP Request: HEAD https://huggingface.co/sentence-transformers/all-MiniLM-L6-v2/resolve/main/README.md "HTTP/1.1 307 Temporary Redirect"
2026-08-21 20:31:49,090 | INFO    | HTTP Request: HEAD https://huggingface.co/api/resolve-cache/models/sentence-transformers/all-MiniLM-L6-v2/1110a243fdf4706b3f48f1d95db1a4f5529b4d41/README.md "HTTP/1.1 200 OK"
2026-08-21 20:31:49,298 | INFO    | HTTP Request: HEAD https://huggingface.co/sentence-transformers/all-MiniLM-L6-v2/resolve/main/modules.json "HTTP/1.1 307 Temporary Redirect"
2026-08-21 20:31:49,312 | INFO    | HTTP Request: HEAD https://huggingface.co/api/resolve-cache/models/sentence-transformers/all-MiniLM-L6-v2/1110a243fdf4706b3f48f1d95db1a4f5529b4d41/modules.json "HTTP/1.1 200 OK"
2026-08-21 20:31:49,526 | INFO    | HTTP Request: HEAD https://huggingface.co/sentence-transformers/all-MiniLM-L6-v2/resolve/main/sentence_bert_config.json "HTTP/1.1 307 Temporary Redirect"
2026-08-21 20:31:49,537 | INFO    | HTTP Request: HEAD https://huggingface.co/api/resolve-cache/models/sentence-transformers/all-MiniLM-L6-v2/1110a243fdf4706b3f48f1d95db1a4f5529b4d41/sentence_bert_config.json "HTTP/1.1 200 OK"
2026-08-21 20:31:49,746 | INFO    | HTTP Request: HEAD https://huggingface.co/sentence-transformers/all-MiniLM-L6-v2/resolve/main/adapter_config.json "HTTP/1.1 404 Not Found"
2026-08-21 20:31:49,956 | INFO    | HTTP Request: HEAD https://huggingface.co/sentence-transformers/all-MiniLM-L6-v2/resolve/main/config.json "HTTP/1.1 307 Temporary Redirect"
2026-08-21 20:31:49,969 | INFO    | HTTP Request: HEAD https://huggingface.co/api/resolve-cache/models/sentence-transformers/all-MiniLM-L6-v2/1110a243fdf4706b3f48f1d95db1a4f5529b4d41/config.json "HTTP/1.1 200 OK"
2026-08-21 20:31:50,310 | INFO    | HTTP Request: HEAD https://huggingface.co/sentence-transformers/all-MiniLM-L6-v2/resolve/main/processor_config.json "HTTP/1.1 404 Not Found"
2026-08-21 20:31:50,531 | INFO    | HTTP Request: HEAD https://huggingface.co/sentence-transformers/all-MiniLM-L6-v2/resolve/main/preprocessor_config.json "HTTP/1.1 404 Not Found"
2026-08-21 20:31:50,740 | INFO    | HTTP Request: HEAD https://huggingface.co/sentence-transformers/all-MiniLM-L6-v2/resolve/main/video_preprocessor_config.json "HTTP/1.1 404 Not Found"
2026-08-21 20:31:50,952 | INFO    | HTTP Request: HEAD https://huggingface.co/sentence-transformers/all-MiniLM-L6-v2/resolve/main/preprocessor_config.json "HTTP/1.1 404 Not Found"
2026-08-21 20:31:51,161 | INFO    | HTTP Request: HEAD https://huggingface.co/sentence-transformers/all-MiniLM-L6-v2/resolve/main/tokenizer_config.json "HTTP/1.1 307 Temporary Redirect"
2026-08-21 20:31:51,173 | INFO    | HTTP Request: HEAD https://huggingface.co/api/resolve-cache/models/sentence-transformers/all-MiniLM-L6-v2/1110a243fdf4706b3f48f1d95db1a4f5529b4d41/tokenizer_config.json "HTTP/1.1 200 OK"
2026-08-21 20:31:51,397 | INFO    | HTTP Request: HEAD https://huggingface.co/sentence-transformers/all-MiniLM-L6-v2/resolve/main/config.json "HTTP/1.1 307 Temporary Redirect"
2026-08-21 20:31:51,407 | INFO    | HTTP Request: HEAD https://huggingface.co/api/resolve-cache/models/sentence-transformers/all-MiniLM-L6-v2/1110a243fdf4706b3f48f1d95db1a4f5529b4d41/config.json "HTTP/1.1 200 OK"
2026-08-21 20:31:51,622 | INFO    | HTTP Request: HEAD https://huggingface.co/sentence-transformers/all-MiniLM-L6-v2/resolve/main/config.json "HTTP/1.1 307 Temporary Redirect"
2026-08-21 20:31:51,634 | INFO    | HTTP Request: HEAD https://huggingface.co/api/resolve-cache/models/sentence-transformers/all-MiniLM-L6-v2/1110a243fdf4706b3f48f1d95db1a4f5529b4d41/config.json "HTTP/1.1 200 OK"
2026-08-21 20:31:51,908 | INFO    | HTTP Request: HEAD https://huggingface.co/sentence-transformers/all-MiniLM-L6-v2/resolve/main/tokenizer_config.json "HTTP/1.1 307 Temporary Redirect"
2026-08-21 20:31:51,921 | INFO    | HTTP Request: HEAD https://huggingface.co/api/resolve-cache/models/sentence-transformers/all-MiniLM-L6-v2/1110a243fdf4706b3f48f1d95db1a4f5529b4d41/tokenizer_config.json "HTTP/1.1 200 OK"
2026-08-21 20:31:52,136 | INFO    | HTTP Request: GET https://huggingface.co/api/models/sentence-transformers/all-MiniLM-L6-v2/tree/main/additional_chat_templates?recursive=false&expand=false "HTTP/1.1 404 Not Found"
2026-08-21 20:31:52,351 | INFO    | HTTP Request: GET https://huggingface.co/api/models/sentence-transformers/all-MiniLM-L6-v2/tree/main?recursive=true&expand=false "HTTP/1.1 200 OK"
2026-08-21 20:31:52,664 | INFO    | HTTP Request: HEAD https://huggingface.co/sentence-transformers/all-MiniLM-L6-v2/resolve/main/1_Pooling/config.json "HTTP/1.1 307 Temporary Redirect"
2026-08-21 20:31:52,679 | INFO    | HTTP Request: HEAD https://huggingface.co/api/resolve-cache/models/sentence-transformers/all-MiniLM-L6-v2/1110a243fdf4706b3f48f1d95db1a4f5529b4d41/1_Pooling%2Fconfig.json "HTTP/1.1 200 OK"
2026-08-21 20:31:52,914 | INFO    | HTTP Request: GET https://huggingface.co/api/models/sentence-transformers/all-MiniLM-L6-v2 "HTTP/1.1 200 OK"
2026-08-21 20:31:55,079 | INFO    | Alert 1787201675.39298 auto-classified as HIGH (background)
2026-08-21 20:31:58,952 | INFO    | Alert 1787201676.41289 auto-classified as MEDIUM (background)
2026-08-21 20:32:02,762 | INFO    | Alert 1787201677.41825 auto-classified as MEDIUM (background)
2026-08-21 20:32:06,904 | INFO    | Alert 1787201679.42894 auto-classified as MEDIUM (background)
2026-08-21 20:32:10,495 | INFO    | Alert 1787201679.43430 auto-classified as MEDIUM (background)
2026-08-21 20:32:14,149 | INFO    | Alert 1787201681.43954 auto-classified as HIGH (background)
2026-08-21 20:32:18,040 | INFO    | Alert 1787201681.44499 auto-classified as MEDIUM (background)
2026-08-21 20:32:22,034 | INFO    | Alert 1787201681.45035 auto-classified as MEDIUM (background)
2026-08-21 20:32:25,925 | INFO    | Alert 1787201683.45559 auto-classified as LOW (background)
2026-08-21 20:39:32,548 | INFO    | Report request — alert: 1787201674.37442
2026-08-21 20:39:34,758 | INFO    | Report generated successfully
2026-08-21 20:39:34,843 | INFO    | Report saved: alert_id=1787201674.37442
2026-08-21 20:39:44,625 | INFO    | Report request — alert: 1787201673.36779
2026-08-21 20:39:46,617 | INFO    | Report generated successfully
2026-08-21 20:39:46,644 | INFO    | Report saved: alert_id=1787201673.36779
2026-08-21 20:40:49,686 | INFO    | Report request — alert: 1787201675.39298
2026-08-21 20:40:52,326 | INFO    | Report generated successfully
2026-08-21 20:40:52,422 | INFO    | Report saved: alert_id=1787201675.39298
2026-08-21 20:42:16,372 | INFO    | Report request — alert: 1787201674.37442
2026-08-21 20:42:18,121 | INFO    | Report request — alert: 1787201673.36779
2026-08-21 20:42:18,998 | INFO    | Report generated successfully
2026-08-21 20:42:19,041 | INFO    | Report saved: alert_id=1787201674.37442
2026-08-21 20:42:20,456 | INFO    | Report generated successfully
2026-08-21 20:42:20,490 | INFO    | Report saved: alert_id=1787201673.36779
2026-08-22 12:28:40,741 | INFO    | VigilanceAI backend starting — database initialized
2026-08-22 12:31:58,718 | INFO    | Report request — alert: 1787201674.37442
2026-08-22 12:32:02,761 | INFO    | Report generated successfully
2026-08-22 12:32:02,859 | INFO    | Report saved: alert_id=1787201674.37442
2026-08-22 12:32:17,146 | INFO    | Report request — alert: 1787201675.39298
2026-08-22 12:32:19,843 | INFO    | Report generated successfully
2026-08-22 12:32:19,869 | INFO    | Report saved: alert_id=1787201675.39298
2026-08-22 12:33:00,693 | INFO    | Report request — alert: 1787201674.37442
2026-08-22 12:33:03,920 | INFO    | Report generated successfully
2026-08-22 12:33:03,949 | INFO    | Report saved: alert_id=1787201674.37442
2026-08-22 12:35:16,581 | INFO    | Report request — alert: 1787201674.37442
2026-08-22 12:35:20,015 | INFO    | Report generated successfully
2026-08-22 12:35:20,057 | INFO    | Report saved: alert_id=1787201674.37442
2026-08-22 12:39:07,994 | INFO    | Report request — alert: 1787201674.37442
2026-08-22 12:39:11,988 | INFO    | Report generated successfully
2026-08-22 12:39:12,025 | INFO    | Report saved: alert_id=1787201674.37442
2026-08-25 10:05:50,045 | INFO    | VigilanceAI backend starting — database initialized
2026-08-25 10:06:32,295 | INFO    | VigilanceAI backend starting — database initialized
2026-08-25 10:10:26,833 | INFO    | Report request — alert: 1787201419.19183
2026-08-25 10:10:30,541 | INFO    | Report generated successfully
2026-08-25 10:10:30,614 | INFO    | Report saved: alert_id=1787201419.19183
2026-08-25 10:18:43,319 | INFO    | Report request — alert: 1787201421.20117
2026-08-25 10:18:45,659 | INFO    | Report generated successfully
2026-08-25 10:18:45,689 | INFO    | Report saved: alert_id=1787201421.20117
2026-08-25 12:50:23,408 | INFO    | Report request — alert: 1787201674.37442
2026-08-25 12:50:27,108 | INFO    | Report generated successfully
2026-08-25 12:50:27,478 | INFO    | Report saved: alert_id=1787201674.37442
2026-08-27 09:47:48,059 | INFO    | VigilanceAI backend starting — database initialized
2026-08-27 09:52:09,061 | INFO    | Report request — alert: 1787201674.37442
2026-08-27 09:52:11,935 | INFO    | Report generated successfully
2026-08-27 09:52:12,003 | INFO    | Report saved: alert_id=1787201674.37442
2026-08-28 09:47:48,400 | INFO    | VigilanceAI backend starting — database initialized
2026-08-28 16:58:38,886 | INFO    | VigilanceAI backend starting — database initialized
2026-08-28 17:07:19,302 | INFO    | Report request — alert: 1787201674.37442
2026-08-28 17:07:22,371 | INFO    | Report generated successfully
2026-08-28 17:07:22,445 | INFO    | Report saved: alert_id=1787201674.37442
2026-08-29 00:20:49,088 | INFO    | VigilanceAI backend starting — database initialized
2026-08-30 18:18:35,135 | INFO    | VigilanceAI backend starting — database initialized
2026-08-30 18:52:04,246 | INFO    | Classify request — alert keys: ['alert_id', 'timestamp', 'source', 'rule', 'category', 'raw_log', 'indicators', 'mitre_hint', 'status']
2026-08-30 18:52:04,560 | INFO    | Alert saved: 1788096120.17397
2026-08-30 18:52:04,561 | INFO    | Alert saved: 1788096120.13861
2026-08-30 18:52:04,561 | INFO    | Alert saved: 1788096120.38549
2026-08-30 18:52:04,565 | INFO    | Alert saved: 1788096120.15567
2026-08-30 18:52:04,564 | INFO    | Alert saved: 1788096121.51442
2026-08-30 18:52:04,565 | INFO    | Alert saved: 1788096120.6022
2026-08-30 18:52:04,567 | INFO    | Alert saved: 1788096120.9041
2026-08-30 18:52:04,568 | INFO    | Alert saved: 1788096120.10606
2026-08-30 18:52:04,568 | INFO    | Alert saved: 1788096120.4383
2026-08-30 18:52:04,564 | INFO    | Alert saved: 1788096120.19160
2026-08-30 18:52:04,568 | INFO    | Alert saved: 1788096120.7532
2026-08-30 18:52:04,570 | INFO    | Alert saved: 1788096121.45360
2026-08-30 18:52:04,571 | INFO    | Alert saved: 1788096120.12233
2026-08-30 18:52:10,075 | INFO    | Alert saved: 1788096128.55948
2026-08-30 18:52:15,714 | INFO    | Alert saved: 1788096134.57051
2026-08-30 18:52:16,928 | INFO    | HTTP Request: GET https://huggingface.co/api/agent-harnesses "HTTP/1.1 200 OK"
2026-08-30 18:52:16,933 | INFO    | HTTP Request: GET https://huggingface.co/api/agent-harnesses "HTTP/1.1 200 OK"
2026-08-30 18:52:16,936 | INFO    | HTTP Request: GET https://huggingface.co/api/agent-harnesses "HTTP/1.1 200 OK"
2026-08-30 18:52:16,942 | INFO    | HTTP Request: GET https://huggingface.co/api/agent-harnesses "HTTP/1.1 200 OK"
2026-08-30 18:52:16,948 | INFO    | HTTP Request: GET https://huggingface.co/api/agent-harnesses "HTTP/1.1 200 OK"
2026-08-30 18:52:16,969 | INFO    | HTTP Request: GET https://huggingface.co/api/agent-harnesses "HTTP/1.1 200 OK"
2026-08-30 18:52:16,981 | INFO    | HTTP Request: GET https://huggingface.co/api/agent-harnesses "HTTP/1.1 200 OK"
2026-08-30 18:52:17,011 | INFO    | HTTP Request: GET https://huggingface.co/api/agent-harnesses "HTTP/1.1 200 OK"
2026-08-30 18:52:17,015 | INFO    | HTTP Request: GET https://huggingface.co/api/agent-harnesses "HTTP/1.1 200 OK"
2026-08-30 18:52:17,031 | INFO    | HTTP Request: GET https://huggingface.co/api/agent-harnesses "HTTP/1.1 200 OK"
2026-08-30 18:52:17,063 | INFO    | HTTP Request: GET https://huggingface.co/api/agent-harnesses "HTTP/1.1 200 OK"
2026-08-30 18:52:17,084 | INFO    | HTTP Request: GET https://huggingface.co/api/agent-harnesses "HTTP/1.1 200 OK"
2026-08-30 18:52:17,100 | INFO    | HTTP Request: GET https://huggingface.co/api/agent-harnesses "HTTP/1.1 200 OK"
2026-08-30 18:52:17,111 | INFO    | HTTP Request: GET https://huggingface.co/api/agent-harnesses "HTTP/1.1 200 OK"
2026-08-30 18:52:17,127 | INFO    | HTTP Request: GET https://huggingface.co/api/agent-harnesses "HTTP/1.1 200 OK"
2026-08-30 18:52:17,137 | INFO    | HTTP Request: GET https://huggingface.co/api/agent-harnesses "HTTP/1.1 200 OK"
2026-08-30 18:52:17,172 | INFO    | HTTP Request: HEAD https://huggingface.co/sentence-transformers/all-MiniLM-L6-v2/resolve/main/modules.json "HTTP/1.1 307 Temporary Redirect"
2026-08-30 18:52:17,175 | INFO    | HTTP Request: HEAD https://huggingface.co/sentence-transformers/all-MiniLM-L6-v2/resolve/main/modules.json "HTTP/1.1 307 Temporary Redirect"
2026-08-30 18:52:17,181 | INFO    | HTTP Request: HEAD https://huggingface.co/sentence-transformers/all-MiniLM-L6-v2/resolve/main/modules.json "HTTP/1.1 307 Temporary Redirect"
2026-08-30 18:52:17,181 | INFO    | HTTP Request: HEAD https://huggingface.co/api/resolve-cache/models/sentence-transformers/all-MiniLM-L6-v2/1110a243fdf4706b3f48f1d95db1a4f5529b4d41/modules.json "HTTP/1.1 200 OK"
2026-08-30 18:52:17,182 | WARNING | Warning: You are sending unauthenticated requests to the HF Hub. Please set a HF_TOKEN to enable higher rate limits and faster downloads.
2026-08-30 18:52:17,185 | INFO    | HTTP Request: HEAD https://huggingface.co/api/resolve-cache/models/sentence-transformers/all-MiniLM-L6-v2/1110a243fdf4706b3f48f1d95db1a4f5529b4d41/modules.json "HTTP/1.1 200 OK"
2026-08-30 18:52:17,197 | INFO    | HTTP Request: HEAD https://huggingface.co/api/resolve-cache/models/sentence-transformers/all-MiniLM-L6-v2/1110a243fdf4706b3f48f1d95db1a4f5529b4d41/modules.json "HTTP/1.1 200 OK"
2026-08-30 18:52:17,205 | INFO    | HTTP Request: HEAD https://huggingface.co/sentence-transformers/all-MiniLM-L6-v2/resolve/main/modules.json "HTTP/1.1 307 Temporary Redirect"
2026-08-30 18:52:17,216 | INFO    | HTTP Request: HEAD https://huggingface.co/sentence-transformers/all-MiniLM-L6-v2/resolve/main/modules.json "HTTP/1.1 307 Temporary Redirect"
2026-08-30 18:52:17,216 | INFO    | HTTP Request: HEAD https://huggingface.co/api/resolve-cache/models/sentence-transformers/all-MiniLM-L6-v2/1110a243fdf4706b3f48f1d95db1a4f5529b4d41/modules.json "HTTP/1.1 200 OK"
2026-08-30 18:52:17,219 | INFO    | HTTP Request: HEAD https://huggingface.co/sentence-transformers/all-MiniLM-L6-v2/resolve/main/modules.json "HTTP/1.1 307 Temporary Redirect"
2026-08-30 18:52:17,221 | INFO    | HTTP Request: HEAD https://huggingface.co/sentence-transformers/all-MiniLM-L6-v2/resolve/main/modules.json "HTTP/1.1 307 Temporary Redirect"
2026-08-30 18:52:17,227 | INFO    | HTTP Request: HEAD https://huggingface.co/api/resolve-cache/models/sentence-transformers/all-MiniLM-L6-v2/1110a243fdf4706b3f48f1d95db1a4f5529b4d41/modules.json "HTTP/1.1 200 OK"
2026-08-30 18:52:17,231 | INFO    | HTTP Request: HEAD https://huggingface.co/api/resolve-cache/models/sentence-transformers/all-MiniLM-L6-v2/1110a243fdf4706b3f48f1d95db1a4f5529b4d41/modules.json "HTTP/1.1 200 OK"
2026-08-30 18:52:17,231 | INFO    | HTTP Request: HEAD https://huggingface.co/api/resolve-cache/models/sentence-transformers/all-MiniLM-L6-v2/1110a243fdf4706b3f48f1d95db1a4f5529b4d41/modules.json "HTTP/1.1 200 OK"
2026-08-30 18:52:17,248 | INFO    | HTTP Request: HEAD https://huggingface.co/sentence-transformers/all-MiniLM-L6-v2/resolve/main/modules.json "HTTP/1.1 307 Temporary Redirect"
2026-08-30 18:52:17,259 | INFO    | HTTP Request: HEAD https://huggingface.co/sentence-transformers/all-MiniLM-L6-v2/resolve/main/modules.json "HTTP/1.1 307 Temporary Redirect"
2026-08-30 18:52:17,260 | INFO    | HTTP Request: HEAD https://huggingface.co/api/resolve-cache/models/sentence-transformers/all-MiniLM-L6-v2/1110a243fdf4706b3f48f1d95db1a4f5529b4d41/modules.json "HTTP/1.1 200 OK"
2026-08-30 18:52:17,266 | INFO    | HTTP Request: HEAD https://huggingface.co/sentence-transformers/all-MiniLM-L6-v2/resolve/main/modules.json "HTTP/1.1 307 Temporary Redirect"
2026-08-30 18:52:17,269 | INFO    | HTTP Request: HEAD https://huggingface.co/api/resolve-cache/models/sentence-transformers/all-MiniLM-L6-v2/1110a243fdf4706b3f48f1d95db1a4f5529b4d41/modules.json "HTTP/1.1 200 OK"
2026-08-30 18:52:17,277 | INFO    | HTTP Request: HEAD https://huggingface.co/api/resolve-cache/models/sentence-transformers/all-MiniLM-L6-v2/1110a243fdf4706b3f48f1d95db1a4f5529b4d41/modules.json "HTTP/1.1 200 OK"
2026-08-30 18:52:17,299 | INFO    | HTTP Request: HEAD https://huggingface.co/sentence-transformers/all-MiniLM-L6-v2/resolve/main/modules.json "HTTP/1.1 307 Temporary Redirect"
2026-08-30 18:52:17,309 | INFO    | HTTP Request: HEAD https://huggingface.co/api/resolve-cache/models/sentence-transformers/all-MiniLM-L6-v2/1110a243fdf4706b3f48f1d95db1a4f5529b4d41/modules.json "HTTP/1.1 200 OK"
2026-08-30 18:52:17,318 | INFO    | HTTP Request: HEAD https://huggingface.co/sentence-transformers/all-MiniLM-L6-v2/resolve/main/modules.json "HTTP/1.1 307 Temporary Redirect"
2026-08-30 18:52:17,329 | INFO    | HTTP Request: HEAD https://huggingface.co/api/resolve-cache/models/sentence-transformers/all-MiniLM-L6-v2/1110a243fdf4706b3f48f1d95db1a4f5529b4d41/modules.json "HTTP/1.1 200 OK"
2026-08-30 18:52:17,335 | INFO    | HTTP Request: HEAD https://huggingface.co/sentence-transformers/all-MiniLM-L6-v2/resolve/main/modules.json "HTTP/1.1 307 Temporary Redirect"
2026-08-30 18:52:17,346 | INFO    | HTTP Request: HEAD https://huggingface.co/sentence-transformers/all-MiniLM-L6-v2/resolve/main/modules.json "HTTP/1.1 307 Temporary Redirect"
2026-08-30 18:52:17,346 | INFO    | HTTP Request: HEAD https://huggingface.co/sentence-transformers/all-MiniLM-L6-v2/resolve/main/modules.json "HTTP/1.1 307 Temporary Redirect"
2026-08-30 18:52:17,348 | INFO    | HTTP Request: HEAD https://huggingface.co/api/resolve-cache/models/sentence-transformers/all-MiniLM-L6-v2/1110a243fdf4706b3f48f1d95db1a4f5529b4d41/modules.json "HTTP/1.1 200 OK"
2026-08-30 18:52:17,358 | INFO    | HTTP Request: HEAD https://huggingface.co/api/resolve-cache/models/sentence-transformers/all-MiniLM-L6-v2/1110a243fdf4706b3f48f1d95db1a4f5529b4d41/modules.json "HTTP/1.1 200 OK"
2026-08-30 18:52:17,359 | INFO    | HTTP Request: HEAD https://huggingface.co/api/resolve-cache/models/sentence-transformers/all-MiniLM-L6-v2/1110a243fdf4706b3f48f1d95db1a4f5529b4d41/modules.json "HTTP/1.1 200 OK"
2026-08-30 18:52:17,364 | INFO    | HTTP Request: HEAD https://huggingface.co/sentence-transformers/all-MiniLM-L6-v2/resolve/main/modules.json "HTTP/1.1 307 Temporary Redirect"
2026-08-30 18:52:17,375 | INFO    | HTTP Request: HEAD https://huggingface.co/api/resolve-cache/models/sentence-transformers/all-MiniLM-L6-v2/1110a243fdf4706b3f48f1d95db1a4f5529b4d41/modules.json "HTTP/1.1 200 OK"
2026-08-30 18:52:17,388 | INFO    | HTTP Request: HEAD https://huggingface.co/sentence-transformers/all-MiniLM-L6-v2/resolve/main/config_sentence_transformers.json "HTTP/1.1 307 Temporary Redirect"
2026-08-30 18:52:17,395 | INFO    | HTTP Request: HEAD https://huggingface.co/sentence-transformers/all-MiniLM-L6-v2/resolve/main/config_sentence_transformers.json "HTTP/1.1 307 Temporary Redirect"
2026-08-30 18:52:17,401 | INFO    | HTTP Request: HEAD https://huggingface.co/api/resolve-cache/models/sentence-transformers/all-MiniLM-L6-v2/1110a243fdf4706b3f48f1d95db1a4f5529b4d41/config_sentence_transformers.json "HTTP/1.1 200 OK"
2026-08-30 18:52:17,402 | INFO    | Loading SentenceTransformer model from sentence-transformers/all-MiniLM-L6-v2.
2026-08-30 18:52:17,406 | INFO    | HTTP Request: HEAD https://huggingface.co/api/resolve-cache/models/sentence-transformers/all-MiniLM-L6-v2/1110a243fdf4706b3f48f1d95db1a4f5529b4d41/config_sentence_transformers.json "HTTP/1.1 200 OK"
2026-08-30 18:52:17,406 | INFO    | Loading SentenceTransformer model from sentence-transformers/all-MiniLM-L6-v2.
2026-08-30 18:52:17,409 | INFO    | HTTP Request: HEAD https://huggingface.co/sentence-transformers/all-MiniLM-L6-v2/resolve/main/config_sentence_transformers.json "HTTP/1.1 307 Temporary Redirect"
2026-08-30 18:52:17,419 | INFO    | HTTP Request: HEAD https://huggingface.co/api/resolve-cache/models/sentence-transformers/all-MiniLM-L6-v2/1110a243fdf4706b3f48f1d95db1a4f5529b4d41/config_sentence_transformers.json "HTTP/1.1 200 OK"
2026-08-30 18:52:17,419 | INFO    | Loading SentenceTransformer model from sentence-transformers/all-MiniLM-L6-v2.
2026-08-30 18:52:17,423 | INFO    | HTTP Request: HEAD https://huggingface.co/sentence-transformers/all-MiniLM-L6-v2/resolve/main/config_sentence_transformers.json "HTTP/1.1 307 Temporary Redirect"
2026-08-30 18:52:17,432 | INFO    | HTTP Request: HEAD https://huggingface.co/api/resolve-cache/models/sentence-transformers/all-MiniLM-L6-v2/1110a243fdf4706b3f48f1d95db1a4f5529b4d41/config_sentence_transformers.json "HTTP/1.1 200 OK"
2026-08-30 18:52:17,433 | INFO    | Loading SentenceTransformer model from sentence-transformers/all-MiniLM-L6-v2.
2026-08-30 18:52:17,444 | INFO    | HTTP Request: HEAD https://huggingface.co/sentence-transformers/all-MiniLM-L6-v2/resolve/main/config_sentence_transformers.json "HTTP/1.1 307 Temporary Redirect"
2026-08-30 18:52:17,446 | INFO    | HTTP Request: HEAD https://huggingface.co/sentence-transformers/all-MiniLM-L6-v2/resolve/main/config_sentence_transformers.json "HTTP/1.1 307 Temporary Redirect"
2026-08-30 18:52:17,452 | INFO    | HTTP Request: HEAD https://huggingface.co/sentence-transformers/all-MiniLM-L6-v2/resolve/main/config_sentence_transformers.json "HTTP/1.1 307 Temporary Redirect"
2026-08-30 18:52:17,455 | INFO    | HTTP Request: HEAD https://huggingface.co/api/resolve-cache/models/sentence-transformers/all-MiniLM-L6-v2/1110a243fdf4706b3f48f1d95db1a4f5529b4d41/config_sentence_transformers.json "HTTP/1.1 200 OK"
2026-08-30 18:52:17,455 | INFO    | Loading SentenceTransformer model from sentence-transformers/all-MiniLM-L6-v2.
2026-08-30 18:52:17,456 | INFO    | HTTP Request: HEAD https://huggingface.co/api/resolve-cache/models/sentence-transformers/all-MiniLM-L6-v2/1110a243fdf4706b3f48f1d95db1a4f5529b4d41/config_sentence_transformers.json "HTTP/1.1 200 OK"
2026-08-30 18:52:17,457 | INFO    | Loading SentenceTransformer model from sentence-transformers/all-MiniLM-L6-v2.
2026-08-30 18:52:17,463 | INFO    | HTTP Request: HEAD https://huggingface.co/api/resolve-cache/models/sentence-transformers/all-MiniLM-L6-v2/1110a243fdf4706b3f48f1d95db1a4f5529b4d41/config_sentence_transformers.json "HTTP/1.1 200 OK"
2026-08-30 18:52:17,464 | INFO    | Loading SentenceTransformer model from sentence-transformers/all-MiniLM-L6-v2.
2026-08-30 18:52:17,466 | INFO    | HTTP Request: HEAD https://huggingface.co/sentence-transformers/all-MiniLM-L6-v2/resolve/main/config_sentence_transformers.json "HTTP/1.1 307 Temporary Redirect"
2026-08-30 18:52:17,477 | INFO    | HTTP Request: HEAD https://huggingface.co/sentence-transformers/all-MiniLM-L6-v2/resolve/main/config_sentence_transformers.json "HTTP/1.1 307 Temporary Redirect"
2026-08-30 18:52:17,479 | INFO    | HTTP Request: HEAD https://huggingface.co/api/resolve-cache/models/sentence-transformers/all-MiniLM-L6-v2/1110a243fdf4706b3f48f1d95db1a4f5529b4d41/config_sentence_transformers.json "HTTP/1.1 200 OK"
2026-08-30 18:52:17,480 | INFO    | Loading SentenceTransformer model from sentence-transformers/all-MiniLM-L6-v2.
2026-08-30 18:52:17,483 | INFO    | HTTP Request: HEAD https://huggingface.co/sentence-transformers/all-MiniLM-L6-v2/resolve/main/config_sentence_transformers.json "HTTP/1.1 307 Temporary Redirect"
2026-08-30 18:52:17,488 | INFO    | HTTP Request: HEAD https://huggingface.co/api/resolve-cache/models/sentence-transformers/all-MiniLM-L6-v2/1110a243fdf4706b3f48f1d95db1a4f5529b4d41/config_sentence_transformers.json "HTTP/1.1 200 OK"
2026-08-30 18:52:17,489 | INFO    | Loading SentenceTransformer model from sentence-transformers/all-MiniLM-L6-v2.
2026-08-30 18:52:17,493 | INFO    | HTTP Request: HEAD https://huggingface.co/api/resolve-cache/models/sentence-transformers/all-MiniLM-L6-v2/1110a243fdf4706b3f48f1d95db1a4f5529b4d41/config_sentence_transformers.json "HTTP/1.1 200 OK"
2026-08-30 18:52:17,494 | INFO    | Loading SentenceTransformer model from sentence-transformers/all-MiniLM-L6-v2.
2026-08-30 18:52:17,518 | INFO    | HTTP Request: HEAD https://huggingface.co/sentence-transformers/all-MiniLM-L6-v2/resolve/main/config_sentence_transformers.json "HTTP/1.1 307 Temporary Redirect"
2026-08-30 18:52:17,528 | INFO    | HTTP Request: HEAD https://huggingface.co/api/resolve-cache/models/sentence-transformers/all-MiniLM-L6-v2/1110a243fdf4706b3f48f1d95db1a4f5529b4d41/config_sentence_transformers.json "HTTP/1.1 200 OK"
2026-08-30 18:52:17,528 | INFO    | Loading SentenceTransformer model from sentence-transformers/all-MiniLM-L6-v2.
2026-08-30 18:52:17,534 | INFO    | HTTP Request: HEAD https://huggingface.co/sentence-transformers/all-MiniLM-L6-v2/resolve/main/config_sentence_transformers.json "HTTP/1.1 307 Temporary Redirect"
2026-08-30 18:52:17,544 | INFO    | HTTP Request: HEAD https://huggingface.co/api/resolve-cache/models/sentence-transformers/all-MiniLM-L6-v2/1110a243fdf4706b3f48f1d95db1a4f5529b4d41/config_sentence_transformers.json "HTTP/1.1 200 OK"
2026-08-30 18:52:17,545 | INFO    | Loading SentenceTransformer model from sentence-transformers/all-MiniLM-L6-v2.
2026-08-30 18:52:17,557 | INFO    | HTTP Request: HEAD https://huggingface.co/sentence-transformers/all-MiniLM-L6-v2/resolve/main/config_sentence_transformers.json "HTTP/1.1 307 Temporary Redirect"
2026-08-30 18:52:17,566 | INFO    | HTTP Request: HEAD https://huggingface.co/sentence-transformers/all-MiniLM-L6-v2/resolve/main/config_sentence_transformers.json "HTTP/1.1 307 Temporary Redirect"
2026-08-30 18:52:17,569 | INFO    | HTTP Request: HEAD https://huggingface.co/api/resolve-cache/models/sentence-transformers/all-MiniLM-L6-v2/1110a243fdf4706b3f48f1d95db1a4f5529b4d41/config_sentence_transformers.json "HTTP/1.1 200 OK"
2026-08-30 18:52:17,570 | INFO    | HTTP Request: HEAD https://huggingface.co/sentence-transformers/all-MiniLM-L6-v2/resolve/main/config_sentence_transformers.json "HTTP/1.1 307 Temporary Redirect"
2026-08-30 18:52:17,570 | INFO    | Loading SentenceTransformer model from sentence-transformers/all-MiniLM-L6-v2.
2026-08-30 18:52:17,577 | INFO    | HTTP Request: HEAD https://huggingface.co/api/resolve-cache/models/sentence-transformers/all-MiniLM-L6-v2/1110a243fdf4706b3f48f1d95db1a4f5529b4d41/config_sentence_transformers.json "HTTP/1.1 200 OK"
2026-08-30 18:52:17,578 | INFO    | Loading SentenceTransformer model from sentence-transformers/all-MiniLM-L6-v2.
2026-08-30 18:52:17,581 | INFO    | HTTP Request: HEAD https://huggingface.co/api/resolve-cache/models/sentence-transformers/all-MiniLM-L6-v2/1110a243fdf4706b3f48f1d95db1a4f5529b4d41/config_sentence_transformers.json "HTTP/1.1 200 OK"
2026-08-30 18:52:17,581 | INFO    | Loading SentenceTransformer model from sentence-transformers/all-MiniLM-L6-v2.
2026-08-30 18:52:17,584 | INFO    | HTTP Request: HEAD https://huggingface.co/sentence-transformers/all-MiniLM-L6-v2/resolve/main/config_sentence_transformers.json "HTTP/1.1 307 Temporary Redirect"
2026-08-30 18:52:17,593 | INFO    | HTTP Request: HEAD https://huggingface.co/api/resolve-cache/models/sentence-transformers/all-MiniLM-L6-v2/1110a243fdf4706b3f48f1d95db1a4f5529b4d41/config_sentence_transformers.json "HTTP/1.1 200 OK"
2026-08-30 18:52:17,594 | INFO    | Loading SentenceTransformer model from sentence-transformers/all-MiniLM-L6-v2.
2026-08-30 18:52:17,610 | INFO    | HTTP Request: HEAD https://huggingface.co/sentence-transformers/all-MiniLM-L6-v2/resolve/main/config_sentence_transformers.json "HTTP/1.1 307 Temporary Redirect"
2026-08-30 18:52:17,613 | INFO    | HTTP Request: HEAD https://huggingface.co/sentence-transformers/all-MiniLM-L6-v2/resolve/main/config_sentence_transformers.json "HTTP/1.1 307 Temporary Redirect"
2026-08-30 18:52:17,621 | INFO    | HTTP Request: HEAD https://huggingface.co/api/resolve-cache/models/sentence-transformers/all-MiniLM-L6-v2/1110a243fdf4706b3f48f1d95db1a4f5529b4d41/config_sentence_transformers.json "HTTP/1.1 200 OK"
2026-08-30 18:52:17,626 | INFO    | HTTP Request: HEAD https://huggingface.co/sentence-transformers/all-MiniLM-L6-v2/resolve/main/config_sentence_transformers.json "HTTP/1.1 307 Temporary Redirect"
2026-08-30 18:52:17,627 | INFO    | HTTP Request: HEAD https://huggingface.co/api/resolve-cache/models/sentence-transformers/all-MiniLM-L6-v2/1110a243fdf4706b3f48f1d95db1a4f5529b4d41/config_sentence_transformers.json "HTTP/1.1 200 OK"
2026-08-30 18:52:17,637 | INFO    | HTTP Request: HEAD https://huggingface.co/api/resolve-cache/models/sentence-transformers/all-MiniLM-L6-v2/1110a243fdf4706b3f48f1d95db1a4f5529b4d41/config_sentence_transformers.json "HTTP/1.1 200 OK"
2026-08-30 18:52:17,642 | INFO    | HTTP Request: HEAD https://huggingface.co/sentence-transformers/all-MiniLM-L6-v2/resolve/main/config_sentence_transformers.json "HTTP/1.1 307 Temporary Redirect"
2026-08-30 18:52:17,652 | INFO    | HTTP Request: HEAD https://huggingface.co/api/resolve-cache/models/sentence-transformers/all-MiniLM-L6-v2/1110a243fdf4706b3f48f1d95db1a4f5529b4d41/config_sentence_transformers.json "HTTP/1.1 200 OK"
2026-08-30 18:52:17,661 | INFO    | HTTP Request: HEAD https://huggingface.co/sentence-transformers/all-MiniLM-L6-v2/resolve/main/config_sentence_transformers.json "HTTP/1.1 307 Temporary Redirect"
2026-08-30 18:52:17,663 | INFO    | HTTP Request: HEAD https://huggingface.co/sentence-transformers/all-MiniLM-L6-v2/resolve/main/config_sentence_transformers.json "HTTP/1.1 307 Temporary Redirect"
2026-08-30 18:52:17,671 | INFO    | HTTP Request: HEAD https://huggingface.co/api/resolve-cache/models/sentence-transformers/all-MiniLM-L6-v2/1110a243fdf4706b3f48f1d95db1a4f5529b4d41/config_sentence_transformers.json "HTTP/1.1 200 OK"
2026-08-30 18:52:17,674 | INFO    | HTTP Request: HEAD https://huggingface.co/sentence-transformers/all-MiniLM-L6-v2/resolve/main/config_sentence_transformers.json "HTTP/1.1 307 Temporary Redirect"
2026-08-30 18:52:17,675 | INFO    | HTTP Request: HEAD https://huggingface.co/api/resolve-cache/models/sentence-transformers/all-MiniLM-L6-v2/1110a243fdf4706b3f48f1d95db1a4f5529b4d41/config_sentence_transformers.json "HTTP/1.1 200 OK"
2026-08-30 18:52:17,687 | INFO    | HTTP Request: HEAD https://huggingface.co/api/resolve-cache/models/sentence-transformers/all-MiniLM-L6-v2/1110a243fdf4706b3f48f1d95db1a4f5529b4d41/config_sentence_transformers.json "HTTP/1.1 200 OK"
2026-08-30 18:52:17,691 | INFO    | HTTP Request: HEAD https://huggingface.co/sentence-transformers/all-MiniLM-L6-v2/resolve/main/config_sentence_transformers.json "HTTP/1.1 307 Temporary Redirect"
2026-08-30 18:52:17,695 | INFO    | HTTP Request: HEAD https://huggingface.co/sentence-transformers/all-MiniLM-L6-v2/resolve/main/config_sentence_transformers.json "HTTP/1.1 307 Temporary Redirect"
2026-08-30 18:52:17,700 | INFO    | HTTP Request: HEAD https://huggingface.co/sentence-transformers/all-MiniLM-L6-v2/resolve/main/config_sentence_transformers.json "HTTP/1.1 307 Temporary Redirect"
2026-08-30 18:52:17,701 | INFO    | HTTP Request: HEAD https://huggingface.co/api/resolve-cache/models/sentence-transformers/all-MiniLM-L6-v2/1110a243fdf4706b3f48f1d95db1a4f5529b4d41/config_sentence_transformers.json "HTTP/1.1 200 OK"
2026-08-30 18:52:17,707 | INFO    | HTTP Request: HEAD https://huggingface.co/api/resolve-cache/models/sentence-transformers/all-MiniLM-L6-v2/1110a243fdf4706b3f48f1d95db1a4f5529b4d41/config_sentence_transformers.json "HTTP/1.1 200 OK"
2026-08-30 18:52:17,710 | INFO    | HTTP Request: HEAD https://huggingface.co/api/resolve-cache/models/sentence-transformers/all-MiniLM-L6-v2/1110a243fdf4706b3f48f1d95db1a4f5529b4d41/config_sentence_transformers.json "HTTP/1.1 200 OK"
2026-08-30 18:52:17,734 | INFO    | HTTP Request: HEAD https://huggingface.co/sentence-transformers/all-MiniLM-L6-v2/resolve/main/config_sentence_transformers.json "HTTP/1.1 307 Temporary Redirect"
2026-08-30 18:52:17,746 | INFO    | HTTP Request: HEAD https://huggingface.co/api/resolve-cache/models/sentence-transformers/all-MiniLM-L6-v2/1110a243fdf4706b3f48f1d95db1a4f5529b4d41/config_sentence_transformers.json "HTTP/1.1 200 OK"
2026-08-30 18:52:17,752 | INFO    | HTTP Request: HEAD https://huggingface.co/sentence-transformers/all-MiniLM-L6-v2/resolve/main/config_sentence_transformers.json "HTTP/1.1 307 Temporary Redirect"
2026-08-30 18:52:17,763 | INFO    | HTTP Request: HEAD https://huggingface.co/api/resolve-cache/models/sentence-transformers/all-MiniLM-L6-v2/1110a243fdf4706b3f48f1d95db1a4f5529b4d41/config_sentence_transformers.json "HTTP/1.1 200 OK"
2026-08-30 18:52:17,779 | INFO    | HTTP Request: HEAD https://huggingface.co/sentence-transformers/all-MiniLM-L6-v2/resolve/main/config_sentence_transformers.json "HTTP/1.1 307 Temporary Redirect"
2026-08-30 18:52:17,787 | INFO    | HTTP Request: HEAD https://huggingface.co/sentence-transformers/all-MiniLM-L6-v2/resolve/main/config_sentence_transformers.json "HTTP/1.1 307 Temporary Redirect"
2026-08-30 18:52:17,789 | INFO    | HTTP Request: HEAD https://huggingface.co/sentence-transformers/all-MiniLM-L6-v2/resolve/main/config_sentence_transformers.json "HTTP/1.1 307 Temporary Redirect"
2026-08-30 18:52:17,791 | INFO    | HTTP Request: HEAD https://huggingface.co/api/resolve-cache/models/sentence-transformers/all-MiniLM-L6-v2/1110a243fdf4706b3f48f1d95db1a4f5529b4d41/config_sentence_transformers.json "HTTP/1.1 200 OK"
2026-08-30 18:52:17,797 | INFO    | HTTP Request: HEAD https://huggingface.co/api/resolve-cache/models/sentence-transformers/all-MiniLM-L6-v2/1110a243fdf4706b3f48f1d95db1a4f5529b4d41/config_sentence_transformers.json "HTTP/1.1 200 OK"
2026-08-30 18:52:17,799 | INFO    | HTTP Request: HEAD https://huggingface.co/sentence-transformers/all-MiniLM-L6-v2/resolve/main/config_sentence_transformers.json "HTTP/1.1 307 Temporary Redirect"
2026-08-30 18:52:17,800 | INFO    | HTTP Request: HEAD https://huggingface.co/api/resolve-cache/models/sentence-transformers/all-MiniLM-L6-v2/1110a243fdf4706b3f48f1d95db1a4f5529b4d41/config_sentence_transformers.json "HTTP/1.1 200 OK"
2026-08-30 18:52:17,810 | INFO    | HTTP Request: HEAD https://huggingface.co/api/resolve-cache/models/sentence-transformers/all-MiniLM-L6-v2/1110a243fdf4706b3f48f1d95db1a4f5529b4d41/config_sentence_transformers.json "HTTP/1.1 200 OK"
2026-08-30 18:52:17,826 | INFO    | HTTP Request: HEAD https://huggingface.co/sentence-transformers/all-MiniLM-L6-v2/resolve/main/README.md "HTTP/1.1 307 Temporary Redirect"
2026-08-30 18:52:17,836 | INFO    | HTTP Request: HEAD https://huggingface.co/api/resolve-cache/models/sentence-transformers/all-MiniLM-L6-v2/1110a243fdf4706b3f48f1d95db1a4f5529b4d41/README.md "HTTP/1.1 200 OK"
2026-08-30 18:52:17,838 | INFO    | HTTP Request: HEAD https://huggingface.co/sentence-transformers/all-MiniLM-L6-v2/resolve/main/README.md "HTTP/1.1 307 Temporary Redirect"
2026-08-30 18:52:17,848 | INFO    | HTTP Request: HEAD https://huggingface.co/sentence-transformers/all-MiniLM-L6-v2/resolve/main/README.md "HTTP/1.1 307 Temporary Redirect"
2026-08-30 18:52:17,850 | INFO    | HTTP Request: HEAD https://huggingface.co/api/resolve-cache/models/sentence-transformers/all-MiniLM-L6-v2/1110a243fdf4706b3f48f1d95db1a4f5529b4d41/README.md "HTTP/1.1 200 OK"
2026-08-30 18:52:17,859 | INFO    | HTTP Request: HEAD https://huggingface.co/sentence-transformers/all-MiniLM-L6-v2/resolve/main/README.md "HTTP/1.1 307 Temporary Redirect"
2026-08-30 18:52:17,859 | INFO    | HTTP Request: HEAD https://huggingface.co/api/resolve-cache/models/sentence-transformers/all-MiniLM-L6-v2/1110a243fdf4706b3f48f1d95db1a4f5529b4d41/README.md "HTTP/1.1 200 OK"
2026-08-30 18:52:17,873 | INFO    | HTTP Request: HEAD https://huggingface.co/api/resolve-cache/models/sentence-transformers/all-MiniLM-L6-v2/1110a243fdf4706b3f48f1d95db1a4f5529b4d41/README.md "HTTP/1.1 200 OK"
2026-08-30 18:52:17,884 | INFO    | HTTP Request: HEAD https://huggingface.co/sentence-transformers/all-MiniLM-L6-v2/resolve/main/README.md "HTTP/1.1 307 Temporary Redirect"
2026-08-30 18:52:17,885 | INFO    | HTTP Request: HEAD https://huggingface.co/sentence-transformers/all-MiniLM-L6-v2/resolve/main/README.md "HTTP/1.1 307 Temporary Redirect"
2026-08-30 18:52:17,896 | INFO    | HTTP Request: HEAD https://huggingface.co/api/resolve-cache/models/sentence-transformers/all-MiniLM-L6-v2/1110a243fdf4706b3f48f1d95db1a4f5529b4d41/README.md "HTTP/1.1 200 OK"
2026-08-30 18:52:17,899 | INFO    | HTTP Request: HEAD https://huggingface.co/api/resolve-cache/models/sentence-transformers/all-MiniLM-L6-v2/1110a243fdf4706b3f48f1d95db1a4f5529b4d41/README.md "HTTP/1.1 200 OK"
2026-08-30 18:52:17,899 | INFO    | HTTP Request: HEAD https://huggingface.co/sentence-transformers/all-MiniLM-L6-v2/resolve/main/README.md "HTTP/1.1 307 Temporary Redirect"
2026-08-30 18:52:17,908 | INFO    | HTTP Request: HEAD https://huggingface.co/sentence-transformers/all-MiniLM-L6-v2/resolve/main/README.md "HTTP/1.1 307 Temporary Redirect"
2026-08-30 18:52:17,912 | INFO    | HTTP Request: HEAD https://huggingface.co/sentence-transformers/all-MiniLM-L6-v2/resolve/main/README.md "HTTP/1.1 307 Temporary Redirect"
2026-08-30 18:52:17,913 | INFO    | HTTP Request: HEAD https://huggingface.co/api/resolve-cache/models/sentence-transformers/all-MiniLM-L6-v2/1110a243fdf4706b3f48f1d95db1a4f5529b4d41/README.md "HTTP/1.1 200 OK"
2026-08-30 18:52:17,918 | INFO    | HTTP Request: HEAD https://huggingface.co/sentence-transformers/all-MiniLM-L6-v2/resolve/main/README.md "HTTP/1.1 307 Temporary Redirect"
2026-08-30 18:52:17,919 | INFO    | HTTP Request: HEAD https://huggingface.co/api/resolve-cache/models/sentence-transformers/all-MiniLM-L6-v2/1110a243fdf4706b3f48f1d95db1a4f5529b4d41/README.md "HTTP/1.1 200 OK"
2026-08-30 18:52:17,922 | INFO    | HTTP Request: HEAD https://huggingface.co/api/resolve-cache/models/sentence-transformers/all-MiniLM-L6-v2/1110a243fdf4706b3f48f1d95db1a4f5529b4d41/README.md "HTTP/1.1 200 OK"
2026-08-30 18:52:17,930 | INFO    | HTTP Request: HEAD https://huggingface.co/api/resolve-cache/models/sentence-transformers/all-MiniLM-L6-v2/1110a243fdf4706b3f48f1d95db1a4f5529b4d41/README.md "HTTP/1.1 200 OK"
2026-08-30 18:52:17,954 | INFO    | HTTP Request: HEAD https://huggingface.co/sentence-transformers/all-MiniLM-L6-v2/resolve/main/README.md "HTTP/1.1 307 Temporary Redirect"
2026-08-30 18:52:17,967 | INFO    | HTTP Request: HEAD https://huggingface.co/api/resolve-cache/models/sentence-transformers/all-MiniLM-L6-v2/1110a243fdf4706b3f48f1d95db1a4f5529b4d41/README.md "HTTP/1.1 200 OK"
2026-08-30 18:52:17,969 | INFO    | HTTP Request: HEAD https://huggingface.co/sentence-transformers/all-MiniLM-L6-v2/resolve/main/README.md "HTTP/1.1 307 Temporary Redirect"
2026-08-30 18:52:17,981 | INFO    | HTTP Request: HEAD https://huggingface.co/api/resolve-cache/models/sentence-transformers/all-MiniLM-L6-v2/1110a243fdf4706b3f48f1d95db1a4f5529b4d41/README.md "HTTP/1.1 200 OK"
2026-08-30 18:52:17,999 | INFO    | HTTP Request: HEAD https://huggingface.co/sentence-transformers/all-MiniLM-L6-v2/resolve/main/README.md "HTTP/1.1 307 Temporary Redirect"
2026-08-30 18:52:18,001 | INFO    | HTTP Request: HEAD https://huggingface.co/sentence-transformers/all-MiniLM-L6-v2/resolve/main/README.md "HTTP/1.1 307 Temporary Redirect"
2026-08-30 18:52:18,009 | INFO    | HTTP Request: HEAD https://huggingface.co/sentence-transformers/all-MiniLM-L6-v2/resolve/main/README.md "HTTP/1.1 307 Temporary Redirect"
2026-08-30 18:52:18,009 | INFO    | HTTP Request: HEAD https://huggingface.co/api/resolve-cache/models/sentence-transformers/all-MiniLM-L6-v2/1110a243fdf4706b3f48f1d95db1a4f5529b4d41/README.md "HTTP/1.1 200 OK"
2026-08-30 18:52:18,013 | INFO    | HTTP Request: HEAD https://huggingface.co/api/resolve-cache/models/sentence-transformers/all-MiniLM-L6-v2/1110a243fdf4706b3f48f1d95db1a4f5529b4d41/README.md "HTTP/1.1 200 OK"
2026-08-30 18:52:18,018 | INFO    | HTTP Request: HEAD https://huggingface.co/sentence-transformers/all-MiniLM-L6-v2/resolve/main/README.md "HTTP/1.1 307 Temporary Redirect"
2026-08-30 18:52:18,022 | INFO    | HTTP Request: HEAD https://huggingface.co/api/resolve-cache/models/sentence-transformers/all-MiniLM-L6-v2/1110a243fdf4706b3f48f1d95db1a4f5529b4d41/README.md "HTTP/1.1 200 OK"
2026-08-30 18:52:18,030 | INFO    | HTTP Request: HEAD https://huggingface.co/api/resolve-cache/models/sentence-transformers/all-MiniLM-L6-v2/1110a243fdf4706b3f48f1d95db1a4f5529b4d41/README.md "HTTP/1.1 200 OK"
2026-08-30 18:52:18,043 | INFO    | HTTP Request: HEAD https://huggingface.co/sentence-transformers/all-MiniLM-L6-v2/resolve/main/modules.json "HTTP/1.1 307 Temporary Redirect"
2026-08-30 18:52:18,053 | INFO    | HTTP Request: HEAD https://huggingface.co/api/resolve-cache/models/sentence-transformers/all-MiniLM-L6-v2/1110a243fdf4706b3f48f1d95db1a4f5529b4d41/modules.json "HTTP/1.1 200 OK"
2026-08-30 18:52:18,063 | INFO    | HTTP Request: HEAD https://huggingface.co/sentence-transformers/all-MiniLM-L6-v2/resolve/main/modules.json "HTTP/1.1 307 Temporary Redirect"
2026-08-30 18:52:18,070 | INFO    | HTTP Request: HEAD https://huggingface.co/sentence-transformers/all-MiniLM-L6-v2/resolve/main/modules.json "HTTP/1.1 307 Temporary Redirect"
2026-08-30 18:52:18,076 | INFO    | HTTP Request: HEAD https://huggingface.co/api/resolve-cache/models/sentence-transformers/all-MiniLM-L6-v2/1110a243fdf4706b3f48f1d95db1a4f5529b4d41/modules.json "HTTP/1.1 200 OK"
2026-08-30 18:52:18,080 | INFO    | HTTP Request: HEAD https://huggingface.co/sentence-transformers/all-MiniLM-L6-v2/resolve/main/modules.json "HTTP/1.1 307 Temporary Redirect"
2026-08-30 18:52:18,086 | INFO    | HTTP Request: HEAD https://huggingface.co/api/resolve-cache/models/sentence-transformers/all-MiniLM-L6-v2/1110a243fdf4706b3f48f1d95db1a4f5529b4d41/modules.json "HTTP/1.1 200 OK"
2026-08-30 18:52:18,096 | INFO    | HTTP Request: HEAD https://huggingface.co/api/resolve-cache/models/sentence-transformers/all-MiniLM-L6-v2/1110a243fdf4706b3f48f1d95db1a4f5529b4d41/modules.json "HTTP/1.1 200 OK"
2026-08-30 18:52:18,100 | INFO    | HTTP Request: HEAD https://huggingface.co/sentence-transformers/all-MiniLM-L6-v2/resolve/main/modules.json "HTTP/1.1 307 Temporary Redirect"
2026-08-30 18:52:18,107 | INFO    | HTTP Request: HEAD https://huggingface.co/sentence-transformers/all-MiniLM-L6-v2/resolve/main/modules.json "HTTP/1.1 307 Temporary Redirect"
2026-08-30 18:52:18,111 | INFO    | HTTP Request: HEAD https://huggingface.co/api/resolve-cache/models/sentence-transformers/all-MiniLM-L6-v2/1110a243fdf4706b3f48f1d95db1a4f5529b4d41/modules.json "HTTP/1.1 200 OK"
2026-08-30 18:52:18,123 | INFO    | HTTP Request: HEAD https://huggingface.co/api/resolve-cache/models/sentence-transformers/all-MiniLM-L6-v2/1110a243fdf4706b3f48f1d95db1a4f5529b4d41/modules.json "HTTP/1.1 200 OK"
2026-08-30 18:52:18,129 | INFO    | HTTP Request: HEAD https://huggingface.co/sentence-transformers/all-MiniLM-L6-v2/resolve/main/modules.json "HTTP/1.1 307 Temporary Redirect"
2026-08-30 18:52:18,129 | INFO    | HTTP Request: HEAD https://huggingface.co/sentence-transformers/all-MiniLM-L6-v2/resolve/main/modules.json "HTTP/1.1 307 Temporary Redirect"
2026-08-30 18:52:18,130 | INFO    | HTTP Request: HEAD https://huggingface.co/sentence-transformers/all-MiniLM-L6-v2/resolve/main/modules.json "HTTP/1.1 307 Temporary Redirect"
2026-08-30 18:52:18,137 | INFO    | HTTP Request: HEAD https://huggingface.co/sentence-transformers/all-MiniLM-L6-v2/resolve/main/modules.json "HTTP/1.1 307 Temporary Redirect"
2026-08-30 18:52:18,142 | INFO    | HTTP Request: HEAD https://huggingface.co/api/resolve-cache/models/sentence-transformers/all-MiniLM-L6-v2/1110a243fdf4706b3f48f1d95db1a4f5529b4d41/modules.json "HTTP/1.1 200 OK"
2026-08-30 18:52:18,142 | INFO    | HTTP Request: HEAD https://huggingface.co/api/resolve-cache/models/sentence-transformers/all-MiniLM-L6-v2/1110a243fdf4706b3f48f1d95db1a4f5529b4d41/modules.json "HTTP/1.1 200 OK"
2026-08-30 18:52:18,144 | INFO    | HTTP Request: HEAD https://huggingface.co/api/resolve-cache/models/sentence-transformers/all-MiniLM-L6-v2/1110a243fdf4706b3f48f1d95db1a4f5529b4d41/modules.json "HTTP/1.1 200 OK"
2026-08-30 18:52:18,147 | INFO    | HTTP Request: HEAD https://huggingface.co/api/resolve-cache/models/sentence-transformers/all-MiniLM-L6-v2/1110a243fdf4706b3f48f1d95db1a4f5529b4d41/modules.json "HTTP/1.1 200 OK"
2026-08-30 18:52:18,174 | INFO    | HTTP Request: HEAD https://huggingface.co/sentence-transformers/all-MiniLM-L6-v2/resolve/main/modules.json "HTTP/1.1 307 Temporary Redirect"
2026-08-30 18:52:18,185 | INFO    | HTTP Request: HEAD https://huggingface.co/api/resolve-cache/models/sentence-transformers/all-MiniLM-L6-v2/1110a243fdf4706b3f48f1d95db1a4f5529b4d41/modules.json "HTTP/1.1 200 OK"
2026-08-30 18:52:18,189 | INFO    | HTTP Request: HEAD https://huggingface.co/sentence-transformers/all-MiniLM-L6-v2/resolve/main/modules.json "HTTP/1.1 307 Temporary Redirect"
2026-08-30 18:52:18,200 | INFO    | HTTP Request: HEAD https://huggingface.co/api/resolve-cache/models/sentence-transformers/all-MiniLM-L6-v2/1110a243fdf4706b3f48f1d95db1a4f5529b4d41/modules.json "HTTP/1.1 200 OK"
2026-08-30 18:52:18,217 | INFO    | HTTP Request: HEAD https://huggingface.co/sentence-transformers/all-MiniLM-L6-v2/resolve/main/modules.json "HTTP/1.1 307 Temporary Redirect"
2026-08-30 18:52:18,220 | INFO    | HTTP Request: HEAD https://huggingface.co/sentence-transformers/all-MiniLM-L6-v2/resolve/main/modules.json "HTTP/1.1 307 Temporary Redirect"
2026-08-30 18:52:18,228 | INFO    | HTTP Request: HEAD https://huggingface.co/api/resolve-cache/models/sentence-transformers/all-MiniLM-L6-v2/1110a243fdf4706b3f48f1d95db1a4f5529b4d41/modules.json "HTTP/1.1 200 OK"
2026-08-30 18:52:18,229 | INFO    | HTTP Request: HEAD https://huggingface.co/sentence-transformers/all-MiniLM-L6-v2/resolve/main/modules.json "HTTP/1.1 307 Temporary Redirect"
2026-08-30 18:52:18,232 | INFO    | HTTP Request: HEAD https://huggingface.co/api/resolve-cache/models/sentence-transformers/all-MiniLM-L6-v2/1110a243fdf4706b3f48f1d95db1a4f5529b4d41/modules.json "HTTP/1.1 200 OK"
2026-08-30 18:52:18,238 | INFO    | HTTP Request: HEAD https://huggingface.co/sentence-transformers/all-MiniLM-L6-v2/resolve/main/modules.json "HTTP/1.1 307 Temporary Redirect"
2026-08-30 18:52:18,244 | INFO    | HTTP Request: HEAD https://huggingface.co/api/resolve-cache/models/sentence-transformers/all-MiniLM-L6-v2/1110a243fdf4706b3f48f1d95db1a4f5529b4d41/modules.json "HTTP/1.1 200 OK"
2026-08-30 18:52:18,251 | INFO    | HTTP Request: HEAD https://huggingface.co/api/resolve-cache/models/sentence-transformers/all-MiniLM-L6-v2/1110a243fdf4706b3f48f1d95db1a4f5529b4d41/modules.json "HTTP/1.1 200 OK"
2026-08-30 18:52:18,266 | INFO    | HTTP Request: HEAD https://huggingface.co/sentence-transformers/all-MiniLM-L6-v2/resolve/main/sentence_bert_config.json "HTTP/1.1 307 Temporary Redirect"
2026-08-30 18:52:18,278 | INFO    | HTTP Request: HEAD https://huggingface.co/api/resolve-cache/models/sentence-transformers/all-MiniLM-L6-v2/1110a243fdf4706b3f48f1d95db1a4f5529b4d41/sentence_bert_config.json "HTTP/1.1 200 OK"
2026-08-30 18:52:18,283 | INFO    | HTTP Request: HEAD https://huggingface.co/sentence-transformers/all-MiniLM-L6-v2/resolve/main/sentence_bert_config.json "HTTP/1.1 307 Temporary Redirect"
2026-08-30 18:52:18,294 | INFO    | HTTP Request: HEAD https://huggingface.co/api/resolve-cache/models/sentence-transformers/all-MiniLM-L6-v2/1110a243fdf4706b3f48f1d95db1a4f5529b4d41/sentence_bert_config.json "HTTP/1.1 200 OK"
2026-08-30 18:52:18,296 | INFO    | HTTP Request: HEAD https://huggingface.co/sentence-transformers/all-MiniLM-L6-v2/resolve/main/sentence_bert_config.json "HTTP/1.1 307 Temporary Redirect"
2026-08-30 18:52:18,306 | INFO    | HTTP Request: HEAD https://huggingface.co/sentence-transformers/all-MiniLM-L6-v2/resolve/main/sentence_bert_config.json "HTTP/1.1 307 Temporary Redirect"
2026-08-30 18:52:18,308 | INFO    | HTTP Request: HEAD https://huggingface.co/api/resolve-cache/models/sentence-transformers/all-MiniLM-L6-v2/1110a243fdf4706b3f48f1d95db1a4f5529b4d41/sentence_bert_config.json "HTTP/1.1 200 OK"
2026-08-30 18:52:18,316 | INFO    | HTTP Request: HEAD https://huggingface.co/api/resolve-cache/models/sentence-transformers/all-MiniLM-L6-v2/1110a243fdf4706b3f48f1d95db1a4f5529b4d41/sentence_bert_config.json "HTTP/1.1 200 OK"
2026-08-30 18:52:18,330 | INFO    | HTTP Request: HEAD https://huggingface.co/sentence-transformers/all-MiniLM-L6-v2/resolve/main/sentence_bert_config.json "HTTP/1.1 307 Temporary Redirect"
2026-08-30 18:52:18,339 | INFO    | HTTP Request: HEAD https://huggingface.co/sentence-transformers/all-MiniLM-L6-v2/resolve/main/sentence_bert_config.json "HTTP/1.1 307 Temporary Redirect"
2026-08-30 18:52:18,340 | INFO    | HTTP Request: HEAD https://huggingface.co/api/resolve-cache/models/sentence-transformers/all-MiniLM-L6-v2/1110a243fdf4706b3f48f1d95db1a4f5529b4d41/sentence_bert_config.json "HTTP/1.1 200 OK"
2026-08-30 18:52:18,354 | INFO    | HTTP Request: HEAD https://huggingface.co/sentence-transformers/all-MiniLM-L6-v2/resolve/main/sentence_bert_config.json "HTTP/1.1 307 Temporary Redirect"
2026-08-30 18:52:18,357 | INFO    | HTTP Request: HEAD https://huggingface.co/sentence-transformers/all-MiniLM-L6-v2/resolve/main/sentence_bert_config.json "HTTP/1.1 307 Temporary Redirect"
2026-08-30 18:52:18,363 | INFO    | HTTP Request: HEAD https://huggingface.co/api/resolve-cache/models/sentence-transformers/all-MiniLM-L6-v2/1110a243fdf4706b3f48f1d95db1a4f5529b4d41/sentence_bert_config.json "HTTP/1.1 200 OK"
2026-08-30 18:52:18,367 | INFO    | HTTP Request: HEAD https://huggingface.co/api/resolve-cache/models/sentence-transformers/all-MiniLM-L6-v2/1110a243fdf4706b3f48f1d95db1a4f5529b4d41/sentence_bert_config.json "HTTP/1.1 200 OK"
2026-08-30 18:52:18,368 | INFO    | HTTP Request: HEAD https://huggingface.co/api/resolve-cache/models/sentence-transformers/all-MiniLM-L6-v2/1110a243fdf4706b3f48f1d95db1a4f5529b4d41/sentence_bert_config.json "HTTP/1.1 200 OK"
2026-08-30 18:52:18,384 | INFO    | HTTP Request: HEAD https://huggingface.co/sentence-transformers/all-MiniLM-L6-v2/resolve/main/sentence_bert_config.json "HTTP/1.1 307 Temporary Redirect"
2026-08-30 18:52:18,388 | INFO    | HTTP Request: HEAD https://huggingface.co/sentence-transformers/all-MiniLM-L6-v2/resolve/main/sentence_bert_config.json "HTTP/1.1 307 Temporary Redirect"
2026-08-30 18:52:18,392 | INFO    | HTTP Request: HEAD https://huggingface.co/sentence-transformers/all-MiniLM-L6-v2/resolve/main/sentence_bert_config.json "HTTP/1.1 307 Temporary Redirect"
2026-08-30 18:52:18,395 | INFO    | HTTP Request: HEAD https://huggingface.co/api/resolve-cache/models/sentence-transformers/all-MiniLM-L6-v2/1110a243fdf4706b3f48f1d95db1a4f5529b4d41/sentence_bert_config.json "HTTP/1.1 200 OK"
2026-08-30 18:52:18,400 | INFO    | HTTP Request: HEAD https://huggingface.co/api/resolve-cache/models/sentence-transformers/all-MiniLM-L6-v2/1110a243fdf4706b3f48f1d95db1a4f5529b4d41/sentence_bert_config.json "HTTP/1.1 200 OK"
2026-08-30 18:52:18,403 | INFO    | HTTP Request: HEAD https://huggingface.co/api/resolve-cache/models/sentence-transformers/all-MiniLM-L6-v2/1110a243fdf4706b3f48f1d95db1a4f5529b4d41/sentence_bert_config.json "HTTP/1.1 200 OK"
2026-08-30 18:52:18,424 | INFO    | HTTP Request: HEAD https://huggingface.co/sentence-transformers/all-MiniLM-L6-v2/resolve/main/sentence_bert_config.json "HTTP/1.1 307 Temporary Redirect"
2026-08-30 18:52:18,434 | INFO    | HTTP Request: HEAD https://huggingface.co/sentence-transformers/all-MiniLM-L6-v2/resolve/main/sentence_bert_config.json "HTTP/1.1 307 Temporary Redirect"
2026-08-30 18:52:18,438 | INFO    | HTTP Request: HEAD https://huggingface.co/sentence-transformers/all-MiniLM-L6-v2/resolve/main/sentence_bert_config.json "HTTP/1.1 307 Temporary Redirect"
2026-08-30 18:52:18,438 | INFO    | HTTP Request: HEAD https://huggingface.co/api/resolve-cache/models/sentence-transformers/all-MiniLM-L6-v2/1110a243fdf4706b3f48f1d95db1a4f5529b4d41/sentence_bert_config.json "HTTP/1.1 200 OK"
2026-08-30 18:52:18,444 | INFO    | HTTP Request: HEAD https://huggingface.co/api/resolve-cache/models/sentence-transformers/all-MiniLM-L6-v2/1110a243fdf4706b3f48f1d95db1a4f5529b4d41/sentence_bert_config.json "HTTP/1.1 200 OK"
2026-08-30 18:52:18,448 | INFO    | HTTP Request: HEAD https://huggingface.co/api/resolve-cache/models/sentence-transformers/all-MiniLM-L6-v2/1110a243fdf4706b3f48f1d95db1a4f5529b4d41/sentence_bert_config.json "HTTP/1.1 200 OK"
2026-08-30 18:52:18,451 | INFO    | HTTP Request: HEAD https://huggingface.co/sentence-transformers/all-MiniLM-L6-v2/resolve/main/sentence_bert_config.json "HTTP/1.1 307 Temporary Redirect"
2026-08-30 18:52:18,458 | INFO    | HTTP Request: HEAD https://huggingface.co/sentence-transformers/all-MiniLM-L6-v2/resolve/main/sentence_bert_config.json "HTTP/1.1 307 Temporary Redirect"
2026-08-30 18:52:18,460 | INFO    | HTTP Request: HEAD https://huggingface.co/api/resolve-cache/models/sentence-transformers/all-MiniLM-L6-v2/1110a243fdf4706b3f48f1d95db1a4f5529b4d41/sentence_bert_config.json "HTTP/1.1 200 OK"
2026-08-30 18:52:18,468 | INFO    | HTTP Request: HEAD https://huggingface.co/api/resolve-cache/models/sentence-transformers/all-MiniLM-L6-v2/1110a243fdf4706b3f48f1d95db1a4f5529b4d41/sentence_bert_config.json "HTTP/1.1 200 OK"
2026-08-30 18:52:18,491 | INFO    | HTTP Request: HEAD https://huggingface.co/sentence-transformers/all-MiniLM-L6-v2/resolve/main/adapter_config.json "HTTP/1.1 404 Not Found"
2026-08-30 18:52:18,501 | INFO    | HTTP Request: HEAD https://huggingface.co/sentence-transformers/all-MiniLM-L6-v2/resolve/main/adapter_config.json "HTTP/1.1 404 Not Found"
2026-08-30 18:52:18,516 | INFO    | HTTP Request: HEAD https://huggingface.co/sentence-transformers/all-MiniLM-L6-v2/resolve/main/adapter_config.json "HTTP/1.1 404 Not Found"
2026-08-30 18:52:18,526 | INFO    | HTTP Request: HEAD https://huggingface.co/sentence-transformers/all-MiniLM-L6-v2/resolve/main/adapter_config.json "HTTP/1.1 404 Not Found"
2026-08-30 18:52:18,547 | INFO    | HTTP Request: HEAD https://huggingface.co/sentence-transformers/all-MiniLM-L6-v2/resolve/main/adapter_config.json "HTTP/1.1 404 Not Found"
2026-08-30 18:52:18,573 | INFO    | HTTP Request: HEAD https://huggingface.co/sentence-transformers/all-MiniLM-L6-v2/resolve/main/adapter_config.json "HTTP/1.1 404 Not Found"
2026-08-30 18:52:18,577 | INFO    | HTTP Request: HEAD https://huggingface.co/sentence-transformers/all-MiniLM-L6-v2/resolve/main/adapter_config.json "HTTP/1.1 404 Not Found"
2026-08-30 18:52:18,590 | INFO    | HTTP Request: HEAD https://huggingface.co/sentence-transformers/all-MiniLM-L6-v2/resolve/main/adapter_config.json "HTTP/1.1 404 Not Found"
2026-08-30 18:52:18,607 | INFO    | HTTP Request: HEAD https://huggingface.co/sentence-transformers/all-MiniLM-L6-v2/resolve/main/adapter_config.json "HTTP/1.1 404 Not Found"
2026-08-30 18:52:18,609 | INFO    | HTTP Request: HEAD https://huggingface.co/sentence-transformers/all-MiniLM-L6-v2/resolve/main/adapter_config.json "HTTP/1.1 404 Not Found"
2026-08-30 18:52:18,613 | INFO    | HTTP Request: HEAD https://huggingface.co/sentence-transformers/all-MiniLM-L6-v2/resolve/main/adapter_config.json "HTTP/1.1 404 Not Found"
2026-08-30 18:52:18,649 | INFO    | HTTP Request: HEAD https://huggingface.co/sentence-transformers/all-MiniLM-L6-v2/resolve/main/adapter_config.json "HTTP/1.1 404 Not Found"
2026-08-30 18:52:18,650 | INFO    | HTTP Request: HEAD https://huggingface.co/sentence-transformers/all-MiniLM-L6-v2/resolve/main/adapter_config.json "HTTP/1.1 404 Not Found"
2026-08-30 18:52:18,657 | INFO    | HTTP Request: HEAD https://huggingface.co/sentence-transformers/all-MiniLM-L6-v2/resolve/main/adapter_config.json "HTTP/1.1 404 Not Found"
2026-08-30 18:52:18,669 | INFO    | HTTP Request: HEAD https://huggingface.co/sentence-transformers/all-MiniLM-L6-v2/resolve/main/adapter_config.json "HTTP/1.1 404 Not Found"
2026-08-30 18:52:18,676 | INFO    | HTTP Request: HEAD https://huggingface.co/sentence-transformers/all-MiniLM-L6-v2/resolve/main/adapter_config.json "HTTP/1.1 404 Not Found"
2026-08-30 18:52:18,701 | INFO    | HTTP Request: HEAD https://huggingface.co/sentence-transformers/all-MiniLM-L6-v2/resolve/main/config.json "HTTP/1.1 307 Temporary Redirect"
2026-08-30 18:52:18,710 | INFO    | HTTP Request: HEAD https://huggingface.co/sentence-transformers/all-MiniLM-L6-v2/resolve/main/config.json "HTTP/1.1 307 Temporary Redirect"
2026-08-30 18:52:18,713 | INFO    | HTTP Request: HEAD https://huggingface.co/api/resolve-cache/models/sentence-transformers/all-MiniLM-L6-v2/1110a243fdf4706b3f48f1d95db1a4f5529b4d41/config.json "HTTP/1.1 200 OK"
2026-08-30 18:52:18,720 | INFO    | HTTP Request: HEAD https://huggingface.co/api/resolve-cache/models/sentence-transformers/all-MiniLM-L6-v2/1110a243fdf4706b3f48f1d95db1a4f5529b4d41/config.json "HTTP/1.1 200 OK"
2026-08-30 18:52:18,728 | INFO    | HTTP Request: HEAD https://huggingface.co/sentence-transformers/all-MiniLM-L6-v2/resolve/main/config.json "HTTP/1.1 307 Temporary Redirect"
2026-08-30 18:52:18,742 | INFO    | HTTP Request: HEAD https://huggingface.co/sentence-transformers/all-MiniLM-L6-v2/resolve/main/config.json "HTTP/1.1 307 Temporary Redirect"
2026-08-30 18:52:18,757 | INFO    | HTTP Request: HEAD https://huggingface.co/sentence-transformers/all-MiniLM-L6-v2/resolve/main/config.json "HTTP/1.1 307 Temporary Redirect"
2026-08-30 18:52:18,765 | INFO    | HTTP Request: HEAD https://huggingface.co/api/resolve-cache/models/sentence-transformers/all-MiniLM-L6-v2/1110a243fdf4706b3f48f1d95db1a4f5529b4d41/config.json "HTTP/1.1 200 OK"
2026-08-30 18:52:18,773 | INFO    | HTTP Request: HEAD https://huggingface.co/api/resolve-cache/models/sentence-transformers/all-MiniLM-L6-v2/1110a243fdf4706b3f48f1d95db1a4f5529b4d41/config.json "HTTP/1.1 200 OK"
2026-08-30 18:52:18,774 | INFO    | HTTP Request: HEAD https://huggingface.co/api/resolve-cache/models/sentence-transformers/all-MiniLM-L6-v2/1110a243fdf4706b3f48f1d95db1a4f5529b4d41/config.json "HTTP/1.1 200 OK"
2026-08-30 18:52:18,785 | INFO    | HTTP Request: HEAD https://huggingface.co/sentence-transformers/all-MiniLM-L6-v2/resolve/main/config.json "HTTP/1.1 307 Temporary Redirect"
2026-08-30 18:52:18,785 | INFO    | HTTP Request: HEAD https://huggingface.co/sentence-transformers/all-MiniLM-L6-v2/resolve/main/config.json "HTTP/1.1 307 Temporary Redirect"
2026-08-30 18:52:18,796 | INFO    | HTTP Request: HEAD https://huggingface.co/api/resolve-cache/models/sentence-transformers/all-MiniLM-L6-v2/1110a243fdf4706b3f48f1d95db1a4f5529b4d41/config.json "HTTP/1.1 200 OK"
2026-08-30 18:52:18,804 | INFO    | HTTP Request: HEAD https://huggingface.co/api/resolve-cache/models/sentence-transformers/all-MiniLM-L6-v2/1110a243fdf4706b3f48f1d95db1a4f5529b4d41/config.json "HTTP/1.1 200 OK"
2026-08-30 18:52:18,825 | INFO    | HTTP Request: HEAD https://huggingface.co/sentence-transformers/all-MiniLM-L6-v2/resolve/main/config.json "HTTP/1.1 307 Temporary Redirect"
2026-08-30 18:52:18,832 | INFO    | HTTP Request: HEAD https://huggingface.co/sentence-transformers/all-MiniLM-L6-v2/resolve/main/config.json "HTTP/1.1 307 Temporary Redirect"
2026-08-30 18:52:18,833 | INFO    | HTTP Request: HEAD https://huggingface.co/sentence-transformers/all-MiniLM-L6-v2/resolve/main/config.json "HTTP/1.1 307 Temporary Redirect"
2026-08-30 18:52:18,833 | INFO    | HTTP Request: HEAD https://huggingface.co/sentence-transformers/all-MiniLM-L6-v2/resolve/main/config.json "HTTP/1.1 307 Temporary Redirect"
2026-08-30 18:52:18,886 | INFO    | HTTP Request: HEAD https://huggingface.co/sentence-transformers/all-MiniLM-L6-v2/resolve/main/config.json "HTTP/1.1 307 Temporary Redirect"
2026-08-30 18:52:18,888 | INFO    | HTTP Request: HEAD https://huggingface.co/sentence-transformers/all-MiniLM-L6-v2/resolve/main/config.json "HTTP/1.1 307 Temporary Redirect"
2026-08-30 18:52:18,888 | INFO    | HTTP Request: HEAD https://huggingface.co/sentence-transformers/all-MiniLM-L6-v2/resolve/main/config.json "HTTP/1.1 307 Temporary Redirect"
2026-08-30 18:52:18,899 | INFO    | HTTP Request: HEAD https://huggingface.co/sentence-transformers/all-MiniLM-L6-v2/resolve/main/config.json "HTTP/1.1 307 Temporary Redirect"
2026-08-30 18:52:18,901 | INFO    | HTTP Request: HEAD https://huggingface.co/sentence-transformers/all-MiniLM-L6-v2/resolve/main/config.json "HTTP/1.1 307 Temporary Redirect"
2026-08-30 18:52:18,954 | INFO    | HTTP Request: HEAD https://huggingface.co/api/resolve-cache/models/sentence-transformers/all-MiniLM-L6-v2/1110a243fdf4706b3f48f1d95db1a4f5529b4d41/config.json "HTTP/1.1 200 OK"
2026-08-30 18:52:18,968 | INFO    | HTTP Request: HEAD https://huggingface.co/api/resolve-cache/models/sentence-transformers/all-MiniLM-L6-v2/1110a243fdf4706b3f48f1d95db1a4f5529b4d41/config.json "HTTP/1.1 200 OK"
2026-08-30 18:52:19,005 | INFO    | HTTP Request: HEAD https://huggingface.co/api/resolve-cache/models/sentence-transformers/all-MiniLM-L6-v2/1110a243fdf4706b3f48f1d95db1a4f5529b4d41/config.json "HTTP/1.1 200 OK"
2026-08-30 18:52:19,031 | INFO    | HTTP Request: HEAD https://huggingface.co/api/resolve-cache/models/sentence-transformers/all-MiniLM-L6-v2/1110a243fdf4706b3f48f1d95db1a4f5529b4d41/config.json "HTTP/1.1 200 OK"
2026-08-30 18:52:19,036 | INFO    | HTTP Request: HEAD https://huggingface.co/api/resolve-cache/models/sentence-transformers/all-MiniLM-L6-v2/1110a243fdf4706b3f48f1d95db1a4f5529b4d41/config.json "HTTP/1.1 200 OK"
2026-08-30 18:52:19,061 | INFO    | HTTP Request: HEAD https://huggingface.co/api/resolve-cache/models/sentence-transformers/all-MiniLM-L6-v2/1110a243fdf4706b3f48f1d95db1a4f5529b4d41/config.json "HTTP/1.1 200 OK"
2026-08-30 18:52:19,173 | INFO    | HTTP Request: HEAD https://huggingface.co/api/resolve-cache/models/sentence-transformers/all-MiniLM-L6-v2/1110a243fdf4706b3f48f1d95db1a4f5529b4d41/config.json "HTTP/1.1 200 OK"
2026-08-30 18:52:19,190 | INFO    | HTTP Request: HEAD https://huggingface.co/api/resolve-cache/models/sentence-transformers/all-MiniLM-L6-v2/1110a243fdf4706b3f48f1d95db1a4f5529b4d41/config.json "HTTP/1.1 200 OK"
2026-08-30 18:52:19,222 | INFO    | HTTP Request: HEAD https://huggingface.co/api/resolve-cache/models/sentence-transformers/all-MiniLM-L6-v2/1110a243fdf4706b3f48f1d95db1a4f5529b4d41/config.json "HTTP/1.1 200 OK"
2026-08-30 18:52:20,782 | INFO    | HTTP Request: HEAD https://huggingface.co/sentence-transformers/all-MiniLM-L6-v2/resolve/main/processor_config.json "HTTP/1.1 404 Not Found"
2026-08-30 18:52:20,782 | INFO    | HTTP Request: HEAD https://huggingface.co/sentence-transformers/all-MiniLM-L6-v2/resolve/main/processor_config.json "HTTP/1.1 404 Not Found"
2026-08-30 18:52:20,785 | INFO    | HTTP Request: HEAD https://huggingface.co/sentence-transformers/all-MiniLM-L6-v2/resolve/main/processor_config.json "HTTP/1.1 404 Not Found"
2026-08-30 18:52:20,801 | INFO    | HTTP Request: HEAD https://huggingface.co/sentence-transformers/all-MiniLM-L6-v2/resolve/main/processor_config.json "HTTP/1.1 404 Not Found"
2026-08-30 18:52:20,850 | INFO    | HTTP Request: HEAD https://huggingface.co/sentence-transformers/all-MiniLM-L6-v2/resolve/main/processor_config.json "HTTP/1.1 404 Not Found"
2026-08-30 18:52:20,868 | INFO    | HTTP Request: HEAD https://huggingface.co/sentence-transformers/all-MiniLM-L6-v2/resolve/main/processor_config.json "HTTP/1.1 404 Not Found"
2026-08-30 18:52:20,880 | INFO    | HTTP Request: HEAD https://huggingface.co/sentence-transformers/all-MiniLM-L6-v2/resolve/main/processor_config.json "HTTP/1.1 404 Not Found"
2026-08-30 18:52:20,956 | INFO    | HTTP Request: HEAD https://huggingface.co/sentence-transformers/all-MiniLM-L6-v2/resolve/main/processor_config.json "HTTP/1.1 404 Not Found"
2026-08-30 18:52:20,975 | INFO    | HTTP Request: HEAD https://huggingface.co/sentence-transformers/all-MiniLM-L6-v2/resolve/main/processor_config.json "HTTP/1.1 404 Not Found"
2026-08-30 18:52:20,995 | INFO    | HTTP Request: HEAD https://huggingface.co/sentence-transformers/all-MiniLM-L6-v2/resolve/main/processor_config.json "HTTP/1.1 404 Not Found"
2026-08-30 18:52:20,999 | INFO    | HTTP Request: HEAD https://huggingface.co/sentence-transformers/all-MiniLM-L6-v2/resolve/main/processor_config.json "HTTP/1.1 404 Not Found"
2026-08-30 18:52:21,013 | INFO    | HTTP Request: HEAD https://huggingface.co/sentence-transformers/all-MiniLM-L6-v2/resolve/main/processor_config.json "HTTP/1.1 404 Not Found"
2026-08-30 18:52:21,018 | INFO    | HTTP Request: HEAD https://huggingface.co/sentence-transformers/all-MiniLM-L6-v2/resolve/main/processor_config.json "HTTP/1.1 404 Not Found"
2026-08-30 18:52:21,020 | INFO    | HTTP Request: HEAD https://huggingface.co/sentence-transformers/all-MiniLM-L6-v2/resolve/main/processor_config.json "HTTP/1.1 404 Not Found"
2026-08-30 18:52:21,022 | INFO    | HTTP Request: HEAD https://huggingface.co/sentence-transformers/all-MiniLM-L6-v2/resolve/main/preprocessor_config.json "HTTP/1.1 404 Not Found"
2026-08-30 18:52:21,023 | INFO    | HTTP Request: HEAD https://huggingface.co/sentence-transformers/all-MiniLM-L6-v2/resolve/main/preprocessor_config.json "HTTP/1.1 404 Not Found"
2026-08-30 18:52:21,023 | INFO    | HTTP Request: HEAD https://huggingface.co/sentence-transformers/all-MiniLM-L6-v2/resolve/main/preprocessor_config.json "HTTP/1.1 404 Not Found"
2026-08-30 18:52:21,024 | INFO    | HTTP Request: HEAD https://huggingface.co/sentence-transformers/all-MiniLM-L6-v2/resolve/main/processor_config.json "HTTP/1.1 404 Not Found"
2026-08-30 18:52:21,028 | INFO    | HTTP Request: HEAD https://huggingface.co/sentence-transformers/all-MiniLM-L6-v2/resolve/main/processor_config.json "HTTP/1.1 404 Not Found"
2026-08-30 18:52:21,034 | INFO    | HTTP Request: HEAD https://huggingface.co/sentence-transformers/all-MiniLM-L6-v2/resolve/main/preprocessor_config.json "HTTP/1.1 404 Not Found"
2026-08-30 18:52:21,064 | INFO    | HTTP Request: HEAD https://huggingface.co/sentence-transformers/all-MiniLM-L6-v2/resolve/main/preprocessor_config.json "HTTP/1.1 404 Not Found"
2026-08-30 18:52:21,079 | INFO    | HTTP Request: HEAD https://huggingface.co/sentence-transformers/all-MiniLM-L6-v2/resolve/main/preprocessor_config.json "HTTP/1.1 404 Not Found"
2026-08-30 18:52:21,098 | INFO    | HTTP Request: HEAD https://huggingface.co/sentence-transformers/all-MiniLM-L6-v2/resolve/main/preprocessor_config.json "HTTP/1.1 404 Not Found"
2026-08-30 18:52:21,167 | INFO    | HTTP Request: HEAD https://huggingface.co/sentence-transformers/all-MiniLM-L6-v2/resolve/main/preprocessor_config.json "HTTP/1.1 404 Not Found"
2026-08-30 18:52:21,185 | INFO    | HTTP Request: HEAD https://huggingface.co/sentence-transformers/all-MiniLM-L6-v2/resolve/main/preprocessor_config.json "HTTP/1.1 404 Not Found"
2026-08-30 18:52:21,210 | INFO    | HTTP Request: HEAD https://huggingface.co/sentence-transformers/all-MiniLM-L6-v2/resolve/main/preprocessor_config.json "HTTP/1.1 404 Not Found"
2026-08-30 18:52:21,227 | INFO    | HTTP Request: HEAD https://huggingface.co/sentence-transformers/all-MiniLM-L6-v2/resolve/main/preprocessor_config.json "HTTP/1.1 404 Not Found"
2026-08-30 18:52:21,231 | INFO    | HTTP Request: HEAD https://huggingface.co/sentence-transformers/all-MiniLM-L6-v2/resolve/main/preprocessor_config.json "HTTP/1.1 404 Not Found"
2026-08-30 18:52:21,234 | INFO    | HTTP Request: HEAD https://huggingface.co/sentence-transformers/all-MiniLM-L6-v2/resolve/main/preprocessor_config.json "HTTP/1.1 404 Not Found"
2026-08-30 18:52:21,236 | INFO    | HTTP Request: HEAD https://huggingface.co/sentence-transformers/all-MiniLM-L6-v2/resolve/main/preprocessor_config.json "HTTP/1.1 404 Not Found"
2026-08-30 18:52:21,237 | INFO    | HTTP Request: HEAD https://huggingface.co/sentence-transformers/all-MiniLM-L6-v2/resolve/main/video_preprocessor_config.json "HTTP/1.1 404 Not Found"
2026-08-30 18:52:21,240 | INFO    | HTTP Request: HEAD https://huggingface.co/sentence-transformers/all-MiniLM-L6-v2/resolve/main/preprocessor_config.json "HTTP/1.1 404 Not Found"
2026-08-30 18:52:21,241 | INFO    | HTTP Request: HEAD https://huggingface.co/sentence-transformers/all-MiniLM-L6-v2/resolve/main/video_preprocessor_config.json "HTTP/1.1 404 Not Found"
2026-08-30 18:52:21,246 | INFO    | HTTP Request: HEAD https://huggingface.co/sentence-transformers/all-MiniLM-L6-v2/resolve/main/video_preprocessor_config.json "HTTP/1.1 404 Not Found"
2026-08-30 18:52:21,277 | INFO    | HTTP Request: HEAD https://huggingface.co/sentence-transformers/all-MiniLM-L6-v2/resolve/main/video_preprocessor_config.json "HTTP/1.1 404 Not Found"
2026-08-30 18:52:21,283 | INFO    | HTTP Request: HEAD https://huggingface.co/sentence-transformers/all-MiniLM-L6-v2/resolve/main/preprocessor_config.json "HTTP/1.1 404 Not Found"
2026-08-30 18:52:21,288 | INFO    | HTTP Request: HEAD https://huggingface.co/sentence-transformers/all-MiniLM-L6-v2/resolve/main/video_preprocessor_config.json "HTTP/1.1 404 Not Found"
2026-08-30 18:52:21,308 | INFO    | HTTP Request: HEAD https://huggingface.co/sentence-transformers/all-MiniLM-L6-v2/resolve/main/video_preprocessor_config.json "HTTP/1.1 404 Not Found"
2026-08-30 18:52:21,316 | INFO    | HTTP Request: HEAD https://huggingface.co/sentence-transformers/all-MiniLM-L6-v2/resolve/main/video_preprocessor_config.json "HTTP/1.1 404 Not Found"
2026-08-30 18:52:21,375 | INFO    | HTTP Request: HEAD https://huggingface.co/sentence-transformers/all-MiniLM-L6-v2/resolve/main/video_preprocessor_config.json "HTTP/1.1 404 Not Found"
2026-08-30 18:52:21,393 | INFO    | HTTP Request: HEAD https://huggingface.co/sentence-transformers/all-MiniLM-L6-v2/resolve/main/video_preprocessor_config.json "HTTP/1.1 404 Not Found"
2026-08-30 18:52:21,419 | INFO    | HTTP Request: HEAD https://huggingface.co/sentence-transformers/all-MiniLM-L6-v2/resolve/main/video_preprocessor_config.json "HTTP/1.1 404 Not Found"
2026-08-30 18:52:21,438 | INFO    | HTTP Request: HEAD https://huggingface.co/sentence-transformers/all-MiniLM-L6-v2/resolve/main/video_preprocessor_config.json "HTTP/1.1 404 Not Found"
2026-08-30 18:52:21,440 | INFO    | HTTP Request: HEAD https://huggingface.co/sentence-transformers/all-MiniLM-L6-v2/resolve/main/video_preprocessor_config.json "HTTP/1.1 404 Not Found"
2026-08-30 18:52:21,450 | INFO    | HTTP Request: HEAD https://huggingface.co/sentence-transformers/all-MiniLM-L6-v2/resolve/main/video_preprocessor_config.json "HTTP/1.1 404 Not Found"
2026-08-30 18:52:21,451 | INFO    | HTTP Request: HEAD https://huggingface.co/sentence-transformers/all-MiniLM-L6-v2/resolve/main/video_preprocessor_config.json "HTTP/1.1 404 Not Found"
2026-08-30 18:52:21,453 | INFO    | HTTP Request: HEAD https://huggingface.co/sentence-transformers/all-MiniLM-L6-v2/resolve/main/preprocessor_config.json "HTTP/1.1 404 Not Found"
2026-08-30 18:52:21,460 | INFO    | HTTP Request: HEAD https://huggingface.co/sentence-transformers/all-MiniLM-L6-v2/resolve/main/preprocessor_config.json "HTTP/1.1 404 Not Found"
2026-08-30 18:52:21,460 | INFO    | HTTP Request: HEAD https://huggingface.co/sentence-transformers/all-MiniLM-L6-v2/resolve/main/video_preprocessor_config.json "HTTP/1.1 404 Not Found"
2026-08-30 18:52:21,471 | INFO    | HTTP Request: HEAD https://huggingface.co/sentence-transformers/all-MiniLM-L6-v2/resolve/main/preprocessor_config.json "HTTP/1.1 404 Not Found"
2026-08-30 18:52:21,490 | INFO    | HTTP Request: HEAD https://huggingface.co/sentence-transformers/all-MiniLM-L6-v2/resolve/main/preprocessor_config.json "HTTP/1.1 404 Not Found"
2026-08-30 18:52:21,495 | INFO    | HTTP Request: HEAD https://huggingface.co/sentence-transformers/all-MiniLM-L6-v2/resolve/main/video_preprocessor_config.json "HTTP/1.1 404 Not Found"
2026-08-30 18:52:21,520 | INFO    | HTTP Request: HEAD https://huggingface.co/sentence-transformers/all-MiniLM-L6-v2/resolve/main/preprocessor_config.json "HTTP/1.1 404 Not Found"
2026-08-30 18:52:21,524 | INFO    | HTTP Request: HEAD https://huggingface.co/sentence-transformers/all-MiniLM-L6-v2/resolve/main/preprocessor_config.json "HTTP/1.1 404 Not Found"
2026-08-30 18:52:21,584 | INFO    | HTTP Request: HEAD https://huggingface.co/sentence-transformers/all-MiniLM-L6-v2/resolve/main/preprocessor_config.json "HTTP/1.1 404 Not Found"
2026-08-30 18:52:21,628 | INFO    | HTTP Request: HEAD https://huggingface.co/sentence-transformers/all-MiniLM-L6-v2/resolve/main/preprocessor_config.json "HTTP/1.1 404 Not Found"
2026-08-30 18:52:21,644 | INFO    | HTTP Request: HEAD https://huggingface.co/sentence-transformers/all-MiniLM-L6-v2/resolve/main/preprocessor_config.json "HTTP/1.1 404 Not Found"
2026-08-30 18:52:21,651 | INFO    | HTTP Request: HEAD https://huggingface.co/sentence-transformers/all-MiniLM-L6-v2/resolve/main/preprocessor_config.json "HTTP/1.1 404 Not Found"
2026-08-30 18:52:21,657 | INFO    | HTTP Request: HEAD https://huggingface.co/sentence-transformers/all-MiniLM-L6-v2/resolve/main/preprocessor_config.json "HTTP/1.1 404 Not Found"
2026-08-30 18:52:21,664 | INFO    | HTTP Request: HEAD https://huggingface.co/sentence-transformers/all-MiniLM-L6-v2/resolve/main/preprocessor_config.json "HTTP/1.1 404 Not Found"
2026-08-30 18:52:21,669 | INFO    | HTTP Request: HEAD https://huggingface.co/sentence-transformers/all-MiniLM-L6-v2/resolve/main/preprocessor_config.json "HTTP/1.1 404 Not Found"
2026-08-30 18:52:21,671 | INFO    | HTTP Request: HEAD https://huggingface.co/sentence-transformers/all-MiniLM-L6-v2/resolve/main/preprocessor_config.json "HTTP/1.1 404 Not Found"
2026-08-30 18:52:21,676 | INFO    | HTTP Request: HEAD https://huggingface.co/sentence-transformers/all-MiniLM-L6-v2/resolve/main/preprocessor_config.json "HTTP/1.1 404 Not Found"
2026-08-30 18:52:21,679 | INFO    | HTTP Request: HEAD https://huggingface.co/sentence-transformers/all-MiniLM-L6-v2/resolve/main/tokenizer_config.json "HTTP/1.1 307 Temporary Redirect"
2026-08-30 18:52:21,673 | INFO    | HTTP Request: HEAD https://huggingface.co/sentence-transformers/all-MiniLM-L6-v2/resolve/main/tokenizer_config.json "HTTP/1.1 307 Temporary Redirect"
2026-08-30 18:52:21,684 | INFO    | HTTP Request: HEAD https://huggingface.co/sentence-transformers/all-MiniLM-L6-v2/resolve/main/tokenizer_config.json "HTTP/1.1 307 Temporary Redirect"
2026-08-30 18:52:21,718 | INFO    | HTTP Request: HEAD https://huggingface.co/sentence-transformers/all-MiniLM-L6-v2/resolve/main/tokenizer_config.json "HTTP/1.1 307 Temporary Redirect"
2026-08-30 18:52:21,719 | INFO    | HTTP Request: HEAD https://huggingface.co/sentence-transformers/all-MiniLM-L6-v2/resolve/main/preprocessor_config.json "HTTP/1.1 404 Not Found"
2026-08-30 18:52:21,727 | INFO    | HTTP Request: HEAD https://huggingface.co/sentence-transformers/all-MiniLM-L6-v2/resolve/main/tokenizer_config.json "HTTP/1.1 307 Temporary Redirect"
2026-08-30 18:52:21,735 | INFO    | HTTP Request: HEAD https://huggingface.co/api/resolve-cache/models/sentence-transformers/all-MiniLM-L6-v2/1110a243fdf4706b3f48f1d95db1a4f5529b4d41/tokenizer_config.json "HTTP/1.1 200 OK"
2026-08-30 18:52:21,736 | INFO    | HTTP Request: HEAD https://huggingface.co/api/resolve-cache/models/sentence-transformers/all-MiniLM-L6-v2/1110a243fdf4706b3f48f1d95db1a4f5529b4d41/tokenizer_config.json "HTTP/1.1 200 OK"
2026-08-30 18:52:21,736 | INFO    | HTTP Request: HEAD https://huggingface.co/api/resolve-cache/models/sentence-transformers/all-MiniLM-L6-v2/1110a243fdf4706b3f48f1d95db1a4f5529b4d41/tokenizer_config.json "HTTP/1.1 200 OK"
2026-08-30 18:52:21,739 | INFO    | HTTP Request: HEAD https://huggingface.co/api/resolve-cache/models/sentence-transformers/all-MiniLM-L6-v2/1110a243fdf4706b3f48f1d95db1a4f5529b4d41/tokenizer_config.json "HTTP/1.1 200 OK"
2026-08-30 18:52:21,739 | INFO    | HTTP Request: HEAD https://huggingface.co/sentence-transformers/all-MiniLM-L6-v2/resolve/main/tokenizer_config.json "HTTP/1.1 307 Temporary Redirect"
2026-08-30 18:52:21,739 | INFO    | HTTP Request: HEAD https://huggingface.co/api/resolve-cache/models/sentence-transformers/all-MiniLM-L6-v2/1110a243fdf4706b3f48f1d95db1a4f5529b4d41/tokenizer_config.json "HTTP/1.1 200 OK"
2026-08-30 18:52:21,753 | INFO    | HTTP Request: HEAD https://huggingface.co/api/resolve-cache/models/sentence-transformers/all-MiniLM-L6-v2/1110a243fdf4706b3f48f1d95db1a4f5529b4d41/tokenizer_config.json "HTTP/1.1 200 OK"
2026-08-30 18:52:21,794 | INFO    | HTTP Request: HEAD https://huggingface.co/sentence-transformers/all-MiniLM-L6-v2/resolve/main/tokenizer_config.json "HTTP/1.1 307 Temporary Redirect"
2026-08-30 18:52:21,806 | INFO    | HTTP Request: HEAD https://huggingface.co/api/resolve-cache/models/sentence-transformers/all-MiniLM-L6-v2/1110a243fdf4706b3f48f1d95db1a4f5529b4d41/tokenizer_config.json "HTTP/1.1 200 OK"
2026-08-30 18:52:21,836 | INFO    | HTTP Request: HEAD https://huggingface.co/sentence-transformers/all-MiniLM-L6-v2/resolve/main/tokenizer_config.json "HTTP/1.1 307 Temporary Redirect"
2026-08-30 18:52:21,849 | INFO    | HTTP Request: HEAD https://huggingface.co/api/resolve-cache/models/sentence-transformers/all-MiniLM-L6-v2/1110a243fdf4706b3f48f1d95db1a4f5529b4d41/tokenizer_config.json "HTTP/1.1 200 OK"
2026-08-30 18:52:21,851 | INFO    | HTTP Request: HEAD https://huggingface.co/sentence-transformers/all-MiniLM-L6-v2/resolve/main/tokenizer_config.json "HTTP/1.1 307 Temporary Redirect"
2026-08-30 18:52:21,860 | INFO    | HTTP Request: HEAD https://huggingface.co/api/resolve-cache/models/sentence-transformers/all-MiniLM-L6-v2/1110a243fdf4706b3f48f1d95db1a4f5529b4d41/tokenizer_config.json "HTTP/1.1 200 OK"
2026-08-30 18:52:21,897 | INFO    | HTTP Request: HEAD https://huggingface.co/sentence-transformers/all-MiniLM-L6-v2/resolve/main/tokenizer_config.json "HTTP/1.1 307 Temporary Redirect"
2026-08-30 18:52:21,900 | INFO    | HTTP Request: HEAD https://huggingface.co/sentence-transformers/all-MiniLM-L6-v2/resolve/main/tokenizer_config.json "HTTP/1.1 307 Temporary Redirect"
2026-08-30 18:52:21,908 | INFO    | HTTP Request: HEAD https://huggingface.co/api/resolve-cache/models/sentence-transformers/all-MiniLM-L6-v2/1110a243fdf4706b3f48f1d95db1a4f5529b4d41/tokenizer_config.json "HTTP/1.1 200 OK"
2026-08-30 18:52:21,911 | INFO    | HTTP Request: HEAD https://huggingface.co/api/resolve-cache/models/sentence-transformers/all-MiniLM-L6-v2/1110a243fdf4706b3f48f1d95db1a4f5529b4d41/tokenizer_config.json "HTTP/1.1 200 OK"
2026-08-30 18:52:21,926 | INFO    | HTTP Request: HEAD https://huggingface.co/sentence-transformers/all-MiniLM-L6-v2/resolve/main/tokenizer_config.json "HTTP/1.1 307 Temporary Redirect"
2026-08-30 18:52:21,929 | INFO    | HTTP Request: HEAD https://huggingface.co/sentence-transformers/all-MiniLM-L6-v2/resolve/main/tokenizer_config.json "HTTP/1.1 307 Temporary Redirect"
2026-08-30 18:52:21,931 | INFO    | HTTP Request: HEAD https://huggingface.co/sentence-transformers/all-MiniLM-L6-v2/resolve/main/tokenizer_config.json "HTTP/1.1 307 Temporary Redirect"
2026-08-30 18:52:21,931 | INFO    | HTTP Request: HEAD https://huggingface.co/sentence-transformers/all-MiniLM-L6-v2/resolve/main/tokenizer_config.json "HTTP/1.1 307 Temporary Redirect"
2026-08-30 18:52:21,933 | INFO    | HTTP Request: HEAD https://huggingface.co/sentence-transformers/all-MiniLM-L6-v2/resolve/main/tokenizer_config.json "HTTP/1.1 307 Temporary Redirect"
2026-08-30 18:52:21,940 | INFO    | HTTP Request: HEAD https://huggingface.co/api/resolve-cache/models/sentence-transformers/all-MiniLM-L6-v2/1110a243fdf4706b3f48f1d95db1a4f5529b4d41/tokenizer_config.json "HTTP/1.1 200 OK"
2026-08-30 18:52:21,944 | INFO    | HTTP Request: HEAD https://huggingface.co/api/resolve-cache/models/sentence-transformers/all-MiniLM-L6-v2/1110a243fdf4706b3f48f1d95db1a4f5529b4d41/tokenizer_config.json "HTTP/1.1 200 OK"
2026-08-30 18:52:21,950 | INFO    | HTTP Request: HEAD https://huggingface.co/api/resolve-cache/models/sentence-transformers/all-MiniLM-L6-v2/1110a243fdf4706b3f48f1d95db1a4f5529b4d41/tokenizer_config.json "HTTP/1.1 200 OK"
2026-08-30 18:52:21,950 | INFO    | HTTP Request: HEAD https://huggingface.co/api/resolve-cache/models/sentence-transformers/all-MiniLM-L6-v2/1110a243fdf4706b3f48f1d95db1a4f5529b4d41/tokenizer_config.json "HTTP/1.1 200 OK"
2026-08-30 18:52:21,954 | INFO    | HTTP Request: HEAD https://huggingface.co/api/resolve-cache/models/sentence-transformers/all-MiniLM-L6-v2/1110a243fdf4706b3f48f1d95db1a4f5529b4d41/tokenizer_config.json "HTTP/1.1 200 OK"
2026-08-30 18:52:21,955 | INFO    | HTTP Request: HEAD https://huggingface.co/sentence-transformers/all-MiniLM-L6-v2/resolve/main/config.json "HTTP/1.1 307 Temporary Redirect"
2026-08-30 18:52:21,957 | INFO    | HTTP Request: HEAD https://huggingface.co/sentence-transformers/all-MiniLM-L6-v2/resolve/main/config.json "HTTP/1.1 307 Temporary Redirect"
2026-08-30 18:52:21,958 | INFO    | HTTP Request: HEAD https://huggingface.co/sentence-transformers/all-MiniLM-L6-v2/resolve/main/config.json "HTTP/1.1 307 Temporary Redirect"
2026-08-30 18:52:21,961 | INFO    | HTTP Request: HEAD https://huggingface.co/sentence-transformers/all-MiniLM-L6-v2/resolve/main/config.json "HTTP/1.1 307 Temporary Redirect"
2026-08-30 18:52:21,962 | INFO    | HTTP Request: HEAD https://huggingface.co/sentence-transformers/all-MiniLM-L6-v2/resolve/main/config.json "HTTP/1.1 307 Temporary Redirect"
2026-08-30 18:52:21,968 | INFO    | HTTP Request: HEAD https://huggingface.co/sentence-transformers/all-MiniLM-L6-v2/resolve/main/config.json "HTTP/1.1 307 Temporary Redirect"
2026-08-30 18:52:21,974 | INFO    | HTTP Request: HEAD https://huggingface.co/api/resolve-cache/models/sentence-transformers/all-MiniLM-L6-v2/1110a243fdf4706b3f48f1d95db1a4f5529b4d41/config.json "HTTP/1.1 200 OK"
2026-08-30 18:52:21,974 | INFO    | HTTP Request: HEAD https://huggingface.co/api/resolve-cache/models/sentence-transformers/all-MiniLM-L6-v2/1110a243fdf4706b3f48f1d95db1a4f5529b4d41/config.json "HTTP/1.1 200 OK"
2026-08-30 18:52:21,981 | INFO    | HTTP Request: HEAD https://huggingface.co/api/resolve-cache/models/sentence-transformers/all-MiniLM-L6-v2/1110a243fdf4706b3f48f1d95db1a4f5529b4d41/config.json "HTTP/1.1 200 OK"
2026-08-30 18:52:21,982 | INFO    | HTTP Request: HEAD https://huggingface.co/api/resolve-cache/models/sentence-transformers/all-MiniLM-L6-v2/1110a243fdf4706b3f48f1d95db1a4f5529b4d41/config.json "HTTP/1.1 200 OK"
2026-08-30 18:52:21,982 | INFO    | HTTP Request: HEAD https://huggingface.co/api/resolve-cache/models/sentence-transformers/all-MiniLM-L6-v2/1110a243fdf4706b3f48f1d95db1a4f5529b4d41/config.json "HTTP/1.1 200 OK"
2026-08-30 18:52:21,984 | INFO    | HTTP Request: HEAD https://huggingface.co/api/resolve-cache/models/sentence-transformers/all-MiniLM-L6-v2/1110a243fdf4706b3f48f1d95db1a4f5529b4d41/config.json "HTTP/1.1 200 OK"
2026-08-30 18:52:22,015 | INFO    | HTTP Request: HEAD https://huggingface.co/sentence-transformers/all-MiniLM-L6-v2/resolve/main/config.json "HTTP/1.1 307 Temporary Redirect"
2026-08-30 18:52:22,025 | INFO    | HTTP Request: HEAD https://huggingface.co/api/resolve-cache/models/sentence-transformers/all-MiniLM-L6-v2/1110a243fdf4706b3f48f1d95db1a4f5529b4d41/config.json "HTTP/1.1 200 OK"
2026-08-30 18:52:22,066 | INFO    | HTTP Request: HEAD https://huggingface.co/sentence-transformers/all-MiniLM-L6-v2/resolve/main/config.json "HTTP/1.1 307 Temporary Redirect"
2026-08-30 18:52:22,077 | INFO    | HTTP Request: HEAD https://huggingface.co/api/resolve-cache/models/sentence-transformers/all-MiniLM-L6-v2/1110a243fdf4706b3f48f1d95db1a4f5529b4d41/config.json "HTTP/1.1 200 OK"
2026-08-30 18:52:22,120 | INFO    | HTTP Request: HEAD https://huggingface.co/sentence-transformers/all-MiniLM-L6-v2/resolve/main/config.json "HTTP/1.1 307 Temporary Redirect"
2026-08-30 18:52:22,121 | INFO    | HTTP Request: HEAD https://huggingface.co/sentence-transformers/all-MiniLM-L6-v2/resolve/main/config.json "HTTP/1.1 307 Temporary Redirect"
2026-08-30 18:52:22,122 | INFO    | HTTP Request: HEAD https://huggingface.co/sentence-transformers/all-MiniLM-L6-v2/resolve/main/config.json "HTTP/1.1 307 Temporary Redirect"
2026-08-30 18:52:22,134 | INFO    | HTTP Request: HEAD https://huggingface.co/api/resolve-cache/models/sentence-transformers/all-MiniLM-L6-v2/1110a243fdf4706b3f48f1d95db1a4f5529b4d41/config.json "HTTP/1.1 200 OK"
2026-08-30 18:52:22,135 | INFO    | HTTP Request: HEAD https://huggingface.co/api/resolve-cache/models/sentence-transformers/all-MiniLM-L6-v2/1110a243fdf4706b3f48f1d95db1a4f5529b4d41/config.json "HTTP/1.1 200 OK"
2026-08-30 18:52:22,138 | INFO    | HTTP Request: HEAD https://huggingface.co/api/resolve-cache/models/sentence-transformers/all-MiniLM-L6-v2/1110a243fdf4706b3f48f1d95db1a4f5529b4d41/config.json "HTTP/1.1 200 OK"
2026-08-30 18:52:22,150 | INFO    | HTTP Request: HEAD https://huggingface.co/sentence-transformers/all-MiniLM-L6-v2/resolve/main/config.json "HTTP/1.1 307 Temporary Redirect"
2026-08-30 18:52:22,152 | INFO    | HTTP Request: HEAD https://huggingface.co/sentence-transformers/all-MiniLM-L6-v2/resolve/main/config.json "HTTP/1.1 307 Temporary Redirect"
2026-08-30 18:52:22,161 | INFO    | HTTP Request: HEAD https://huggingface.co/api/resolve-cache/models/sentence-transformers/all-MiniLM-L6-v2/1110a243fdf4706b3f48f1d95db1a4f5529b4d41/config.json "HTTP/1.1 200 OK"
2026-08-30 18:52:22,162 | INFO    | HTTP Request: HEAD https://huggingface.co/api/resolve-cache/models/sentence-transformers/all-MiniLM-L6-v2/1110a243fdf4706b3f48f1d95db1a4f5529b4d41/config.json "HTTP/1.1 200 OK"
2026-08-30 18:52:22,166 | INFO    | HTTP Request: HEAD https://huggingface.co/sentence-transformers/all-MiniLM-L6-v2/resolve/main/config.json "HTTP/1.1 307 Temporary Redirect"
2026-08-30 18:52:22,167 | INFO    | HTTP Request: HEAD https://huggingface.co/sentence-transformers/all-MiniLM-L6-v2/resolve/main/config.json "HTTP/1.1 307 Temporary Redirect"
2026-08-30 18:52:22,169 | INFO    | HTTP Request: HEAD https://huggingface.co/sentence-transformers/all-MiniLM-L6-v2/resolve/main/config.json "HTTP/1.1 307 Temporary Redirect"
2026-08-30 18:52:22,179 | INFO    | HTTP Request: HEAD https://huggingface.co/api/resolve-cache/models/sentence-transformers/all-MiniLM-L6-v2/1110a243fdf4706b3f48f1d95db1a4f5529b4d41/config.json "HTTP/1.1 200 OK"
2026-08-30 18:52:22,180 | INFO    | HTTP Request: HEAD https://huggingface.co/api/resolve-cache/models/sentence-transformers/all-MiniLM-L6-v2/1110a243fdf4706b3f48f1d95db1a4f5529b4d41/config.json "HTTP/1.1 200 OK"
2026-08-30 18:52:22,184 | INFO    | HTTP Request: HEAD https://huggingface.co/api/resolve-cache/models/sentence-transformers/all-MiniLM-L6-v2/1110a243fdf4706b3f48f1d95db1a4f5529b4d41/config.json "HTTP/1.1 200 OK"
2026-08-30 18:52:22,188 | INFO    | HTTP Request: HEAD https://huggingface.co/sentence-transformers/all-MiniLM-L6-v2/resolve/main/config.json "HTTP/1.1 307 Temporary Redirect"
2026-08-30 18:52:22,191 | INFO    | HTTP Request: HEAD https://huggingface.co/sentence-transformers/all-MiniLM-L6-v2/resolve/main/config.json "HTTP/1.1 307 Temporary Redirect"
2026-08-30 18:52:22,194 | INFO    | HTTP Request: HEAD https://huggingface.co/sentence-transformers/all-MiniLM-L6-v2/resolve/main/config.json "HTTP/1.1 307 Temporary Redirect"
2026-08-30 18:52:22,194 | INFO    | HTTP Request: HEAD https://huggingface.co/sentence-transformers/all-MiniLM-L6-v2/resolve/main/config.json "HTTP/1.1 307 Temporary Redirect"
2026-08-30 18:52:22,199 | INFO    | HTTP Request: HEAD https://huggingface.co/sentence-transformers/all-MiniLM-L6-v2/resolve/main/config.json "HTTP/1.1 307 Temporary Redirect"
2026-08-30 18:52:22,200 | INFO    | HTTP Request: HEAD https://huggingface.co/sentence-transformers/all-MiniLM-L6-v2/resolve/main/config.json "HTTP/1.1 307 Temporary Redirect"
2026-08-30 18:52:22,202 | INFO    | HTTP Request: HEAD https://huggingface.co/api/resolve-cache/models/sentence-transformers/all-MiniLM-L6-v2/1110a243fdf4706b3f48f1d95db1a4f5529b4d41/config.json "HTTP/1.1 200 OK"
2026-08-30 18:52:22,203 | INFO    | HTTP Request: HEAD https://huggingface.co/api/resolve-cache/models/sentence-transformers/all-MiniLM-L6-v2/1110a243fdf4706b3f48f1d95db1a4f5529b4d41/config.json "HTTP/1.1 200 OK"
2026-08-30 18:52:22,209 | INFO    | HTTP Request: HEAD https://huggingface.co/api/resolve-cache/models/sentence-transformers/all-MiniLM-L6-v2/1110a243fdf4706b3f48f1d95db1a4f5529b4d41/config.json "HTTP/1.1 200 OK"
2026-08-30 18:52:22,210 | INFO    | HTTP Request: HEAD https://huggingface.co/api/resolve-cache/models/sentence-transformers/all-MiniLM-L6-v2/1110a243fdf4706b3f48f1d95db1a4f5529b4d41/config.json "HTTP/1.1 200 OK"
2026-08-30 18:52:22,211 | INFO    | HTTP Request: HEAD https://huggingface.co/api/resolve-cache/models/sentence-transformers/all-MiniLM-L6-v2/1110a243fdf4706b3f48f1d95db1a4f5529b4d41/config.json "HTTP/1.1 200 OK"
2026-08-30 18:52:22,215 | INFO    | HTTP Request: HEAD https://huggingface.co/api/resolve-cache/models/sentence-transformers/all-MiniLM-L6-v2/1110a243fdf4706b3f48f1d95db1a4f5529b4d41/config.json "HTTP/1.1 200 OK"
2026-08-30 18:52:22,233 | INFO    | HTTP Request: HEAD https://huggingface.co/sentence-transformers/all-MiniLM-L6-v2/resolve/main/config.json "HTTP/1.1 307 Temporary Redirect"
2026-08-30 18:52:22,243 | INFO    | HTTP Request: HEAD https://huggingface.co/api/resolve-cache/models/sentence-transformers/all-MiniLM-L6-v2/1110a243fdf4706b3f48f1d95db1a4f5529b4d41/config.json "HTTP/1.1 200 OK"
2026-08-30 18:52:22,287 | INFO    | HTTP Request: HEAD https://huggingface.co/sentence-transformers/all-MiniLM-L6-v2/resolve/main/config.json "HTTP/1.1 307 Temporary Redirect"
2026-08-30 18:52:22,299 | INFO    | HTTP Request: HEAD https://huggingface.co/api/resolve-cache/models/sentence-transformers/all-MiniLM-L6-v2/1110a243fdf4706b3f48f1d95db1a4f5529b4d41/config.json "HTTP/1.1 200 OK"
2026-08-30 18:52:22,345 | INFO    | HTTP Request: HEAD https://huggingface.co/sentence-transformers/all-MiniLM-L6-v2/resolve/main/config.json "HTTP/1.1 307 Temporary Redirect"
2026-08-30 18:52:22,348 | INFO    | HTTP Request: HEAD https://huggingface.co/sentence-transformers/all-MiniLM-L6-v2/resolve/main/config.json "HTTP/1.1 307 Temporary Redirect"
2026-08-30 18:52:22,352 | INFO    | HTTP Request: HEAD https://huggingface.co/sentence-transformers/all-MiniLM-L6-v2/resolve/main/config.json "HTTP/1.1 307 Temporary Redirect"
2026-08-30 18:52:22,356 | INFO    | HTTP Request: HEAD https://huggingface.co/api/resolve-cache/models/sentence-transformers/all-MiniLM-L6-v2/1110a243fdf4706b3f48f1d95db1a4f5529b4d41/config.json "HTTP/1.1 200 OK"
2026-08-30 18:52:22,361 | INFO    | HTTP Request: HEAD https://huggingface.co/api/resolve-cache/models/sentence-transformers/all-MiniLM-L6-v2/1110a243fdf4706b3f48f1d95db1a4f5529b4d41/config.json "HTTP/1.1 200 OK"
2026-08-30 18:52:22,364 | INFO    | HTTP Request: HEAD https://huggingface.co/api/resolve-cache/models/sentence-transformers/all-MiniLM-L6-v2/1110a243fdf4706b3f48f1d95db1a4f5529b4d41/config.json "HTTP/1.1 200 OK"
2026-08-30 18:52:22,376 | INFO    | HTTP Request: HEAD https://huggingface.co/sentence-transformers/all-MiniLM-L6-v2/resolve/main/config.json "HTTP/1.1 307 Temporary Redirect"
2026-08-30 18:52:22,382 | INFO    | HTTP Request: HEAD https://huggingface.co/sentence-transformers/all-MiniLM-L6-v2/resolve/main/config.json "HTTP/1.1 307 Temporary Redirect"
2026-08-30 18:52:22,388 | INFO    | HTTP Request: HEAD https://huggingface.co/api/resolve-cache/models/sentence-transformers/all-MiniLM-L6-v2/1110a243fdf4706b3f48f1d95db1a4f5529b4d41/config.json "HTTP/1.1 200 OK"
2026-08-30 18:52:22,392 | INFO    | HTTP Request: HEAD https://huggingface.co/api/resolve-cache/models/sentence-transformers/all-MiniLM-L6-v2/1110a243fdf4706b3f48f1d95db1a4f5529b4d41/config.json "HTTP/1.1 200 OK"
2026-08-30 18:52:22,399 | INFO    | HTTP Request: HEAD https://huggingface.co/sentence-transformers/all-MiniLM-L6-v2/resolve/main/config.json "HTTP/1.1 307 Temporary Redirect"
2026-08-30 18:52:22,400 | INFO    | HTTP Request: HEAD https://huggingface.co/sentence-transformers/all-MiniLM-L6-v2/resolve/main/config.json "HTTP/1.1 307 Temporary Redirect"
2026-08-30 18:52:22,405 | INFO    | HTTP Request: HEAD https://huggingface.co/sentence-transformers/all-MiniLM-L6-v2/resolve/main/config.json "HTTP/1.1 307 Temporary Redirect"
2026-08-30 18:52:22,410 | INFO    | HTTP Request: HEAD https://huggingface.co/api/resolve-cache/models/sentence-transformers/all-MiniLM-L6-v2/1110a243fdf4706b3f48f1d95db1a4f5529b4d41/config.json "HTTP/1.1 200 OK"
2026-08-30 18:52:22,413 | INFO    | HTTP Request: HEAD https://huggingface.co/api/resolve-cache/models/sentence-transformers/all-MiniLM-L6-v2/1110a243fdf4706b3f48f1d95db1a4f5529b4d41/config.json "HTTP/1.1 200 OK"
2026-08-30 18:52:22,415 | INFO    | HTTP Request: HEAD https://huggingface.co/sentence-transformers/all-MiniLM-L6-v2/resolve/main/tokenizer_config.json "HTTP/1.1 307 Temporary Redirect"
2026-08-30 18:52:22,417 | INFO    | HTTP Request: HEAD https://huggingface.co/api/resolve-cache/models/sentence-transformers/all-MiniLM-L6-v2/1110a243fdf4706b3f48f1d95db1a4f5529b4d41/config.json "HTTP/1.1 200 OK"
2026-08-30 18:52:22,425 | INFO    | HTTP Request: HEAD https://huggingface.co/sentence-transformers/all-MiniLM-L6-v2/resolve/main/tokenizer_config.json "HTTP/1.1 307 Temporary Redirect"
2026-08-30 18:52:22,426 | INFO    | HTTP Request: HEAD https://huggingface.co/sentence-transformers/all-MiniLM-L6-v2/resolve/main/tokenizer_config.json "HTTP/1.1 307 Temporary Redirect"
2026-08-30 18:52:22,428 | INFO    | HTTP Request: HEAD https://huggingface.co/sentence-transformers/all-MiniLM-L6-v2/resolve/main/tokenizer_config.json "HTTP/1.1 307 Temporary Redirect"
2026-08-30 18:52:22,430 | INFO    | HTTP Request: HEAD https://huggingface.co/api/resolve-cache/models/sentence-transformers/all-MiniLM-L6-v2/1110a243fdf4706b3f48f1d95db1a4f5529b4d41/tokenizer_config.json "HTTP/1.1 200 OK"
2026-08-30 18:52:22,431 | INFO    | HTTP Request: HEAD https://huggingface.co/sentence-transformers/all-MiniLM-L6-v2/resolve/main/tokenizer_config.json "HTTP/1.1 307 Temporary Redirect"
2026-08-30 18:52:22,435 | INFO    | HTTP Request: HEAD https://huggingface.co/sentence-transformers/all-MiniLM-L6-v2/resolve/main/tokenizer_config.json "HTTP/1.1 307 Temporary Redirect"
2026-08-30 18:52:22,436 | INFO    | HTTP Request: HEAD https://huggingface.co/api/resolve-cache/models/sentence-transformers/all-MiniLM-L6-v2/1110a243fdf4706b3f48f1d95db1a4f5529b4d41/tokenizer_config.json "HTTP/1.1 200 OK"
2026-08-30 18:52:22,441 | INFO    | HTTP Request: HEAD https://huggingface.co/api/resolve-cache/models/sentence-transformers/all-MiniLM-L6-v2/1110a243fdf4706b3f48f1d95db1a4f5529b4d41/tokenizer_config.json "HTTP/1.1 200 OK"
2026-08-30 18:52:22,444 | INFO    | HTTP Request: HEAD https://huggingface.co/api/resolve-cache/models/sentence-transformers/all-MiniLM-L6-v2/1110a243fdf4706b3f48f1d95db1a4f5529b4d41/tokenizer_config.json "HTTP/1.1 200 OK"
2026-08-30 18:52:22,445 | INFO    | HTTP Request: HEAD https://huggingface.co/api/resolve-cache/models/sentence-transformers/all-MiniLM-L6-v2/1110a243fdf4706b3f48f1d95db1a4f5529b4d41/tokenizer_config.json "HTTP/1.1 200 OK"
2026-08-30 18:52:22,451 | INFO    | HTTP Request: HEAD https://huggingface.co/api/resolve-cache/models/sentence-transformers/all-MiniLM-L6-v2/1110a243fdf4706b3f48f1d95db1a4f5529b4d41/tokenizer_config.json "HTTP/1.1 200 OK"
2026-08-30 18:52:22,451 | INFO    | HTTP Request: HEAD https://huggingface.co/sentence-transformers/all-MiniLM-L6-v2/resolve/main/tokenizer_config.json "HTTP/1.1 307 Temporary Redirect"
2026-08-30 18:52:22,464 | INFO    | HTTP Request: HEAD https://huggingface.co/api/resolve-cache/models/sentence-transformers/all-MiniLM-L6-v2/1110a243fdf4706b3f48f1d95db1a4f5529b4d41/tokenizer_config.json "HTTP/1.1 200 OK"
2026-08-30 18:52:22,521 | INFO    | HTTP Request: HEAD https://huggingface.co/sentence-transformers/all-MiniLM-L6-v2/resolve/main/tokenizer_config.json "HTTP/1.1 307 Temporary Redirect"
2026-08-30 18:52:22,536 | INFO    | HTTP Request: HEAD https://huggingface.co/api/resolve-cache/models/sentence-transformers/all-MiniLM-L6-v2/1110a243fdf4706b3f48f1d95db1a4f5529b4d41/tokenizer_config.json "HTTP/1.1 200 OK"
2026-08-30 18:52:22,567 | INFO    | HTTP Request: HEAD https://huggingface.co/sentence-transformers/all-MiniLM-L6-v2/resolve/main/tokenizer_config.json "HTTP/1.1 307 Temporary Redirect"
2026-08-30 18:52:22,568 | INFO    | HTTP Request: HEAD https://huggingface.co/sentence-transformers/all-MiniLM-L6-v2/resolve/main/tokenizer_config.json "HTTP/1.1 307 Temporary Redirect"
2026-08-30 18:52:22,573 | INFO    | HTTP Request: HEAD https://huggingface.co/sentence-transformers/all-MiniLM-L6-v2/resolve/main/tokenizer_config.json "HTTP/1.1 307 Temporary Redirect"
2026-08-30 18:52:22,578 | INFO    | HTTP Request: HEAD https://huggingface.co/api/resolve-cache/models/sentence-transformers/all-MiniLM-L6-v2/1110a243fdf4706b3f48f1d95db1a4f5529b4d41/tokenizer_config.json "HTTP/1.1 200 OK"
2026-08-30 18:52:22,579 | INFO    | HTTP Request: HEAD https://huggingface.co/api/resolve-cache/models/sentence-transformers/all-MiniLM-L6-v2/1110a243fdf4706b3f48f1d95db1a4f5529b4d41/tokenizer_config.json "HTTP/1.1 200 OK"
2026-08-30 18:52:22,582 | INFO    | HTTP Request: HEAD https://huggingface.co/api/resolve-cache/models/sentence-transformers/all-MiniLM-L6-v2/1110a243fdf4706b3f48f1d95db1a4f5529b4d41/tokenizer_config.json "HTTP/1.1 200 OK"
2026-08-30 18:52:22,596 | INFO    | HTTP Request: HEAD https://huggingface.co/sentence-transformers/all-MiniLM-L6-v2/resolve/main/tokenizer_config.json "HTTP/1.1 307 Temporary Redirect"
2026-08-30 18:52:22,599 | INFO    | HTTP Request: HEAD https://huggingface.co/sentence-transformers/all-MiniLM-L6-v2/resolve/main/tokenizer_config.json "HTTP/1.1 307 Temporary Redirect"
2026-08-30 18:52:22,607 | INFO    | HTTP Request: HEAD https://huggingface.co/api/resolve-cache/models/sentence-transformers/all-MiniLM-L6-v2/1110a243fdf4706b3f48f1d95db1a4f5529b4d41/tokenizer_config.json "HTTP/1.1 200 OK"
2026-08-30 18:52:22,609 | INFO    | HTTP Request: HEAD https://huggingface.co/api/resolve-cache/models/sentence-transformers/all-MiniLM-L6-v2/1110a243fdf4706b3f48f1d95db1a4f5529b4d41/tokenizer_config.json "HTTP/1.1 200 OK"
2026-08-30 18:52:22,618 | INFO    | HTTP Request: HEAD https://huggingface.co/sentence-transformers/all-MiniLM-L6-v2/resolve/main/tokenizer_config.json "HTTP/1.1 307 Temporary Redirect"
2026-08-30 18:52:22,623 | INFO    | HTTP Request: HEAD https://huggingface.co/sentence-transformers/all-MiniLM-L6-v2/resolve/main/tokenizer_config.json "HTTP/1.1 307 Temporary Redirect"
2026-08-30 18:52:22,629 | INFO    | HTTP Request: HEAD https://huggingface.co/api/resolve-cache/models/sentence-transformers/all-MiniLM-L6-v2/1110a243fdf4706b3f48f1d95db1a4f5529b4d41/tokenizer_config.json "HTTP/1.1 200 OK"
2026-08-30 18:52:22,633 | INFO    | HTTP Request: HEAD https://huggingface.co/sentence-transformers/all-MiniLM-L6-v2/resolve/main/tokenizer_config.json "HTTP/1.1 307 Temporary Redirect"
2026-08-30 18:52:22,634 | INFO    | HTTP Request: HEAD https://huggingface.co/api/resolve-cache/models/sentence-transformers/all-MiniLM-L6-v2/1110a243fdf4706b3f48f1d95db1a4f5529b4d41/tokenizer_config.json "HTTP/1.1 200 OK"
2026-08-30 18:52:22,643 | INFO    | HTTP Request: HEAD https://huggingface.co/api/resolve-cache/models/sentence-transformers/all-MiniLM-L6-v2/1110a243fdf4706b3f48f1d95db1a4f5529b4d41/tokenizer_config.json "HTTP/1.1 200 OK"
2026-08-30 18:52:22,655 | INFO    | HTTP Request: GET https://huggingface.co/api/models/sentence-transformers/all-MiniLM-L6-v2/tree/main/additional_chat_templates?recursive=false&expand=false "HTTP/1.1 404 Not Found"
2026-08-30 18:52:22,663 | INFO    | HTTP Request: GET https://huggingface.co/api/models/sentence-transformers/all-MiniLM-L6-v2/tree/main/additional_chat_templates?recursive=false&expand=false "HTTP/1.1 404 Not Found"
2026-08-30 18:52:22,663 | INFO    | HTTP Request: GET https://huggingface.co/api/models/sentence-transformers/all-MiniLM-L6-v2/tree/main/additional_chat_templates?recursive=false&expand=false "HTTP/1.1 404 Not Found"
2026-08-30 18:52:22,664 | INFO    | HTTP Request: GET https://huggingface.co/api/models/sentence-transformers/all-MiniLM-L6-v2/tree/main/additional_chat_templates?recursive=false&expand=false "HTTP/1.1 404 Not Found"
2026-08-30 18:52:22,664 | INFO    | HTTP Request: GET https://huggingface.co/api/models/sentence-transformers/all-MiniLM-L6-v2/tree/main/additional_chat_templates?recursive=false&expand=false "HTTP/1.1 404 Not Found"
2026-08-30 18:52:22,668 | INFO    | HTTP Request: GET https://huggingface.co/api/models/sentence-transformers/all-MiniLM-L6-v2/tree/main/additional_chat_templates?recursive=false&expand=false "HTTP/1.1 404 Not Found"
2026-08-30 18:52:22,678 | INFO    | HTTP Request: GET https://huggingface.co/api/models/sentence-transformers/all-MiniLM-L6-v2/tree/main/additional_chat_templates?recursive=false&expand=false "HTTP/1.1 404 Not Found"
2026-08-30 18:52:22,745 | INFO    | HTTP Request: GET https://huggingface.co/api/models/sentence-transformers/all-MiniLM-L6-v2/tree/main/additional_chat_templates?recursive=false&expand=false "HTTP/1.1 404 Not Found"
2026-08-30 18:52:22,787 | INFO    | HTTP Request: GET https://huggingface.co/api/models/sentence-transformers/all-MiniLM-L6-v2/tree/main/additional_chat_templates?recursive=false&expand=false "HTTP/1.1 404 Not Found"
2026-08-30 18:52:22,793 | INFO    | HTTP Request: GET https://huggingface.co/api/models/sentence-transformers/all-MiniLM-L6-v2/tree/main/additional_chat_templates?recursive=false&expand=false "HTTP/1.1 404 Not Found"
2026-08-30 18:52:22,798 | INFO    | HTTP Request: GET https://huggingface.co/api/models/sentence-transformers/all-MiniLM-L6-v2/tree/main/additional_chat_templates?recursive=false&expand=false "HTTP/1.1 404 Not Found"
2026-08-30 18:52:22,815 | INFO    | HTTP Request: GET https://huggingface.co/api/models/sentence-transformers/all-MiniLM-L6-v2/tree/main/additional_chat_templates?recursive=false&expand=false "HTTP/1.1 404 Not Found"
2026-08-30 18:52:22,822 | INFO    | HTTP Request: GET https://huggingface.co/api/models/sentence-transformers/all-MiniLM-L6-v2/tree/main/additional_chat_templates?recursive=false&expand=false "HTTP/1.1 404 Not Found"
2026-08-30 18:52:22,842 | INFO    | HTTP Request: GET https://huggingface.co/api/models/sentence-transformers/all-MiniLM-L6-v2/tree/main/additional_chat_templates?recursive=false&expand=false "HTTP/1.1 404 Not Found"
2026-08-30 18:52:22,842 | INFO    | HTTP Request: GET https://huggingface.co/api/models/sentence-transformers/all-MiniLM-L6-v2/tree/main/additional_chat_templates?recursive=false&expand=false "HTTP/1.1 404 Not Found"
2026-08-30 18:52:22,855 | INFO    | HTTP Request: GET https://huggingface.co/api/models/sentence-transformers/all-MiniLM-L6-v2/tree/main/additional_chat_templates?recursive=false&expand=false "HTTP/1.1 404 Not Found"
2026-08-30 18:52:22,874 | INFO    | HTTP Request: GET https://huggingface.co/api/models/sentence-transformers/all-MiniLM-L6-v2/tree/main?recursive=true&expand=false "HTTP/1.1 200 OK"
2026-08-30 18:52:22,877 | INFO    | HTTP Request: GET https://huggingface.co/api/models/sentence-transformers/all-MiniLM-L6-v2/tree/main?recursive=true&expand=false "HTTP/1.1 200 OK"
2026-08-30 18:52:22,898 | INFO    | HTTP Request: GET https://huggingface.co/api/models/sentence-transformers/all-MiniLM-L6-v2/tree/main?recursive=true&expand=false "HTTP/1.1 200 OK"
2026-08-30 18:52:22,900 | INFO    | HTTP Request: GET https://huggingface.co/api/models/sentence-transformers/all-MiniLM-L6-v2/tree/main?recursive=true&expand=false "HTTP/1.1 200 OK"
2026-08-30 18:52:22,900 | INFO    | HTTP Request: GET https://huggingface.co/api/models/sentence-transformers/all-MiniLM-L6-v2/tree/main?recursive=true&expand=false "HTTP/1.1 200 OK"
2026-08-30 18:52:22,927 | INFO    | HTTP Request: GET https://huggingface.co/api/models/sentence-transformers/all-MiniLM-L6-v2/tree/main?recursive=true&expand=false "HTTP/1.1 200 OK"
2026-08-30 18:52:22,928 | INFO    | HTTP Request: GET https://huggingface.co/api/models/sentence-transformers/all-MiniLM-L6-v2/tree/main?recursive=true&expand=false "HTTP/1.1 200 OK"
2026-08-30 18:52:22,964 | INFO    | HTTP Request: GET https://huggingface.co/api/models/sentence-transformers/all-MiniLM-L6-v2/tree/main?recursive=true&expand=false "HTTP/1.1 200 OK"
2026-08-30 18:52:23,005 | INFO    | HTTP Request: GET https://huggingface.co/api/models/sentence-transformers/all-MiniLM-L6-v2/tree/main?recursive=true&expand=false "HTTP/1.1 200 OK"
2026-08-30 18:52:23,032 | INFO    | HTTP Request: GET https://huggingface.co/api/models/sentence-transformers/all-MiniLM-L6-v2/tree/main?recursive=true&expand=false "HTTP/1.1 200 OK"
2026-08-30 18:52:23,115 | INFO    | HTTP Request: GET https://huggingface.co/api/models/sentence-transformers/all-MiniLM-L6-v2/tree/main?recursive=true&expand=false "HTTP/1.1 200 OK"
2026-08-30 18:52:23,145 | INFO    | HTTP Request: GET https://huggingface.co/api/models/sentence-transformers/all-MiniLM-L6-v2/tree/main?recursive=true&expand=false "HTTP/1.1 200 OK"
2026-08-30 18:52:23,146 | INFO    | HTTP Request: GET https://huggingface.co/api/models/sentence-transformers/all-MiniLM-L6-v2/tree/main?recursive=true&expand=false "HTTP/1.1 200 OK"
2026-08-30 18:52:23,160 | INFO    | HTTP Request: GET https://huggingface.co/api/models/sentence-transformers/all-MiniLM-L6-v2/tree/main?recursive=true&expand=false "HTTP/1.1 200 OK"
2026-08-30 18:52:23,162 | INFO    | HTTP Request: GET https://huggingface.co/api/models/sentence-transformers/all-MiniLM-L6-v2/tree/main?recursive=true&expand=false "HTTP/1.1 200 OK"
2026-08-30 18:52:23,164 | INFO    | HTTP Request: GET https://huggingface.co/api/models/sentence-transformers/all-MiniLM-L6-v2/tree/main?recursive=true&expand=false "HTTP/1.1 200 OK"
2026-08-30 18:52:24,537 | INFO    | HTTP Request: HEAD https://huggingface.co/sentence-transformers/all-MiniLM-L6-v2/resolve/main/1_Pooling/config.json "HTTP/1.1 307 Temporary Redirect"
2026-08-30 18:52:25,334 | INFO    | HTTP Request: HEAD https://huggingface.co/sentence-transformers/all-MiniLM-L6-v2/resolve/main/1_Pooling/config.json "HTTP/1.1 307 Temporary Redirect"
2026-08-30 18:52:25,336 | INFO    | HTTP Request: HEAD https://huggingface.co/sentence-transformers/all-MiniLM-L6-v2/resolve/main/1_Pooling/config.json "HTTP/1.1 307 Temporary Redirect"
2026-08-30 18:52:25,363 | INFO    | HTTP Request: HEAD https://huggingface.co/api/resolve-cache/models/sentence-transformers/all-MiniLM-L6-v2/1110a243fdf4706b3f48f1d95db1a4f5529b4d41/1_Pooling%2Fconfig.json "HTTP/1.1 200 OK"
2026-08-30 18:52:25,367 | INFO    | HTTP Request: HEAD https://huggingface.co/api/resolve-cache/models/sentence-transformers/all-MiniLM-L6-v2/1110a243fdf4706b3f48f1d95db1a4f5529b4d41/1_Pooling%2Fconfig.json "HTTP/1.1 200 OK"
2026-08-30 18:52:25,369 | INFO    | HTTP Request: HEAD https://huggingface.co/api/resolve-cache/models/sentence-transformers/all-MiniLM-L6-v2/1110a243fdf4706b3f48f1d95db1a4f5529b4d41/1_Pooling%2Fconfig.json "HTTP/1.1 200 OK"
2026-08-30 18:52:25,474 | INFO    | HTTP Request: HEAD https://huggingface.co/sentence-transformers/all-MiniLM-L6-v2/resolve/main/1_Pooling/config.json "HTTP/1.1 307 Temporary Redirect"
2026-08-30 18:52:25,485 | INFO    | HTTP Request: HEAD https://huggingface.co/api/resolve-cache/models/sentence-transformers/all-MiniLM-L6-v2/1110a243fdf4706b3f48f1d95db1a4f5529b4d41/1_Pooling%2Fconfig.json "HTTP/1.1 200 OK"
2026-08-30 18:52:25,545 | INFO    | HTTP Request: HEAD https://huggingface.co/sentence-transformers/all-MiniLM-L6-v2/resolve/main/1_Pooling/config.json "HTTP/1.1 307 Temporary Redirect"
2026-08-30 18:52:25,548 | INFO    | HTTP Request: HEAD https://huggingface.co/sentence-transformers/all-MiniLM-L6-v2/resolve/main/1_Pooling/config.json "HTTP/1.1 307 Temporary Redirect"
2026-08-30 18:52:25,555 | INFO    | HTTP Request: HEAD https://huggingface.co/sentence-transformers/all-MiniLM-L6-v2/resolve/main/1_Pooling/config.json "HTTP/1.1 307 Temporary Redirect"
2026-08-30 18:52:25,559 | INFO    | HTTP Request: HEAD https://huggingface.co/sentence-transformers/all-MiniLM-L6-v2/resolve/main/1_Pooling/config.json "HTTP/1.1 307 Temporary Redirect"
2026-08-30 18:52:25,560 | INFO    | HTTP Request: HEAD https://huggingface.co/api/resolve-cache/models/sentence-transformers/all-MiniLM-L6-v2/1110a243fdf4706b3f48f1d95db1a4f5529b4d41/1_Pooling%2Fconfig.json "HTTP/1.1 200 OK"
2026-08-30 18:52:25,560 | INFO    | HTTP Request: HEAD https://huggingface.co/sentence-transformers/all-MiniLM-L6-v2/resolve/main/1_Pooling/config.json "HTTP/1.1 307 Temporary Redirect"
2026-08-30 18:52:25,561 | INFO    | HTTP Request: HEAD https://huggingface.co/api/resolve-cache/models/sentence-transformers/all-MiniLM-L6-v2/1110a243fdf4706b3f48f1d95db1a4f5529b4d41/1_Pooling%2Fconfig.json "HTTP/1.1 200 OK"
2026-08-30 18:52:25,561 | INFO    | HTTP Request: HEAD https://huggingface.co/sentence-transformers/all-MiniLM-L6-v2/resolve/main/1_Pooling/config.json "HTTP/1.1 307 Temporary Redirect"
2026-08-30 18:52:25,562 | INFO    | HTTP Request: HEAD https://huggingface.co/sentence-transformers/all-MiniLM-L6-v2/resolve/main/1_Pooling/config.json "HTTP/1.1 307 Temporary Redirect"
2026-08-30 18:52:25,563 | INFO    | HTTP Request: HEAD https://huggingface.co/sentence-transformers/all-MiniLM-L6-v2/resolve/main/1_Pooling/config.json "HTTP/1.1 307 Temporary Redirect"
2026-08-30 18:52:25,563 | INFO    | HTTP Request: HEAD https://huggingface.co/sentence-transformers/all-MiniLM-L6-v2/resolve/main/1_Pooling/config.json "HTTP/1.1 307 Temporary Redirect"
2026-08-30 18:52:25,569 | INFO    | HTTP Request: HEAD https://huggingface.co/sentence-transformers/all-MiniLM-L6-v2/resolve/main/1_Pooling/config.json "HTTP/1.1 307 Temporary Redirect"
2026-08-30 18:52:25,573 | INFO    | HTTP Request: HEAD https://huggingface.co/sentence-transformers/all-MiniLM-L6-v2/resolve/main/1_Pooling/config.json "HTTP/1.1 307 Temporary Redirect"
2026-08-30 18:52:25,573 | INFO    | HTTP Request: HEAD https://huggingface.co/sentence-transformers/all-MiniLM-L6-v2/resolve/main/1_Pooling/config.json "HTTP/1.1 307 Temporary Redirect"
2026-08-30 18:52:25,574 | INFO    | HTTP Request: HEAD https://huggingface.co/api/resolve-cache/models/sentence-transformers/all-MiniLM-L6-v2/1110a243fdf4706b3f48f1d95db1a4f5529b4d41/1_Pooling%2Fconfig.json "HTTP/1.1 200 OK"
2026-08-30 18:52:25,580 | INFO    | HTTP Request: GET https://huggingface.co/api/models/sentence-transformers/all-MiniLM-L6-v2 "HTTP/1.1 200 OK"
2026-08-30 18:52:25,584 | INFO    | HTTP Request: HEAD https://huggingface.co/api/resolve-cache/models/sentence-transformers/all-MiniLM-L6-v2/1110a243fdf4706b3f48f1d95db1a4f5529b4d41/1_Pooling%2Fconfig.json "HTTP/1.1 200 OK"
2026-08-30 18:52:25,587 | INFO    | HTTP Request: GET https://huggingface.co/api/models/sentence-transformers/all-MiniLM-L6-v2 "HTTP/1.1 200 OK"
2026-08-30 18:52:25,589 | INFO    | HTTP Request: GET https://huggingface.co/api/models/sentence-transformers/all-MiniLM-L6-v2 "HTTP/1.1 200 OK"
2026-08-30 18:52:25,589 | INFO    | HTTP Request: HEAD https://huggingface.co/api/resolve-cache/models/sentence-transformers/all-MiniLM-L6-v2/1110a243fdf4706b3f48f1d95db1a4f5529b4d41/1_Pooling%2Fconfig.json "HTTP/1.1 200 OK"
2026-08-30 18:52:25,590 | INFO    | HTTP Request: HEAD https://huggingface.co/api/resolve-cache/models/sentence-transformers/all-MiniLM-L6-v2/1110a243fdf4706b3f48f1d95db1a4f5529b4d41/1_Pooling%2Fconfig.json "HTTP/1.1 200 OK"
2026-08-30 18:52:25,591 | INFO    | HTTP Request: HEAD https://huggingface.co/api/resolve-cache/models/sentence-transformers/all-MiniLM-L6-v2/1110a243fdf4706b3f48f1d95db1a4f5529b4d41/1_Pooling%2Fconfig.json "HTTP/1.1 200 OK"
2026-08-30 18:52:25,610 | INFO    | HTTP Request: HEAD https://huggingface.co/api/resolve-cache/models/sentence-transformers/all-MiniLM-L6-v2/1110a243fdf4706b3f48f1d95db1a4f5529b4d41/1_Pooling%2Fconfig.json "HTTP/1.1 200 OK"
2026-08-30 18:52:25,642 | INFO    | HTTP Request: HEAD https://huggingface.co/api/resolve-cache/models/sentence-transformers/all-MiniLM-L6-v2/1110a243fdf4706b3f48f1d95db1a4f5529b4d41/1_Pooling%2Fconfig.json "HTTP/1.1 200 OK"
2026-08-30 18:52:25,690 | INFO    | HTTP Request: HEAD https://huggingface.co/api/resolve-cache/models/sentence-transformers/all-MiniLM-L6-v2/1110a243fdf4706b3f48f1d95db1a4f5529b4d41/1_Pooling%2Fconfig.json "HTTP/1.1 200 OK"
2026-08-30 18:52:25,701 | INFO    | HTTP Request: GET https://huggingface.co/api/models/sentence-transformers/all-MiniLM-L6-v2 "HTTP/1.1 200 OK"
2026-08-30 18:52:25,717 | INFO    | HTTP Request: HEAD https://huggingface.co/api/resolve-cache/models/sentence-transformers/all-MiniLM-L6-v2/1110a243fdf4706b3f48f1d95db1a4f5529b4d41/1_Pooling%2Fconfig.json "HTTP/1.1 200 OK"
2026-08-30 18:52:25,789 | INFO    | HTTP Request: GET https://huggingface.co/api/models/sentence-transformers/all-MiniLM-L6-v2 "HTTP/1.1 200 OK"
2026-08-30 18:52:25,817 | INFO    | HTTP Request: GET https://huggingface.co/api/models/sentence-transformers/all-MiniLM-L6-v2 "HTTP/1.1 200 OK"
2026-08-30 18:52:25,829 | INFO    | HTTP Request: HEAD https://huggingface.co/api/resolve-cache/models/sentence-transformers/all-MiniLM-L6-v2/1110a243fdf4706b3f48f1d95db1a4f5529b4d41/1_Pooling%2Fconfig.json "HTTP/1.1 200 OK"
2026-08-30 18:52:25,906 | INFO    | HTTP Request: GET https://huggingface.co/api/models/sentence-transformers/all-MiniLM-L6-v2 "HTTP/1.1 200 OK"
2026-08-30 18:52:25,960 | INFO    | HTTP Request: GET https://huggingface.co/api/models/sentence-transformers/all-MiniLM-L6-v2 "HTTP/1.1 200 OK"
2026-08-30 18:52:25,965 | INFO    | HTTP Request: GET https://huggingface.co/api/models/sentence-transformers/all-MiniLM-L6-v2 "HTTP/1.1 200 OK"
2026-08-30 18:52:26,005 | INFO    | HTTP Request: GET https://huggingface.co/api/models/sentence-transformers/all-MiniLM-L6-v2 "HTTP/1.1 200 OK"
2026-08-30 18:52:26,010 | INFO    | HTTP Request: GET https://huggingface.co/api/models/sentence-transformers/all-MiniLM-L6-v2 "HTTP/1.1 200 OK"
2026-08-30 18:52:26,022 | INFO    | HTTP Request: GET https://huggingface.co/api/models/sentence-transformers/all-MiniLM-L6-v2 "HTTP/1.1 200 OK"
2026-08-30 18:52:26,032 | INFO    | HTTP Request: GET https://huggingface.co/api/models/sentence-transformers/all-MiniLM-L6-v2 "HTTP/1.1 200 OK"
2026-08-30 18:52:26,037 | INFO    | HTTP Request: GET https://huggingface.co/api/models/sentence-transformers/all-MiniLM-L6-v2 "HTTP/1.1 200 OK"
2026-08-30 18:52:26,037 | INFO    | HTTP Request: GET https://huggingface.co/api/models/sentence-transformers/all-MiniLM-L6-v2 "HTTP/1.1 200 OK"
2026-08-30 18:52:26,044 | INFO    | HTTP Request: GET https://huggingface.co/api/models/sentence-transformers/all-MiniLM-L6-v2 "HTTP/1.1 200 OK"
2026-08-30 18:52:29,738 | INFO    | RAG-grounded classification complete
2026-08-30 18:52:29,751 | INFO    | Classify request — alert keys: ['alert_id', 'timestamp', 'source', 'rule', 'category', 'raw_log', 'indicators', 'mitre_hint', 'status']
2026-08-30 18:52:43,743 | WARNING | Background auto-classification failed for 1788096120.12233: 429 You exceeded your current quota, please check your plan and billing details. For more information on this error, head to: https://ai.google.dev/gemini-api/docs/rate-limits. To monitor your current usage, head to: https://ai.dev/rate-limit. 
* Quota exceeded for metric: generativelanguage.googleapis.com/generate_content_free_tier_requests, limit: 15, model: gemini-3.5-flash-lite
Please retry in 16.266455042s. [links {
  description: "Learn more about Gemini API quotas"
  url: "https://ai.google.dev/gemini-api/docs/rate-limits"
}
, violations {
  quota_metric: "generativelanguage.googleapis.com/generate_content_free_tier_requests"
  quota_id: "GenerateRequestsPerMinutePerProjectPerModel-FreeTier"
  quota_dimensions {
    key: "model"
    value: "gemini-3.5-flash-lite"
  }
  quota_dimensions {
    key: "location"
    value: "global"
  }
  quota_value: 15
}
, retry_delay {
  seconds: 16
}
]. Alert stays at its last saved severity; can be classified manually later.
2026-08-30 18:52:43,750 | INFO    | Alert saved: 1788096137.60198
2026-08-30 18:52:45,356 | ERROR   | Classification failed: 429 You exceeded your current quota, please check your plan and billing details. For more information on this error, head to: https://ai.google.dev/gemini-api/docs/rate-limits. To monitor your current usage, head to: https://ai.dev/rate-limit. 
* Quota exceeded for metric: generativelanguage.googleapis.com/generate_content_free_tier_requests, limit: 15, model: gemini-3.5-flash-lite
Please retry in 14.653724342s. [links {
  description: "Learn more about Gemini API quotas"
  url: "https://ai.google.dev/gemini-api/docs/rate-limits"
}
, violations {
  quota_metric: "generativelanguage.googleapis.com/generate_content_free_tier_requests"
  quota_id: "GenerateRequestsPerMinutePerProjectPerModel-FreeTier"
  quota_dimensions {
    key: "model"
    value: "gemini-3.5-flash-lite"
  }
  quota_dimensions {
    key: "location"
    value: "global"
  }
  quota_value: 15
}
, retry_delay {
  seconds: 14
}
]
2026-08-30 18:52:45,361 | INFO    | Classify request — alert keys: ['alert_id', 'timestamp', 'source', 'rule', 'category', 'raw_log', 'indicators', 'mitre_hint', 'status']
2026-08-30 18:52:59,134 | WARNING | Background auto-classification failed for 1788096121.45360: QueuePool limit of size 5 overflow 10 reached, connection timed out, timeout 30.00 (Background on this error at: https://sqlalche.me/e/20/3o7r). Alert stays at its last saved severity; can be classified manually later.
2026-08-30 18:52:59,174 | INFO    | Alert 1788096120.17397 auto-classified as HIGH (background)
2026-08-30 18:52:59,180 | INFO    | Alert 1788096120.6022 auto-classified as HIGH (background)
2026-08-30 18:52:59,183 | INFO    | Alert 1788096120.38549 auto-classified as HIGH (background)
2026-08-30 18:52:59,186 | INFO    | Alert 1788096120.10606 auto-classified as HIGH (background)
2026-08-30 18:52:59,189 | INFO    | Alert 1788096120.9041 auto-classified as HIGH (background)
2026-08-30 18:52:59,191 | INFO    | Alert 1788096120.13861 auto-classified as MEDIUM (background)
2026-08-30 18:52:59,200 | INFO    | Alert 1788096120.7532 auto-classified as HIGH (background)
2026-08-30 18:52:59,204 | INFO    | Alert 1788096120.15567 auto-classified as HIGH (background)
2026-08-30 18:52:59,204 | INFO    | Alert 1788096120.19160 auto-classified as HIGH (background)
2026-08-30 18:52:59,204 | INFO    | Alert 1788096128.55948 auto-classified as HIGH (background)
2026-08-30 18:52:59,207 | INFO    | Alert 1788096120.4383 auto-classified as HIGH (background)
2026-08-30 18:52:59,208 | INFO    | Alert 1788096121.51442 auto-classified as MEDIUM (background)
2026-08-30 18:52:59,211 | INFO    | Alert 1788096134.57051 auto-classified as HIGH (background)
2026-08-30 18:52:59,321 | WARNING | Background auto-classification failed for 1788096137.60198: 429 You exceeded your current quota, please check your plan and billing details. For more information on this error, head to: https://ai.google.dev/gemini-api/docs/rate-limits. To monitor your current usage, head to: https://ai.dev/rate-limit. 
* Quota exceeded for metric: generativelanguage.googleapis.com/generate_content_free_tier_requests, limit: 15, model: gemini-3.5-flash-lite
Please retry in 689.486431ms. [links {
  description: "Learn more about Gemini API quotas"
  url: "https://ai.google.dev/gemini-api/docs/rate-limits"
}
, violations {
  quota_metric: "generativelanguage.googleapis.com/generate_content_free_tier_requests"
  quota_id: "GenerateRequestsPerMinutePerProjectPerModel-FreeTier"
  quota_dimensions {
    key: "model"
    value: "gemini-3.5-flash-lite"
  }
  quota_dimensions {
    key: "location"
    value: "global"
  }
  quota_value: 15
}
, retry_delay {
}
]. Alert stays at its last saved severity; can be classified manually later.
2026-08-30 18:53:00,950 | ERROR   | Classification failed: 429 You exceeded your current quota, please check your plan and billing details. For more information on this error, head to: https://ai.google.dev/gemini-api/docs/rate-limits. To monitor your current usage, head to: https://ai.dev/rate-limit. 
* Quota exceeded for metric: generativelanguage.googleapis.com/generate_content_free_tier_requests, limit: 15, model: gemini-3.5-flash-lite
Please retry in 59.060975898s. [links {
  description: "Learn more about Gemini API quotas"
  url: "https://ai.google.dev/gemini-api/docs/rate-limits"
}
, violations {
  quota_metric: "generativelanguage.googleapis.com/generate_content_free_tier_requests"
  quota_id: "GenerateRequestsPerMinutePerProjectPerModel-FreeTier"
  quota_dimensions {
    key: "model"
    value: "gemini-3.5-flash-lite"
  }
  quota_dimensions {
    key: "location"
    value: "global"
  }
  quota_value: 15
}
, retry_delay {
  seconds: 59
}
]
2026-08-30 18:53:00,955 | INFO    | Classify request — alert keys: ['alert_id', 'timestamp', 'source', 'rule', 'category', 'raw_log', 'indicators', 'mitre_hint', 'status']
2026-08-30 18:53:16,552 | ERROR   | Classification failed: 429 You exceeded your current quota, please check your plan and billing details. For more information on this error, head to: https://ai.google.dev/gemini-api/docs/rate-limits. To monitor your current usage, head to: https://ai.dev/rate-limit. 
* Quota exceeded for metric: generativelanguage.googleapis.com/generate_content_free_tier_requests, limit: 15, model: gemini-3.5-flash-lite
Please retry in 43.456890275s. [links {
  description: "Learn more about Gemini API quotas"
  url: "https://ai.google.dev/gemini-api/docs/rate-limits"
}
, violations {
  quota_metric: "generativelanguage.googleapis.com/generate_content_free_tier_requests"
  quota_id: "GenerateRequestsPerMinutePerProjectPerModel-FreeTier"
  quota_dimensions {
    key: "model"
    value: "gemini-3.5-flash-lite"
  }
  quota_dimensions {
    key: "location"
    value: "global"
  }
  quota_value: 15
}
, retry_delay {
  seconds: 43
}
]
2026-08-30 18:53:16,567 | INFO    | Classify request — alert keys: ['alert_id', 'timestamp', 'source', 'rule', 'category', 'raw_log', 'indicators', 'mitre_hint', 'status']
2026-08-30 18:53:33,752 | INFO    | RAG-grounded classification complete
2026-08-30 18:53:33,758 | INFO    | Classify request — alert keys: ['alert_id', 'timestamp', 'source', 'rule', 'category', 'raw_log', 'indicators', 'mitre_hint', 'status']
2026-08-30 18:53:35,204 | INFO    | RAG-grounded classification complete
2026-08-30 18:53:35,207 | INFO    | Classify request — alert keys: ['alert_id', 'timestamp', 'source', 'rule', 'category', 'raw_log', 'indicators', 'mitre_hint', 'status']
2026-08-30 18:53:36,847 | INFO    | RAG-grounded classification complete
2026-08-30 18:53:36,852 | INFO    | Classify request — alert keys: ['alert_id', 'timestamp', 'source', 'rule', 'category', 'raw_log', 'indicators', 'mitre_hint', 'status']
2026-08-30 18:53:38,601 | INFO    | RAG-grounded classification complete
2026-08-30 18:53:38,607 | INFO    | Classify request — alert keys: ['alert_id', 'timestamp', 'source', 'rule', 'category', 'raw_log', 'indicators', 'mitre_hint', 'status']
2026-08-30 18:53:40,344 | INFO    | RAG-grounded classification complete
2026-08-30 18:53:40,347 | INFO    | Classify request — alert keys: ['alert_id', 'timestamp', 'source', 'rule', 'category', 'raw_log', 'indicators', 'mitre_hint', 'status']
2026-08-30 18:53:41,997 | INFO    | RAG-grounded classification complete
2026-08-30 18:53:42,000 | INFO    | Classify request — alert keys: ['alert_id', 'timestamp', 'source', 'rule', 'category', 'raw_log', 'indicators', 'mitre_hint', 'status']
2026-08-30 18:53:43,958 | INFO    | RAG-grounded classification complete
2026-08-30 18:53:43,962 | INFO    | Classify request — alert keys: ['alert_id', 'timestamp', 'source', 'rule', 'category', 'raw_log', 'indicators', 'mitre_hint', 'status']
2026-08-30 18:53:45,914 | INFO    | RAG-grounded classification complete
2026-08-30 18:53:45,918 | INFO    | Classify request — alert keys: ['alert_id', 'timestamp', 'source', 'rule', 'category', 'raw_log', 'indicators', 'mitre_hint', 'status']
2026-08-30 18:53:47,671 | INFO    | RAG-grounded classification complete
2026-08-30 18:53:47,681 | INFO    | Classify request — alert keys: ['alert_id', 'timestamp', 'source', 'rule', 'category', 'raw_log', 'indicators', 'mitre_hint', 'status']
2026-08-30 18:53:49,415 | INFO    | RAG-grounded classification complete
2026-08-30 18:53:49,418 | INFO    | Classify request — alert keys: ['alert_id', 'timestamp', 'source', 'rule', 'category', 'raw_log', 'indicators', 'mitre_hint', 'status']
2026-08-30 18:53:51,173 | INFO    | RAG-grounded classification complete
2026-08-30 18:53:51,177 | INFO    | Classify request — alert keys: ['alert_id', 'timestamp', 'source', 'rule', 'category', 'raw_log', 'indicators', 'mitre_hint', 'status']
2026-08-30 18:53:52,927 | INFO    | RAG-grounded classification complete
2026-08-30 18:53:52,930 | INFO    | Classify request — alert keys: ['alert_id', 'timestamp', 'source', 'rule', 'category', 'raw_log', 'indicators', 'mitre_hint', 'status']
2026-08-30 18:53:54,683 | INFO    | RAG-grounded classification complete
2026-08-30 18:58:07,486 | INFO    | Report request — alert: 1787201674.37442
2026-08-30 18:58:10,769 | INFO    | Report generated successfully
2026-08-30 18:58:10,900 | INFO    | Report saved: alert_id=1787201674.37442
2026-08-30 18:58:39,582 | INFO    | Report request — alert: 1787201421.19657
2026-08-30 18:58:42,246 | INFO    | Report generated successfully
2026-08-30 18:58:42,269 | INFO    | Report saved: alert_id=1787201421.19657
2026-08-30 19:25:46,869 | INFO    | Report request — alert: 1788096137.60198
2026-08-30 19:25:49,454 | INFO    | Report generated successfully
2026-08-30 19:25:49,583 | INFO    | Report saved: alert_id=1788096137.60198
2026-08-30 19:26:42,073 | INFO    | Report request — alert: 1787201675.39298
2026-08-30 19:26:44,665 | INFO    | Report generated successfully
2026-08-30 19:26:44,711 | INFO    | Report saved: alert_id=1787201675.39298
2026-08-30 20:48:14,441 | INFO    | Report request — alert: 1787201674.37442
2026-08-30 20:48:17,176 | INFO    | Report generated successfully
2026-08-30 20:48:17,320 | INFO    | Report saved: alert_id=1787201674.37442
2026-08-30 22:49:59,891 | INFO    | Report request — alert: 1788096137.60198
2026-08-30 22:50:02,165 | INFO    | Report generated successfully
2026-08-30 22:50:02,265 | INFO    | Report saved: alert_id=1788096137.60198
2026-09-01 10:22:13,127 | INFO    | VigilanceAI backend starting — database initialized
2026-09-01 10:28:28,793 | INFO    | Report request — alert: 1788096137.60198
2026-09-01 10:28:32,316 | INFO    | Report generated successfully
2026-09-01 10:28:32,412 | INFO    | Report saved: alert_id=1788096137.60198
2026-09-01 10:28:55,288 | INFO    | Report request — alert: 1788096134.57051
2026-09-01 10:28:57,706 | INFO    | Report generated successfully
2026-09-01 10:28:57,747 | INFO    | Report saved: alert_id=1788096134.57051
2026-09-01 10:37:44,100 | INFO    | Report request — alert: 1788096120.38549
2026-09-01 10:37:47,125 | INFO    | Report generated successfully
2026-09-01 10:37:47,420 | INFO    | Report saved: alert_id=1788096120.38549
2026-09-01 11:59:02,043 | INFO    | VigilanceAI backend starting — database initialized
2026-09-09 13:12:22,365 | INFO    | VigilanceAI backend starting — database initialized
2026-09-09 13:14:48,325 | INFO    | VigilanceAI backend starting — database initialized
2026-09-09 13:16:03,079 | INFO    | Report request — alert: 1788096134.57051
2026-09-09 13:16:28,471 | INFO    | Report generated successfully
2026-09-09 13:16:28,614 | INFO    | Report saved: alert_id=1788096134.57051
2026-09-09 13:16:59,390 | INFO    | Report request — alert: 1788096134.57051
2026-09-09 13:17:01,896 | INFO    | Report generated successfully
2026-09-09 13:17:01,960 | INFO    | Report saved: alert_id=1788096134.57051
2026-09-09 22:42:01,020 | INFO    | VigilanceAI backend starting — database initialized
2026-09-09 22:48:03,307 | INFO    | Report request — alert: 1788096134.57051
2026-09-09 22:48:29,504 | INFO    | Report generated successfully
2026-09-09 22:48:29,735 | INFO    | Report saved: alert_id=1788096134.57051
2026-09-10 15:34:13,508 | INFO    | VigilanceAI backend starting — database initialized
2026-09-10 15:37:21,243 | INFO    | Classify request — alert keys: ['alert_id', 'timestamp', 'source', 'rule', 'category', 'raw_log', 'indicators', 'mitre_hint', 'status']
2026-09-10 15:37:21,269 | INFO    | Alert saved: 1789034838.13745
2026-09-10 15:37:21,376 | INFO    | Alert saved: 1789034838.14177
2026-09-10 15:37:21,407 | INFO    | Alert saved: 1789034840.14732
2026-09-10 15:37:28,449 | INFO    | HTTP Request: GET https://huggingface.co/api/agent-harnesses "HTTP/1.1 200 OK"
2026-09-10 15:37:28,452 | INFO    | HTTP Request: GET https://huggingface.co/api/agent-harnesses "HTTP/1.1 200 OK"
2026-09-10 15:37:28,456 | INFO    | HTTP Request: GET https://huggingface.co/api/agent-harnesses "HTTP/1.1 200 OK"
2026-09-10 15:37:28,476 | INFO    | HTTP Request: GET https://huggingface.co/api/agent-harnesses "HTTP/1.1 200 OK"
2026-09-10 15:37:28,852 | INFO    | HTTP Request: HEAD https://huggingface.co/sentence-transformers/all-MiniLM-L6-v2/resolve/main/modules.json "HTTP/1.1 307 Temporary Redirect"
2026-09-10 15:37:28,859 | WARNING | Warning: You are sending unauthenticated requests to the HF Hub. Please set a HF_TOKEN to enable higher rate limits and faster downloads.
2026-09-10 15:37:28,907 | INFO    | HTTP Request: HEAD https://huggingface.co/api/resolve-cache/models/sentence-transformers/all-MiniLM-L6-v2/1110a243fdf4706b3f48f1d95db1a4f5529b4d41/modules.json "HTTP/1.1 200 OK"
2026-09-10 15:37:29,061 | INFO    | HTTP Request: HEAD https://huggingface.co/sentence-transformers/all-MiniLM-L6-v2/resolve/main/modules.json "HTTP/1.1 307 Temporary Redirect"
2026-09-10 15:37:29,125 | INFO    | HTTP Request: HEAD https://huggingface.co/api/resolve-cache/models/sentence-transformers/all-MiniLM-L6-v2/1110a243fdf4706b3f48f1d95db1a4f5529b4d41/modules.json "HTTP/1.1 200 OK"
2026-09-10 15:37:29,154 | INFO    | HTTP Request: HEAD https://huggingface.co/sentence-transformers/all-MiniLM-L6-v2/resolve/main/modules.json "HTTP/1.1 307 Temporary Redirect"
2026-09-10 15:37:29,184 | INFO    | HTTP Request: HEAD https://huggingface.co/sentence-transformers/all-MiniLM-L6-v2/resolve/main/modules.json "HTTP/1.1 307 Temporary Redirect"
2026-09-10 15:37:29,210 | INFO    | HTTP Request: HEAD https://huggingface.co/sentence-transformers/all-MiniLM-L6-v2/resolve/main/config_sentence_transformers.json "HTTP/1.1 307 Temporary Redirect"
2026-09-10 15:37:29,259 | INFO    | HTTP Request: HEAD https://huggingface.co/api/resolve-cache/models/sentence-transformers/all-MiniLM-L6-v2/1110a243fdf4706b3f48f1d95db1a4f5529b4d41/modules.json "HTTP/1.1 200 OK"
2026-09-10 15:37:29,278 | INFO    | HTTP Request: HEAD https://huggingface.co/api/resolve-cache/models/sentence-transformers/all-MiniLM-L6-v2/1110a243fdf4706b3f48f1d95db1a4f5529b4d41/modules.json "HTTP/1.1 200 OK"
2026-09-10 15:37:29,325 | INFO    | HTTP Request: HEAD https://huggingface.co/api/resolve-cache/models/sentence-transformers/all-MiniLM-L6-v2/1110a243fdf4706b3f48f1d95db1a4f5529b4d41/config_sentence_transformers.json "HTTP/1.1 200 OK"
2026-09-10 15:37:29,327 | INFO    | Loading SentenceTransformer model from sentence-transformers/all-MiniLM-L6-v2.
2026-09-10 15:37:29,397 | INFO    | HTTP Request: HEAD https://huggingface.co/sentence-transformers/all-MiniLM-L6-v2/resolve/main/config_sentence_transformers.json "HTTP/1.1 307 Temporary Redirect"
2026-09-10 15:37:29,492 | INFO    | HTTP Request: HEAD https://huggingface.co/api/resolve-cache/models/sentence-transformers/all-MiniLM-L6-v2/1110a243fdf4706b3f48f1d95db1a4f5529b4d41/config_sentence_transformers.json "HTTP/1.1 200 OK"
2026-09-10 15:37:29,494 | INFO    | Loading SentenceTransformer model from sentence-transformers/all-MiniLM-L6-v2.
2026-09-10 15:37:29,551 | INFO    | HTTP Request: HEAD https://huggingface.co/sentence-transformers/all-MiniLM-L6-v2/resolve/main/config_sentence_transformers.json "HTTP/1.1 307 Temporary Redirect"
2026-09-10 15:37:29,552 | INFO    | HTTP Request: HEAD https://huggingface.co/sentence-transformers/all-MiniLM-L6-v2/resolve/main/config_sentence_transformers.json "HTTP/1.1 307 Temporary Redirect"
2026-09-10 15:37:29,736 | INFO    | HTTP Request: HEAD https://huggingface.co/api/resolve-cache/models/sentence-transformers/all-MiniLM-L6-v2/1110a243fdf4706b3f48f1d95db1a4f5529b4d41/config_sentence_transformers.json "HTTP/1.1 200 OK"
2026-09-10 15:37:29,738 | INFO    | HTTP Request: HEAD https://huggingface.co/api/resolve-cache/models/sentence-transformers/all-MiniLM-L6-v2/1110a243fdf4706b3f48f1d95db1a4f5529b4d41/config_sentence_transformers.json "HTTP/1.1 200 OK"
2026-09-10 15:37:29,741 | INFO    | Loading SentenceTransformer model from sentence-transformers/all-MiniLM-L6-v2.
2026-09-10 15:37:29,746 | INFO    | HTTP Request: HEAD https://huggingface.co/sentence-transformers/all-MiniLM-L6-v2/resolve/main/config_sentence_transformers.json "HTTP/1.1 307 Temporary Redirect"
2026-09-10 15:37:29,748 | INFO    | Loading SentenceTransformer model from sentence-transformers/all-MiniLM-L6-v2.
2026-09-10 15:37:29,802 | INFO    | HTTP Request: HEAD https://huggingface.co/api/resolve-cache/models/sentence-transformers/all-MiniLM-L6-v2/1110a243fdf4706b3f48f1d95db1a4f5529b4d41/config_sentence_transformers.json "HTTP/1.1 200 OK"
2026-09-10 15:37:29,806 | INFO    | HTTP Request: HEAD https://huggingface.co/sentence-transformers/all-MiniLM-L6-v2/resolve/main/config_sentence_transformers.json "HTTP/1.1 307 Temporary Redirect"
2026-09-10 15:37:29,919 | INFO    | HTTP Request: HEAD https://huggingface.co/api/resolve-cache/models/sentence-transformers/all-MiniLM-L6-v2/1110a243fdf4706b3f48f1d95db1a4f5529b4d41/config_sentence_transformers.json "HTTP/1.1 200 OK"
2026-09-10 15:37:30,093 | INFO    | HTTP Request: HEAD https://huggingface.co/sentence-transformers/all-MiniLM-L6-v2/resolve/main/README.md "HTTP/1.1 307 Temporary Redirect"
2026-09-10 15:37:30,094 | INFO    | HTTP Request: HEAD https://huggingface.co/sentence-transformers/all-MiniLM-L6-v2/resolve/main/config_sentence_transformers.json "HTTP/1.1 307 Temporary Redirect"
2026-09-10 15:37:30,097 | INFO    | HTTP Request: HEAD https://huggingface.co/sentence-transformers/all-MiniLM-L6-v2/resolve/main/config_sentence_transformers.json "HTTP/1.1 307 Temporary Redirect"
2026-09-10 15:37:30,195 | INFO    | HTTP Request: HEAD https://huggingface.co/api/resolve-cache/models/sentence-transformers/all-MiniLM-L6-v2/1110a243fdf4706b3f48f1d95db1a4f5529b4d41/README.md "HTTP/1.1 200 OK"
2026-09-10 15:37:30,209 | INFO    | HTTP Request: HEAD https://huggingface.co/api/resolve-cache/models/sentence-transformers/all-MiniLM-L6-v2/1110a243fdf4706b3f48f1d95db1a4f5529b4d41/config_sentence_transformers.json "HTTP/1.1 200 OK"
2026-09-10 15:37:30,209 | INFO    | HTTP Request: HEAD https://huggingface.co/sentence-transformers/all-MiniLM-L6-v2/resolve/main/README.md "HTTP/1.1 307 Temporary Redirect"
2026-09-10 15:37:30,210 | INFO    | HTTP Request: HEAD https://huggingface.co/api/resolve-cache/models/sentence-transformers/all-MiniLM-L6-v2/1110a243fdf4706b3f48f1d95db1a4f5529b4d41/config_sentence_transformers.json "HTTP/1.1 200 OK"
2026-09-10 15:37:30,284 | INFO    | HTTP Request: HEAD https://huggingface.co/api/resolve-cache/models/sentence-transformers/all-MiniLM-L6-v2/1110a243fdf4706b3f48f1d95db1a4f5529b4d41/README.md "HTTP/1.1 200 OK"
2026-09-10 15:37:30,490 | INFO    | HTTP Request: HEAD https://huggingface.co/sentence-transformers/all-MiniLM-L6-v2/resolve/main/modules.json "HTTP/1.1 307 Temporary Redirect"
2026-09-10 15:37:30,491 | INFO    | HTTP Request: HEAD https://huggingface.co/sentence-transformers/all-MiniLM-L6-v2/resolve/main/README.md "HTTP/1.1 307 Temporary Redirect"
2026-09-10 15:37:30,532 | INFO    | HTTP Request: HEAD https://huggingface.co/sentence-transformers/all-MiniLM-L6-v2/resolve/main/README.md "HTTP/1.1 307 Temporary Redirect"
2026-09-10 15:37:30,569 | INFO    | HTTP Request: HEAD https://huggingface.co/api/resolve-cache/models/sentence-transformers/all-MiniLM-L6-v2/1110a243fdf4706b3f48f1d95db1a4f5529b4d41/README.md "HTTP/1.1 200 OK"
2026-09-10 15:37:30,574 | INFO    | HTTP Request: HEAD https://huggingface.co/api/resolve-cache/models/sentence-transformers/all-MiniLM-L6-v2/1110a243fdf4706b3f48f1d95db1a4f5529b4d41/modules.json "HTTP/1.1 200 OK"
2026-09-10 15:37:30,621 | INFO    | HTTP Request: HEAD https://huggingface.co/sentence-transformers/all-MiniLM-L6-v2/resolve/main/modules.json "HTTP/1.1 307 Temporary Redirect"
2026-09-10 15:37:30,705 | INFO    | HTTP Request: HEAD https://huggingface.co/api/resolve-cache/models/sentence-transformers/all-MiniLM-L6-v2/1110a243fdf4706b3f48f1d95db1a4f5529b4d41/README.md "HTTP/1.1 200 OK"
2026-09-10 15:37:30,710 | INFO    | HTTP Request: HEAD https://huggingface.co/api/resolve-cache/models/sentence-transformers/all-MiniLM-L6-v2/1110a243fdf4706b3f48f1d95db1a4f5529b4d41/modules.json "HTTP/1.1 200 OK"
2026-09-10 15:37:30,889 | INFO    | HTTP Request: HEAD https://huggingface.co/sentence-transformers/all-MiniLM-L6-v2/resolve/main/modules.json "HTTP/1.1 307 Temporary Redirect"
2026-09-10 15:37:30,892 | INFO    | HTTP Request: HEAD https://huggingface.co/sentence-transformers/all-MiniLM-L6-v2/resolve/main/sentence_bert_config.json "HTTP/1.1 307 Temporary Redirect"
2026-09-10 15:37:30,979 | INFO    | HTTP Request: HEAD https://huggingface.co/api/resolve-cache/models/sentence-transformers/all-MiniLM-L6-v2/1110a243fdf4706b3f48f1d95db1a4f5529b4d41/modules.json "HTTP/1.1 200 OK"
2026-09-10 15:37:30,997 | INFO    | HTTP Request: HEAD https://huggingface.co/api/resolve-cache/models/sentence-transformers/all-MiniLM-L6-v2/1110a243fdf4706b3f48f1d95db1a4f5529b4d41/sentence_bert_config.json "HTTP/1.1 200 OK"
2026-09-10 15:37:31,024 | INFO    | HTTP Request: HEAD https://huggingface.co/sentence-transformers/all-MiniLM-L6-v2/resolve/main/sentence_bert_config.json "HTTP/1.1 307 Temporary Redirect"
2026-09-10 15:37:31,101 | INFO    | HTTP Request: HEAD https://huggingface.co/sentence-transformers/all-MiniLM-L6-v2/resolve/main/modules.json "HTTP/1.1 307 Temporary Redirect"
2026-09-10 15:37:31,102 | INFO    | HTTP Request: HEAD https://huggingface.co/api/resolve-cache/models/sentence-transformers/all-MiniLM-L6-v2/1110a243fdf4706b3f48f1d95db1a4f5529b4d41/sentence_bert_config.json "HTTP/1.1 200 OK"
2026-09-10 15:37:31,219 | INFO    | HTTP Request: HEAD https://huggingface.co/api/resolve-cache/models/sentence-transformers/all-MiniLM-L6-v2/1110a243fdf4706b3f48f1d95db1a4f5529b4d41/modules.json "HTTP/1.1 200 OK"
2026-09-10 15:37:31,258 | INFO    | HTTP Request: HEAD https://huggingface.co/sentence-transformers/all-MiniLM-L6-v2/resolve/main/sentence_bert_config.json "HTTP/1.1 307 Temporary Redirect"
2026-09-10 15:37:31,328 | INFO    | HTTP Request: HEAD https://huggingface.co/sentence-transformers/all-MiniLM-L6-v2/resolve/main/adapter_config.json "HTTP/1.1 404 Not Found"
2026-09-10 15:37:31,350 | INFO    | HTTP Request: HEAD https://huggingface.co/api/resolve-cache/models/sentence-transformers/all-MiniLM-L6-v2/1110a243fdf4706b3f48f1d95db1a4f5529b4d41/sentence_bert_config.json "HTTP/1.1 200 OK"
2026-09-10 15:37:31,433 | INFO    | HTTP Request: HEAD https://huggingface.co/sentence-transformers/all-MiniLM-L6-v2/resolve/main/adapter_config.json "HTTP/1.1 404 Not Found"
2026-09-10 15:37:31,564 | INFO    | HTTP Request: HEAD https://huggingface.co/sentence-transformers/all-MiniLM-L6-v2/resolve/main/sentence_bert_config.json "HTTP/1.1 307 Temporary Redirect"
2026-09-10 15:37:31,659 | INFO    | HTTP Request: HEAD https://huggingface.co/sentence-transformers/all-MiniLM-L6-v2/resolve/main/config.json "HTTP/1.1 307 Temporary Redirect"
2026-09-10 15:37:31,659 | INFO    | HTTP Request: HEAD https://huggingface.co/sentence-transformers/all-MiniLM-L6-v2/resolve/main/adapter_config.json "HTTP/1.1 404 Not Found"
2026-09-10 15:37:31,740 | INFO    | HTTP Request: HEAD https://huggingface.co/api/resolve-cache/models/sentence-transformers/all-MiniLM-L6-v2/1110a243fdf4706b3f48f1d95db1a4f5529b4d41/sentence_bert_config.json "HTTP/1.1 200 OK"
2026-09-10 15:37:31,760 | INFO    | HTTP Request: HEAD https://huggingface.co/sentence-transformers/all-MiniLM-L6-v2/resolve/main/config.json "HTTP/1.1 307 Temporary Redirect"
2026-09-10 15:37:31,767 | INFO    | HTTP Request: HEAD https://huggingface.co/api/resolve-cache/models/sentence-transformers/all-MiniLM-L6-v2/1110a243fdf4706b3f48f1d95db1a4f5529b4d41/config.json "HTTP/1.1 200 OK"
2026-09-10 15:37:31,814 | INFO    | HTTP Request: HEAD https://huggingface.co/api/resolve-cache/models/sentence-transformers/all-MiniLM-L6-v2/1110a243fdf4706b3f48f1d95db1a4f5529b4d41/config.json "HTTP/1.1 200 OK"
2026-09-10 15:37:31,890 | INFO    | Alert saved: 1789034846.15232
2026-09-10 15:37:31,892 | INFO    | Alert saved: 1789034846.15664
2026-09-10 15:37:31,947 | INFO    | HTTP Request: HEAD https://huggingface.co/sentence-transformers/all-MiniLM-L6-v2/resolve/main/config.json "HTTP/1.1 307 Temporary Redirect"
2026-09-10 15:37:32,084 | INFO    | HTTP Request: HEAD https://huggingface.co/sentence-transformers/all-MiniLM-L6-v2/resolve/main/adapter_config.json "HTTP/1.1 404 Not Found"
2026-09-10 15:37:32,085 | INFO    | HTTP Request: HEAD https://huggingface.co/api/resolve-cache/models/sentence-transformers/all-MiniLM-L6-v2/1110a243fdf4706b3f48f1d95db1a4f5529b4d41/config.json "HTTP/1.1 200 OK"
2026-09-10 15:37:32,256 | INFO    | HTTP Request: HEAD https://huggingface.co/sentence-transformers/all-MiniLM-L6-v2/resolve/main/modules.json "HTTP/1.1 307 Temporary Redirect"
2026-09-10 15:37:32,288 | INFO    | HTTP Request: HEAD https://huggingface.co/sentence-transformers/all-MiniLM-L6-v2/resolve/main/modules.json "HTTP/1.1 307 Temporary Redirect"
2026-09-10 15:37:32,382 | INFO    | HTTP Request: HEAD https://huggingface.co/api/resolve-cache/models/sentence-transformers/all-MiniLM-L6-v2/1110a243fdf4706b3f48f1d95db1a4f5529b4d41/modules.json "HTTP/1.1 200 OK"
2026-09-10 15:37:32,422 | INFO    | HTTP Request: HEAD https://huggingface.co/api/resolve-cache/models/sentence-transformers/all-MiniLM-L6-v2/1110a243fdf4706b3f48f1d95db1a4f5529b4d41/modules.json "HTTP/1.1 200 OK"
2026-09-10 15:37:32,557 | INFO    | HTTP Request: HEAD https://huggingface.co/sentence-transformers/all-MiniLM-L6-v2/resolve/main/config.json "HTTP/1.1 307 Temporary Redirect"
2026-09-10 15:37:32,659 | INFO    | HTTP Request: HEAD https://huggingface.co/sentence-transformers/all-MiniLM-L6-v2/resolve/main/processor_config.json "HTTP/1.1 404 Not Found"
2026-09-10 15:37:32,667 | INFO    | HTTP Request: HEAD https://huggingface.co/api/resolve-cache/models/sentence-transformers/all-MiniLM-L6-v2/1110a243fdf4706b3f48f1d95db1a4f5529b4d41/config.json "HTTP/1.1 200 OK"
2026-09-10 15:37:32,745 | INFO    | HTTP Request: HEAD https://huggingface.co/sentence-transformers/all-MiniLM-L6-v2/resolve/main/config_sentence_transformers.json "HTTP/1.1 307 Temporary Redirect"
2026-09-10 15:37:32,762 | INFO    | HTTP Request: HEAD https://huggingface.co/sentence-transformers/all-MiniLM-L6-v2/resolve/main/config_sentence_transformers.json "HTTP/1.1 307 Temporary Redirect"
2026-09-10 15:37:32,883 | INFO    | HTTP Request: HEAD https://huggingface.co/api/resolve-cache/models/sentence-transformers/all-MiniLM-L6-v2/1110a243fdf4706b3f48f1d95db1a4f5529b4d41/config_sentence_transformers.json "HTTP/1.1 200 OK"
2026-09-10 15:37:32,884 | INFO    | HTTP Request: HEAD https://huggingface.co/api/resolve-cache/models/sentence-transformers/all-MiniLM-L6-v2/1110a243fdf4706b3f48f1d95db1a4f5529b4d41/config_sentence_transformers.json "HTTP/1.1 200 OK"
2026-09-10 15:37:32,888 | INFO    | Loading SentenceTransformer model from sentence-transformers/all-MiniLM-L6-v2.
2026-09-10 15:37:32,889 | INFO    | Loading SentenceTransformer model from sentence-transformers/all-MiniLM-L6-v2.
2026-09-10 15:37:32,977 | INFO    | HTTP Request: HEAD https://huggingface.co/sentence-transformers/all-MiniLM-L6-v2/resolve/main/preprocessor_config.json "HTTP/1.1 404 Not Found"
2026-09-10 15:37:33,098 | INFO    | HTTP Request: HEAD https://huggingface.co/sentence-transformers/all-MiniLM-L6-v2/resolve/main/processor_config.json "HTTP/1.1 404 Not Found"
2026-09-10 15:37:33,101 | INFO    | HTTP Request: HEAD https://huggingface.co/sentence-transformers/all-MiniLM-L6-v2/resolve/main/processor_config.json "HTTP/1.1 404 Not Found"
2026-09-10 15:37:33,145 | INFO    | HTTP Request: HEAD https://huggingface.co/sentence-transformers/all-MiniLM-L6-v2/resolve/main/processor_config.json "HTTP/1.1 404 Not Found"
2026-09-10 15:37:33,228 | INFO    | HTTP Request: HEAD https://huggingface.co/sentence-transformers/all-MiniLM-L6-v2/resolve/main/config_sentence_transformers.json "HTTP/1.1 307 Temporary Redirect"
2026-09-10 15:37:33,230 | INFO    | HTTP Request: HEAD https://huggingface.co/sentence-transformers/all-MiniLM-L6-v2/resolve/main/config_sentence_transformers.json "HTTP/1.1 307 Temporary Redirect"
2026-09-10 15:37:33,378 | INFO    | HTTP Request: HEAD https://huggingface.co/sentence-transformers/all-MiniLM-L6-v2/resolve/main/video_preprocessor_config.json "HTTP/1.1 404 Not Found"
2026-09-10 15:37:33,379 | INFO    | HTTP Request: HEAD https://huggingface.co/api/resolve-cache/models/sentence-transformers/all-MiniLM-L6-v2/1110a243fdf4706b3f48f1d95db1a4f5529b4d41/config_sentence_transformers.json "HTTP/1.1 200 OK"
2026-09-10 15:37:33,379 | INFO    | HTTP Request: HEAD https://huggingface.co/api/resolve-cache/models/sentence-transformers/all-MiniLM-L6-v2/1110a243fdf4706b3f48f1d95db1a4f5529b4d41/config_sentence_transformers.json "HTTP/1.1 200 OK"
2026-09-10 15:37:33,445 | INFO    | HTTP Request: HEAD https://huggingface.co/sentence-transformers/all-MiniLM-L6-v2/resolve/main/preprocessor_config.json "HTTP/1.1 404 Not Found"
2026-09-10 15:37:33,458 | INFO    | HTTP Request: HEAD https://huggingface.co/sentence-transformers/all-MiniLM-L6-v2/resolve/main/preprocessor_config.json "HTTP/1.1 404 Not Found"
2026-09-10 15:37:33,570 | INFO    | HTTP Request: HEAD https://huggingface.co/sentence-transformers/all-MiniLM-L6-v2/resolve/main/preprocessor_config.json "HTTP/1.1 404 Not Found"
2026-09-10 15:37:33,750 | INFO    | HTTP Request: HEAD https://huggingface.co/sentence-transformers/all-MiniLM-L6-v2/resolve/main/README.md "HTTP/1.1 307 Temporary Redirect"
2026-09-10 15:37:33,797 | INFO    | HTTP Request: HEAD https://huggingface.co/sentence-transformers/all-MiniLM-L6-v2/resolve/main/video_preprocessor_config.json "HTTP/1.1 404 Not Found"
2026-09-10 15:37:33,800 | INFO    | HTTP Request: HEAD https://huggingface.co/sentence-transformers/all-MiniLM-L6-v2/resolve/main/preprocessor_config.json "HTTP/1.1 404 Not Found"
2026-09-10 15:37:33,802 | INFO    | HTTP Request: HEAD https://huggingface.co/sentence-transformers/all-MiniLM-L6-v2/resolve/main/README.md "HTTP/1.1 307 Temporary Redirect"
2026-09-10 15:37:33,805 | INFO    | HTTP Request: HEAD https://huggingface.co/sentence-transformers/all-MiniLM-L6-v2/resolve/main/video_preprocessor_config.json "HTTP/1.1 404 Not Found"
2026-09-10 15:37:33,824 | INFO    | HTTP Request: HEAD https://huggingface.co/api/resolve-cache/models/sentence-transformers/all-MiniLM-L6-v2/1110a243fdf4706b3f48f1d95db1a4f5529b4d41/README.md "HTTP/1.1 200 OK"
2026-09-10 15:37:33,887 | INFO    | HTTP Request: HEAD https://huggingface.co/sentence-transformers/all-MiniLM-L6-v2/resolve/main/video_preprocessor_config.json "HTTP/1.1 404 Not Found"
2026-09-10 15:37:33,900 | INFO    | HTTP Request: HEAD https://huggingface.co/api/resolve-cache/models/sentence-transformers/all-MiniLM-L6-v2/1110a243fdf4706b3f48f1d95db1a4f5529b4d41/README.md "HTTP/1.1 200 OK"
2026-09-10 15:37:34,079 | INFO    | HTTP Request: HEAD https://huggingface.co/sentence-transformers/all-MiniLM-L6-v2/resolve/main/preprocessor_config.json "HTTP/1.1 404 Not Found"
2026-09-10 15:37:34,084 | INFO    | HTTP Request: HEAD https://huggingface.co/sentence-transformers/all-MiniLM-L6-v2/resolve/main/preprocessor_config.json "HTTP/1.1 404 Not Found"
2026-09-10 15:37:34,088 | INFO    | HTTP Request: HEAD https://huggingface.co/sentence-transformers/all-MiniLM-L6-v2/resolve/main/tokenizer_config.json "HTTP/1.1 307 Temporary Redirect"
2026-09-10 15:37:34,116 | INFO    | HTTP Request: HEAD https://huggingface.co/sentence-transformers/all-MiniLM-L6-v2/resolve/main/modules.json "HTTP/1.1 307 Temporary Redirect"
2026-09-10 15:37:34,209 | INFO    | HTTP Request: HEAD https://huggingface.co/api/resolve-cache/models/sentence-transformers/all-MiniLM-L6-v2/1110a243fdf4706b3f48f1d95db1a4f5529b4d41/tokenizer_config.json "HTTP/1.1 200 OK"
2026-09-10 15:37:34,210 | INFO    | HTTP Request: HEAD https://huggingface.co/sentence-transformers/all-MiniLM-L6-v2/resolve/main/preprocessor_config.json "HTTP/1.1 404 Not Found"
2026-09-10 15:37:34,211 | INFO    | HTTP Request: HEAD https://huggingface.co/sentence-transformers/all-MiniLM-L6-v2/resolve/main/modules.json "HTTP/1.1 307 Temporary Redirect"
2026-09-10 15:37:34,211 | INFO    | HTTP Request: HEAD https://huggingface.co/api/resolve-cache/models/sentence-transformers/all-MiniLM-L6-v2/1110a243fdf4706b3f48f1d95db1a4f5529b4d41/modules.json "HTTP/1.1 200 OK"
2026-09-10 15:37:34,307 | INFO    | HTTP Request: HEAD https://huggingface.co/api/resolve-cache/models/sentence-transformers/all-MiniLM-L6-v2/1110a243fdf4706b3f48f1d95db1a4f5529b4d41/modules.json "HTTP/1.1 200 OK"
2026-09-10 15:37:34,378 | INFO    | HTTP Request: HEAD https://huggingface.co/sentence-transformers/all-MiniLM-L6-v2/resolve/main/tokenizer_config.json "HTTP/1.1 307 Temporary Redirect"
2026-09-10 15:37:34,385 | INFO    | HTTP Request: HEAD https://huggingface.co/sentence-transformers/all-MiniLM-L6-v2/resolve/main/tokenizer_config.json "HTTP/1.1 307 Temporary Redirect"
2026-09-10 15:37:34,516 | INFO    | HTTP Request: HEAD https://huggingface.co/api/resolve-cache/models/sentence-transformers/all-MiniLM-L6-v2/1110a243fdf4706b3f48f1d95db1a4f5529b4d41/tokenizer_config.json "HTTP/1.1 200 OK"
2026-09-10 15:37:34,520 | INFO    | HTTP Request: HEAD https://huggingface.co/api/resolve-cache/models/sentence-transformers/all-MiniLM-L6-v2/1110a243fdf4706b3f48f1d95db1a4f5529b4d41/tokenizer_config.json "HTTP/1.1 200 OK"
2026-09-10 15:37:34,538 | INFO    | HTTP Request: HEAD https://huggingface.co/sentence-transformers/all-MiniLM-L6-v2/resolve/main/tokenizer_config.json "HTTP/1.1 307 Temporary Redirect"
2026-09-10 15:37:34,540 | INFO    | HTTP Request: HEAD https://huggingface.co/sentence-transformers/all-MiniLM-L6-v2/resolve/main/config.json "HTTP/1.1 307 Temporary Redirect"
2026-09-10 15:37:34,583 | INFO    | HTTP Request: HEAD https://huggingface.co/sentence-transformers/all-MiniLM-L6-v2/resolve/main/sentence_bert_config.json "HTTP/1.1 307 Temporary Redirect"
2026-09-10 15:37:34,649 | INFO    | HTTP Request: HEAD https://huggingface.co/api/resolve-cache/models/sentence-transformers/all-MiniLM-L6-v2/1110a243fdf4706b3f48f1d95db1a4f5529b4d41/tokenizer_config.json "HTTP/1.1 200 OK"
2026-09-10 15:37:34,656 | INFO    | HTTP Request: HEAD https://huggingface.co/sentence-transformers/all-MiniLM-L6-v2/resolve/main/sentence_bert_config.json "HTTP/1.1 307 Temporary Redirect"
2026-09-10 15:37:34,658 | INFO    | HTTP Request: HEAD https://huggingface.co/api/resolve-cache/models/sentence-transformers/all-MiniLM-L6-v2/1110a243fdf4706b3f48f1d95db1a4f5529b4d41/config.json "HTTP/1.1 200 OK"
2026-09-10 15:37:34,694 | INFO    | HTTP Request: HEAD https://huggingface.co/api/resolve-cache/models/sentence-transformers/all-MiniLM-L6-v2/1110a243fdf4706b3f48f1d95db1a4f5529b4d41/sentence_bert_config.json "HTTP/1.1 200 OK"
2026-09-10 15:37:34,813 | INFO    | HTTP Request: HEAD https://huggingface.co/api/resolve-cache/models/sentence-transformers/all-MiniLM-L6-v2/1110a243fdf4706b3f48f1d95db1a4f5529b4d41/sentence_bert_config.json "HTTP/1.1 200 OK"
2026-09-10 15:37:34,896 | INFO    | HTTP Request: HEAD https://huggingface.co/sentence-transformers/all-MiniLM-L6-v2/resolve/main/config.json "HTTP/1.1 307 Temporary Redirect"
2026-09-10 15:37:34,896 | INFO    | HTTP Request: HEAD https://huggingface.co/sentence-transformers/all-MiniLM-L6-v2/resolve/main/config.json "HTTP/1.1 307 Temporary Redirect"
2026-09-10 15:37:34,996 | INFO    | HTTP Request: HEAD https://huggingface.co/sentence-transformers/all-MiniLM-L6-v2/resolve/main/config.json "HTTP/1.1 307 Temporary Redirect"
2026-09-10 15:37:34,998 | INFO    | HTTP Request: HEAD https://huggingface.co/api/resolve-cache/models/sentence-transformers/all-MiniLM-L6-v2/1110a243fdf4706b3f48f1d95db1a4f5529b4d41/config.json "HTTP/1.1 200 OK"
2026-09-10 15:37:34,999 | INFO    | HTTP Request: HEAD https://huggingface.co/sentence-transformers/all-MiniLM-L6-v2/resolve/main/config.json "HTTP/1.1 307 Temporary Redirect"
2026-09-10 15:37:35,001 | INFO    | HTTP Request: HEAD https://huggingface.co/api/resolve-cache/models/sentence-transformers/all-MiniLM-L6-v2/1110a243fdf4706b3f48f1d95db1a4f5529b4d41/config.json "HTTP/1.1 200 OK"
2026-09-10 15:37:35,050 | INFO    | HTTP Request: HEAD https://huggingface.co/sentence-transformers/all-MiniLM-L6-v2/resolve/main/adapter_config.json "HTTP/1.1 404 Not Found"
2026-09-10 15:37:35,103 | INFO    | HTTP Request: HEAD https://huggingface.co/api/resolve-cache/models/sentence-transformers/all-MiniLM-L6-v2/1110a243fdf4706b3f48f1d95db1a4f5529b4d41/config.json "HTTP/1.1 200 OK"
2026-09-10 15:37:35,104 | INFO    | HTTP Request: HEAD https://huggingface.co/api/resolve-cache/models/sentence-transformers/all-MiniLM-L6-v2/1110a243fdf4706b3f48f1d95db1a4f5529b4d41/config.json "HTTP/1.1 200 OK"
2026-09-10 15:37:35,198 | INFO    | HTTP Request: HEAD https://huggingface.co/sentence-transformers/all-MiniLM-L6-v2/resolve/main/adapter_config.json "HTTP/1.1 404 Not Found"
2026-09-10 15:37:35,304 | INFO    | HTTP Request: HEAD https://huggingface.co/sentence-transformers/all-MiniLM-L6-v2/resolve/main/config.json "HTTP/1.1 307 Temporary Redirect"
2026-09-10 15:37:35,336 | INFO    | HTTP Request: HEAD https://huggingface.co/sentence-transformers/all-MiniLM-L6-v2/resolve/main/config.json "HTTP/1.1 307 Temporary Redirect"
2026-09-10 15:37:35,411 | INFO    | HTTP Request: HEAD https://huggingface.co/sentence-transformers/all-MiniLM-L6-v2/resolve/main/config.json "HTTP/1.1 307 Temporary Redirect"
2026-09-10 15:37:35,413 | INFO    | HTTP Request: HEAD https://huggingface.co/api/resolve-cache/models/sentence-transformers/all-MiniLM-L6-v2/1110a243fdf4706b3f48f1d95db1a4f5529b4d41/config.json "HTTP/1.1 200 OK"
2026-09-10 15:37:35,436 | INFO    | HTTP Request: HEAD https://huggingface.co/sentence-transformers/all-MiniLM-L6-v2/resolve/main/config.json "HTTP/1.1 307 Temporary Redirect"
2026-09-10 15:37:35,437 | INFO    | HTTP Request: HEAD https://huggingface.co/api/resolve-cache/models/sentence-transformers/all-MiniLM-L6-v2/1110a243fdf4706b3f48f1d95db1a4f5529b4d41/config.json "HTTP/1.1 200 OK"
2026-09-10 15:37:35,438 | INFO    | HTTP Request: HEAD https://huggingface.co/sentence-transformers/all-MiniLM-L6-v2/resolve/main/tokenizer_config.json "HTTP/1.1 307 Temporary Redirect"
2026-09-10 15:37:35,541 | INFO    | HTTP Request: HEAD https://huggingface.co/sentence-transformers/all-MiniLM-L6-v2/resolve/main/config.json "HTTP/1.1 307 Temporary Redirect"
2026-09-10 15:37:35,541 | INFO    | HTTP Request: HEAD https://huggingface.co/api/resolve-cache/models/sentence-transformers/all-MiniLM-L6-v2/1110a243fdf4706b3f48f1d95db1a4f5529b4d41/tokenizer_config.json "HTTP/1.1 200 OK"
2026-09-10 15:37:35,542 | INFO    | HTTP Request: HEAD https://huggingface.co/api/resolve-cache/models/sentence-transformers/all-MiniLM-L6-v2/1110a243fdf4706b3f48f1d95db1a4f5529b4d41/config.json "HTTP/1.1 200 OK"
2026-09-10 15:37:35,586 | INFO    | HTTP Request: HEAD https://huggingface.co/api/resolve-cache/models/sentence-transformers/all-MiniLM-L6-v2/1110a243fdf4706b3f48f1d95db1a4f5529b4d41/config.json "HTTP/1.1 200 OK"
2026-09-10 15:37:35,761 | INFO    | HTTP Request: HEAD https://huggingface.co/sentence-transformers/all-MiniLM-L6-v2/resolve/main/tokenizer_config.json "HTTP/1.1 307 Temporary Redirect"
2026-09-10 15:37:35,883 | INFO    | HTTP Request: HEAD https://huggingface.co/sentence-transformers/all-MiniLM-L6-v2/resolve/main/tokenizer_config.json "HTTP/1.1 307 Temporary Redirect"
2026-09-10 15:37:36,034 | INFO    | HTTP Request: HEAD https://huggingface.co/api/resolve-cache/models/sentence-transformers/all-MiniLM-L6-v2/1110a243fdf4706b3f48f1d95db1a4f5529b4d41/tokenizer_config.json "HTTP/1.1 200 OK"
2026-09-10 15:37:36,043 | INFO    | HTTP Request: HEAD https://huggingface.co/api/resolve-cache/models/sentence-transformers/all-MiniLM-L6-v2/1110a243fdf4706b3f48f1d95db1a4f5529b4d41/config.json "HTTP/1.1 200 OK"
2026-09-10 15:37:36,056 | INFO    | HTTP Request: HEAD https://huggingface.co/api/resolve-cache/models/sentence-transformers/all-MiniLM-L6-v2/1110a243fdf4706b3f48f1d95db1a4f5529b4d41/tokenizer_config.json "HTTP/1.1 200 OK"
2026-09-10 15:37:36,218 | INFO    | HTTP Request: HEAD https://huggingface.co/sentence-transformers/all-MiniLM-L6-v2/resolve/main/tokenizer_config.json "HTTP/1.1 307 Temporary Redirect"
2026-09-10 15:37:36,225 | INFO    | HTTP Request: HEAD https://huggingface.co/sentence-transformers/all-MiniLM-L6-v2/resolve/main/processor_config.json "HTTP/1.1 404 Not Found"
2026-09-10 15:37:36,225 | INFO    | HTTP Request: GET https://huggingface.co/api/models/sentence-transformers/all-MiniLM-L6-v2/tree/main/additional_chat_templates?recursive=false&expand=false "HTTP/1.1 404 Not Found"
2026-09-10 15:37:36,606 | INFO    | HTTP Request: GET https://huggingface.co/api/models/sentence-transformers/all-MiniLM-L6-v2/tree/main/additional_chat_templates?recursive=false&expand=false "HTTP/1.1 404 Not Found"
2026-09-10 15:37:36,608 | INFO    | HTTP Request: GET https://huggingface.co/api/models/sentence-transformers/all-MiniLM-L6-v2/tree/main/additional_chat_templates?recursive=false&expand=false "HTTP/1.1 404 Not Found"
2026-09-10 15:37:36,608 | INFO    | HTTP Request: HEAD https://huggingface.co/sentence-transformers/all-MiniLM-L6-v2/resolve/main/processor_config.json "HTTP/1.1 404 Not Found"
2026-09-10 15:37:36,634 | INFO    | HTTP Request: HEAD https://huggingface.co/api/resolve-cache/models/sentence-transformers/all-MiniLM-L6-v2/1110a243fdf4706b3f48f1d95db1a4f5529b4d41/tokenizer_config.json "HTTP/1.1 200 OK"
2026-09-10 15:37:36,932 | INFO    | HTTP Request: HEAD https://huggingface.co/sentence-transformers/all-MiniLM-L6-v2/resolve/main/preprocessor_config.json "HTTP/1.1 404 Not Found"
2026-09-10 15:37:36,954 | INFO    | HTTP Request: GET https://huggingface.co/api/models/sentence-transformers/all-MiniLM-L6-v2/tree/main?recursive=true&expand=false "HTTP/1.1 200 OK"
2026-09-10 15:37:36,955 | INFO    | HTTP Request: GET https://huggingface.co/api/models/sentence-transformers/all-MiniLM-L6-v2/tree/main?recursive=true&expand=false "HTTP/1.1 200 OK"
2026-09-10 15:37:37,013 | INFO    | HTTP Request: GET https://huggingface.co/api/models/sentence-transformers/all-MiniLM-L6-v2/tree/main/additional_chat_templates?recursive=false&expand=false "HTTP/1.1 404 Not Found"
2026-09-10 15:37:37,017 | INFO    | HTTP Request: GET https://huggingface.co/api/models/sentence-transformers/all-MiniLM-L6-v2/tree/main?recursive=true&expand=false "HTTP/1.1 200 OK"
2026-09-10 15:37:37,042 | INFO    | HTTP Request: HEAD https://huggingface.co/sentence-transformers/all-MiniLM-L6-v2/resolve/main/preprocessor_config.json "HTTP/1.1 404 Not Found"
2026-09-10 15:37:37,352 | INFO    | HTTP Request: HEAD https://huggingface.co/sentence-transformers/all-MiniLM-L6-v2/resolve/main/video_preprocessor_config.json "HTTP/1.1 404 Not Found"
2026-09-10 15:37:37,514 | INFO    | HTTP Request: GET https://huggingface.co/api/models/sentence-transformers/all-MiniLM-L6-v2/tree/main?recursive=true&expand=false "HTTP/1.1 200 OK"
2026-09-10 15:37:37,656 | INFO    | HTTP Request: HEAD https://huggingface.co/sentence-transformers/all-MiniLM-L6-v2/resolve/main/video_preprocessor_config.json "HTTP/1.1 404 Not Found"
2026-09-10 15:37:37,657 | INFO    | HTTP Request: HEAD https://huggingface.co/sentence-transformers/all-MiniLM-L6-v2/resolve/main/1_Pooling/config.json "HTTP/1.1 307 Temporary Redirect"
2026-09-10 15:37:37,758 | INFO    | HTTP Request: HEAD https://huggingface.co/sentence-transformers/all-MiniLM-L6-v2/resolve/main/1_Pooling/config.json "HTTP/1.1 307 Temporary Redirect"
2026-09-10 15:37:37,760 | INFO    | HTTP Request: HEAD https://huggingface.co/sentence-transformers/all-MiniLM-L6-v2/resolve/main/1_Pooling/config.json "HTTP/1.1 307 Temporary Redirect"
2026-09-10 15:37:37,849 | INFO    | HTTP Request: HEAD https://huggingface.co/api/resolve-cache/models/sentence-transformers/all-MiniLM-L6-v2/1110a243fdf4706b3f48f1d95db1a4f5529b4d41/1_Pooling%2Fconfig.json "HTTP/1.1 200 OK"
2026-09-10 15:37:37,853 | INFO    | HTTP Request: HEAD https://huggingface.co/api/resolve-cache/models/sentence-transformers/all-MiniLM-L6-v2/1110a243fdf4706b3f48f1d95db1a4f5529b4d41/1_Pooling%2Fconfig.json "HTTP/1.1 200 OK"
2026-09-10 15:37:37,920 | INFO    | HTTP Request: HEAD https://huggingface.co/api/resolve-cache/models/sentence-transformers/all-MiniLM-L6-v2/1110a243fdf4706b3f48f1d95db1a4f5529b4d41/1_Pooling%2Fconfig.json "HTTP/1.1 200 OK"
2026-09-10 15:37:38,025 | INFO    | HTTP Request: HEAD https://huggingface.co/sentence-transformers/all-MiniLM-L6-v2/resolve/main/preprocessor_config.json "HTTP/1.1 404 Not Found"
2026-09-10 15:37:38,162 | INFO    | HTTP Request: HEAD https://huggingface.co/sentence-transformers/all-MiniLM-L6-v2/resolve/main/preprocessor_config.json "HTTP/1.1 404 Not Found"
2026-09-10 15:37:38,164 | INFO    | HTTP Request: HEAD https://huggingface.co/sentence-transformers/all-MiniLM-L6-v2/resolve/main/1_Pooling/config.json "HTTP/1.1 307 Temporary Redirect"
2026-09-10 15:37:38,258 | INFO    | HTTP Request: GET https://huggingface.co/api/models/sentence-transformers/all-MiniLM-L6-v2 "HTTP/1.1 200 OK"
2026-09-10 15:37:38,259 | INFO    | HTTP Request: GET https://huggingface.co/api/models/sentence-transformers/all-MiniLM-L6-v2 "HTTP/1.1 200 OK"
2026-09-10 15:37:38,268 | INFO    | HTTP Request: GET https://huggingface.co/api/models/sentence-transformers/all-MiniLM-L6-v2 "HTTP/1.1 200 OK"
2026-09-10 15:37:38,385 | INFO    | HTTP Request: HEAD https://huggingface.co/api/resolve-cache/models/sentence-transformers/all-MiniLM-L6-v2/1110a243fdf4706b3f48f1d95db1a4f5529b4d41/1_Pooling%2Fconfig.json "HTTP/1.1 200 OK"
2026-09-10 15:37:38,386 | INFO    | HTTP Request: HEAD https://huggingface.co/sentence-transformers/all-MiniLM-L6-v2/resolve/main/tokenizer_config.json "HTTP/1.1 307 Temporary Redirect"
2026-09-10 15:37:38,612 | INFO    | HTTP Request: HEAD https://huggingface.co/sentence-transformers/all-MiniLM-L6-v2/resolve/main/tokenizer_config.json "HTTP/1.1 307 Temporary Redirect"
2026-09-10 15:37:38,887 | INFO    | HTTP Request: HEAD https://huggingface.co/api/resolve-cache/models/sentence-transformers/all-MiniLM-L6-v2/1110a243fdf4706b3f48f1d95db1a4f5529b4d41/tokenizer_config.json "HTTP/1.1 200 OK"
2026-09-10 15:37:38,892 | INFO    | HTTP Request: HEAD https://huggingface.co/api/resolve-cache/models/sentence-transformers/all-MiniLM-L6-v2/1110a243fdf4706b3f48f1d95db1a4f5529b4d41/tokenizer_config.json "HTTP/1.1 200 OK"
2026-09-10 15:37:38,990 | INFO    | HTTP Request: GET https://huggingface.co/api/models/sentence-transformers/all-MiniLM-L6-v2 "HTTP/1.1 200 OK"
2026-09-10 15:37:39,384 | INFO    | HTTP Request: HEAD https://huggingface.co/sentence-transformers/all-MiniLM-L6-v2/resolve/main/config.json "HTTP/1.1 307 Temporary Redirect"
2026-09-10 15:37:39,387 | INFO    | HTTP Request: HEAD https://huggingface.co/sentence-transformers/all-MiniLM-L6-v2/resolve/main/config.json "HTTP/1.1 307 Temporary Redirect"
2026-09-10 15:37:39,524 | INFO    | HTTP Request: HEAD https://huggingface.co/api/resolve-cache/models/sentence-transformers/all-MiniLM-L6-v2/1110a243fdf4706b3f48f1d95db1a4f5529b4d41/config.json "HTTP/1.1 200 OK"
2026-09-10 15:37:39,588 | INFO    | HTTP Request: HEAD https://huggingface.co/api/resolve-cache/models/sentence-transformers/all-MiniLM-L6-v2/1110a243fdf4706b3f48f1d95db1a4f5529b4d41/config.json "HTTP/1.1 200 OK"
2026-09-10 15:37:39,899 | INFO    | HTTP Request: HEAD https://huggingface.co/sentence-transformers/all-MiniLM-L6-v2/resolve/main/config.json "HTTP/1.1 307 Temporary Redirect"
2026-09-10 15:37:40,140 | INFO    | HTTP Request: HEAD https://huggingface.co/api/resolve-cache/models/sentence-transformers/all-MiniLM-L6-v2/1110a243fdf4706b3f48f1d95db1a4f5529b4d41/config.json "HTTP/1.1 200 OK"
2026-09-10 15:37:40,145 | INFO    | HTTP Request: HEAD https://huggingface.co/sentence-transformers/all-MiniLM-L6-v2/resolve/main/config.json "HTTP/1.1 307 Temporary Redirect"
2026-09-10 15:37:40,503 | INFO    | HTTP Request: HEAD https://huggingface.co/api/resolve-cache/models/sentence-transformers/all-MiniLM-L6-v2/1110a243fdf4706b3f48f1d95db1a4f5529b4d41/config.json "HTTP/1.1 200 OK"
2026-09-10 15:37:40,730 | INFO    | HTTP Request: HEAD https://huggingface.co/sentence-transformers/all-MiniLM-L6-v2/resolve/main/tokenizer_config.json "HTTP/1.1 307 Temporary Redirect"
2026-09-10 15:37:40,979 | INFO    | HTTP Request: HEAD https://huggingface.co/sentence-transformers/all-MiniLM-L6-v2/resolve/main/tokenizer_config.json "HTTP/1.1 307 Temporary Redirect"
2026-09-10 15:37:41,225 | INFO    | RAG-grounded classification complete
2026-09-10 15:37:41,232 | INFO    | HTTP Request: HEAD https://huggingface.co/api/resolve-cache/models/sentence-transformers/all-MiniLM-L6-v2/1110a243fdf4706b3f48f1d95db1a4f5529b4d41/tokenizer_config.json "HTTP/1.1 200 OK"
2026-09-10 15:37:41,237 | INFO    | HTTP Request: HEAD https://huggingface.co/api/resolve-cache/models/sentence-transformers/all-MiniLM-L6-v2/1110a243fdf4706b3f48f1d95db1a4f5529b4d41/tokenizer_config.json "HTTP/1.1 200 OK"
2026-09-10 15:37:41,241 | INFO    | Classify request — alert keys: ['alert_id', 'timestamp', 'source', 'rule', 'category', 'raw_log', 'indicators', 'mitre_hint', 'status']
2026-09-10 15:37:41,588 | INFO    | HTTP Request: GET https://huggingface.co/api/models/sentence-transformers/all-MiniLM-L6-v2/tree/main/additional_chat_templates?recursive=false&expand=false "HTTP/1.1 404 Not Found"
2026-09-10 15:37:41,820 | INFO    | HTTP Request: GET https://huggingface.co/api/models/sentence-transformers/all-MiniLM-L6-v2/tree/main/additional_chat_templates?recursive=false&expand=false "HTTP/1.1 404 Not Found"
2026-09-10 15:37:41,889 | INFO    | Alert 1789034838.14177 auto-classified as MEDIUM (background)
2026-09-10 15:37:41,965 | INFO    | Alert 1789034838.13745 auto-classified as HIGH (background)
2026-09-10 15:37:41,977 | INFO    | Alert 1789034840.14732 auto-classified as MEDIUM (background)
2026-09-10 15:37:42,451 | INFO    | HTTP Request: GET https://huggingface.co/api/models/sentence-transformers/all-MiniLM-L6-v2/tree/main?recursive=true&expand=false "HTTP/1.1 200 OK"
2026-09-10 15:37:42,455 | INFO    | HTTP Request: GET https://huggingface.co/api/models/sentence-transformers/all-MiniLM-L6-v2/tree/main?recursive=true&expand=false "HTTP/1.1 200 OK"
2026-09-10 15:37:43,215 | INFO    | HTTP Request: HEAD https://huggingface.co/sentence-transformers/all-MiniLM-L6-v2/resolve/main/1_Pooling/config.json "HTTP/1.1 307 Temporary Redirect"
2026-09-10 15:37:43,219 | INFO    | HTTP Request: HEAD https://huggingface.co/sentence-transformers/all-MiniLM-L6-v2/resolve/main/1_Pooling/config.json "HTTP/1.1 307 Temporary Redirect"
2026-09-10 15:37:43,421 | INFO    | HTTP Request: HEAD https://huggingface.co/api/resolve-cache/models/sentence-transformers/all-MiniLM-L6-v2/1110a243fdf4706b3f48f1d95db1a4f5529b4d41/1_Pooling%2Fconfig.json "HTTP/1.1 200 OK"
2026-09-10 15:37:43,422 | INFO    | HTTP Request: HEAD https://huggingface.co/api/resolve-cache/models/sentence-transformers/all-MiniLM-L6-v2/1110a243fdf4706b3f48f1d95db1a4f5529b4d41/1_Pooling%2Fconfig.json "HTTP/1.1 200 OK"
2026-09-10 15:37:43,788 | INFO    | HTTP Request: GET https://huggingface.co/api/models/sentence-transformers/all-MiniLM-L6-v2 "HTTP/1.1 200 OK"
2026-09-10 15:37:44,215 | INFO    | HTTP Request: GET https://huggingface.co/api/models/sentence-transformers/all-MiniLM-L6-v2 "HTTP/1.1 200 OK"
2026-09-10 15:37:44,882 | INFO    | RAG-grounded classification complete
2026-09-10 15:37:44,891 | INFO    | Classify request — alert keys: ['alert_id', 'timestamp', 'source', 'rule', 'category', 'raw_log', 'indicators', 'mitre_hint', 'status']
2026-09-10 15:37:47,205 | INFO    | Alert 1789034846.15664 auto-classified as MEDIUM (background)
2026-09-10 15:37:47,938 | INFO    | RAG-grounded classification complete
2026-09-10 15:37:47,948 | INFO    | Classify request — alert keys: ['alert_id', 'timestamp', 'source', 'rule', 'category', 'raw_log', 'indicators', 'mitre_hint', 'status']
2026-09-10 15:37:47,956 | INFO    | Alert 1789034846.15232 auto-classified as HIGH (background)
2026-09-10 15:37:50,480 | INFO    | RAG-grounded classification complete
2026-09-10 15:37:50,491 | INFO    | Classify request — alert keys: ['alert_id', 'timestamp', 'source', 'rule', 'category', 'raw_log', 'indicators', 'mitre_hint', 'status']
2026-09-10 15:37:52,303 | INFO    | RAG-grounded classification complete
2026-09-10 15:40:16,259 | INFO    | Classify request — alert keys: ['alert_id', 'timestamp', 'source', 'rule', 'category', 'raw_log', 'indicators', 'mitre_hint', 'status']
2026-09-10 15:40:16,337 | INFO    | Alert saved: 1789035012.17657
2026-09-10 15:40:16,357 | INFO    | Alert saved: 1789035012.18089
2026-09-10 15:40:16,370 | INFO    | Alert saved: 1789035012.18644
2026-09-10 15:40:16,399 | INFO    | Alert saved: 1789035012.20618
2026-09-10 15:40:16,402 | INFO    | Alert saved: 1789035012.19076
2026-09-10 15:40:16,443 | INFO    | Alert saved: 1789035012.20063
2026-09-10 15:40:16,449 | INFO    | Alert saved: 1789035012.21050
2026-09-10 15:40:16,460 | INFO    | Alert saved: 1789035012.19508
2026-09-10 15:40:16,477 | INFO    | Alert saved: 1789035012.22037
2026-09-10 15:40:16,495 | INFO    | Alert saved: 1789035012.21605
2026-09-10 15:40:16,531 | INFO    | Alert saved: 1789035012.22469
2026-09-10 15:40:16,545 | INFO    | Alert saved: 1789035012.23888
2026-09-10 15:40:16,549 | INFO    | Alert saved: 1789035012.22901
2026-09-10 15:40:16,616 | INFO    | Alert saved: 1789035012.23456
2026-09-10 15:40:16,900 | INFO    | Alert saved: 1789035012.24875
2026-09-10 15:40:19,325 | INFO    | RAG-grounded classification complete
2026-09-10 15:40:19,330 | INFO    | Classify request — alert keys: ['alert_id', 'timestamp', 'source', 'rule', 'category', 'raw_log', 'indicators', 'mitre_hint', 'status']
2026-09-10 15:40:49,281 | WARNING | Background auto-classification failed for 1789035012.17657: QueuePool limit of size 5 overflow 10 reached, connection timed out, timeout 30.00 (Background on this error at: https://sqlalche.me/e/20/3o7r). Alert stays at its last saved severity; can be classified manually later.
2026-09-10 15:40:49,291 | INFO    | Alert saved: 1789035014.41219
2026-09-10 15:40:49,319 | INFO    | RAG-grounded classification complete
2026-09-10 15:40:49,331 | INFO    | Classify request — alert keys: ['alert_id', 'timestamp', 'source', 'rule', 'category', 'raw_log', 'indicators', 'mitre_hint', 'status']
2026-09-10 15:40:49,675 | WARNING | Background auto-classification failed for 1789035012.20063: QueuePool limit of size 5 overflow 10 reached, connection timed out, timeout 30.00 (Background on this error at: https://sqlalche.me/e/20/3o7r). Alert stays at its last saved severity; can be classified manually later.
2026-09-10 15:40:49,686 | INFO    | Alert saved: 1789035018.52767
2026-09-10 15:40:49,974 | WARNING | Background auto-classification failed for 1789035012.19508: QueuePool limit of size 5 overflow 10 reached, connection timed out, timeout 30.00 (Background on this error at: https://sqlalche.me/e/20/3o7r). Alert stays at its last saved severity; can be classified manually later.
2026-09-10 15:40:49,990 | INFO    | Alert 1789035012.21605 auto-classified as HIGH (background)
2026-09-10 15:40:49,999 | INFO    | Alert 1789035012.19076 auto-classified as MEDIUM (background)
2026-09-10 15:40:50,007 | INFO    | Alert 1789035012.18644 auto-classified as MEDIUM (background)
2026-09-10 15:40:50,010 | INFO    | Alert saved: 1789035018.54631
2026-09-10 15:40:50,012 | INFO    | Alert 1789035012.22037 auto-classified as HIGH (background)
2026-09-10 15:40:50,014 | INFO    | Alert 1789035012.22901 auto-classified as MEDIUM (background)
2026-09-10 15:40:50,027 | INFO    | Alert 1789035012.20618 auto-classified as MEDIUM (background)
2026-09-10 15:40:50,032 | INFO    | Alert 1789035012.23456 auto-classified as MEDIUM (background)
2026-09-10 15:40:50,041 | INFO    | Alert saved: 1789035018.54131
2026-09-10 15:40:50,053 | INFO    | Alert saved: 1789035020.57927
2026-09-10 15:40:50,060 | INFO    | Alert saved: 1789035014.42151
2026-09-10 15:40:50,060 | INFO    | Alert saved: 1789035014.41719
2026-09-10 15:40:50,060 | WARNING | Background auto-classification failed for 1789035012.18089: QueuePool limit of size 5 overflow 10 reached, connection timed out, timeout 30.00 (Background on this error at: https://sqlalche.me/e/20/3o7r). Alert stays at its last saved severity; can be classified manually later.
2026-09-10 15:40:50,060 | INFO    | Alert saved: 1789035014.44151
2026-09-10 15:40:50,060 | INFO    | Alert saved: 1789035014.39308
2026-09-10 15:40:50,067 | INFO    | Alert saved: 1789035014.43151
2026-09-10 15:40:50,071 | INFO    | Alert saved: 1789035016.47447
2026-09-10 15:40:50,572 | WARNING | Background auto-classification failed for 1789035012.22469: QueuePool limit of size 5 overflow 10 reached, connection timed out, timeout 30.00 (Background on this error at: https://sqlalche.me/e/20/3o7r). Alert stays at its last saved severity; can be classified manually later.
2026-09-10 15:40:50,585 | INFO    | Alert saved: 1789035018.49311
2026-09-10 15:40:50,783 | WARNING | Background auto-classification failed for 1789035012.21050: QueuePool limit of size 5 overflow 10 reached, connection timed out, timeout 30.00 (Background on this error at: https://sqlalche.me/e/20/3o7r). Alert stays at its last saved severity; can be classified manually later.
2026-09-10 15:40:50,783 | WARNING | Background auto-classification failed for 1789035012.23888: QueuePool limit of size 5 overflow 10 reached, connection timed out, timeout 30.00 (Background on this error at: https://sqlalche.me/e/20/3o7r). Alert stays at its last saved severity; can be classified manually later.
2026-09-10 15:40:50,804 | INFO    | Alert saved: 1789035018.48447
2026-09-10 15:40:50,805 | INFO    | Alert saved: 1789035018.48879
2026-09-10 15:41:19,320 | WARNING | Background auto-classification failed for 1789035012.24875: QueuePool limit of size 5 overflow 10 reached, connection timed out, timeout 30.00 (Background on this error at: https://sqlalche.me/e/20/3o7r). Alert stays at its last saved severity; can be classified manually later.
2026-09-10 15:41:19,365 | INFO    | Alert saved: 1789035018.53199
2026-09-10 15:41:49,421 | INFO    | Classify request — alert keys: ['alert_id', 'timestamp', 'source', 'rule', 'category', 'raw_log', 'indicators', 'mitre_hint', 'status']
2026-09-10 15:42:49,489 | INFO    | Classify request — alert keys: ['alert_id', 'timestamp', 'source', 'rule', 'category', 'raw_log', 'indicators', 'mitre_hint', 'status']
2026-09-10 15:43:49,556 | INFO    | Classify request — alert keys: ['alert_id', 'timestamp', 'source', 'rule', 'category', 'raw_log', 'indicators', 'mitre_hint', 'status']
2026-09-10 15:43:53,713 | INFO    | RAG-grounded classification complete
2026-09-10 15:43:55,822 | INFO    | RAG-grounded classification complete
2026-09-10 15:43:56,125 | INFO    | RAG-grounded classification complete
2026-09-10 15:44:11,349 | ERROR   | Classification failed: 429 You exceeded your current quota, please check your plan and billing details. For more information on this error, head to: https://ai.google.dev/gemini-api/docs/rate-limits. To monitor your current usage, head to: https://ai.dev/rate-limit. 
* Quota exceeded for metric: generativelanguage.googleapis.com/generate_content_free_tier_requests, limit: 15, model: gemini-3.5-flash-lite
Please retry in 48.630019458s. [links {
  description: "Learn more about Gemini API quotas"
  url: "https://ai.google.dev/gemini-api/docs/rate-limits"
}
, violations {
  quota_metric: "generativelanguage.googleapis.com/generate_content_free_tier_requests"
  quota_id: "GenerateRequestsPerMinutePerProjectPerModel-FreeTier"
  quota_dimensions {
    key: "model"
    value: "gemini-3.5-flash-lite"
  }
  quota_dimensions {
    key: "location"
    value: "global"
  }
  quota_value: 15
}
, retry_delay {
  seconds: 48
}
]
2026-09-10 15:44:11,369 | INFO    | Classify request — alert keys: ['alert_id', 'timestamp', 'source', 'rule', 'category', 'raw_log', 'indicators', 'mitre_hint', 'status']
2026-09-10 15:44:11,834 | WARNING | Background auto-classification failed for 1789035018.53199: 429 You exceeded your current quota, please check your plan and billing details. For more information on this error, head to: https://ai.google.dev/gemini-api/docs/rate-limits. To monitor your current usage, head to: https://ai.dev/rate-limit. 
* Quota exceeded for metric: generativelanguage.googleapis.com/generate_content_free_tier_requests, limit: 15, model: gemini-3.5-flash-lite
Please retry in 48.179029605s. [links {
  description: "Learn more about Gemini API quotas"
  url: "https://ai.google.dev/gemini-api/docs/rate-limits"
}
, violations {
  quota_metric: "generativelanguage.googleapis.com/generate_content_free_tier_requests"
  quota_id: "GenerateRequestsPerMinutePerProjectPerModel-FreeTier"
  quota_dimensions {
    key: "model"
    value: "gemini-3.5-flash-lite"
  }
  quota_dimensions {
    key: "location"
    value: "global"
  }
  quota_value: 15
}
, retry_delay {
  seconds: 48
}
]. Alert stays at its last saved severity; can be classified manually later.
2026-09-10 15:44:11,863 | INFO    | Alert saved: 1789035044.158462
2026-09-10 15:44:12,083 | WARNING | Background auto-classification failed for 1789035018.48879: 429 You exceeded your current quota, please check your plan and billing details. For more information on this error, head to: https://ai.google.dev/gemini-api/docs/rate-limits. To monitor your current usage, head to: https://ai.dev/rate-limit. 
* Quota exceeded for metric: generativelanguage.googleapis.com/generate_content_free_tier_requests, limit: 15, model: gemini-3.5-flash-lite
Please retry in 47.905551667s. [links {
  description: "Learn more about Gemini API quotas"
  url: "https://ai.google.dev/gemini-api/docs/rate-limits"
}
, violations {
  quota_metric: "generativelanguage.googleapis.com/generate_content_free_tier_requests"
  quota_id: "GenerateRequestsPerMinutePerProjectPerModel-FreeTier"
  quota_dimensions {
    key: "model"
    value: "gemini-3.5-flash-lite"
  }
  quota_dimensions {
    key: "location"
    value: "global"
  }
  quota_value: 15
}
, retry_delay {
  seconds: 47
}
]. Alert stays at its last saved severity; can be classified manually later.
2026-09-10 15:44:12,109 | INFO    | Alert saved: 1789035044.157528
2026-09-10 15:44:19,879 | WARNING | Background auto-classification failed for 1789035014.41219: QueuePool limit of size 5 overflow 10 reached, connection timed out, timeout 30.00 (Background on this error at: https://sqlalche.me/e/20/3o7r). Alert stays at its last saved severity; can be classified manually later.
2026-09-10 15:44:19,903 | INFO    | Alert saved: 1789035044.158869
2026-09-10 15:44:21,415 | WARNING | Background auto-classification failed for 1789035018.52767: QueuePool limit of size 5 overflow 10 reached, connection timed out, timeout 30.00 (Background on this error at: https://sqlalche.me/e/20/3o7r). Alert stays at its last saved severity; can be classified manually later.
2026-09-10 15:44:21,434 | INFO    | Alert 1789035018.54131 auto-classified as HIGH (background)
2026-09-10 15:44:21,441 | INFO    | Alert 1789035018.48447 auto-classified as MEDIUM (background)
2026-09-10 15:44:21,446 | INFO    | Alert 1789035014.39308 auto-classified as MEDIUM (background)
2026-09-10 15:44:21,450 | INFO    | Alert 1789035014.41719 auto-classified as MEDIUM (background)
2026-09-10 15:44:21,455 | INFO    | Alert 1789035014.43151 auto-classified as MEDIUM (background)
2026-09-10 15:44:21,455 | INFO    | Alert 1789035014.44151 auto-classified as HIGH (background)
2026-09-10 15:44:21,459 | INFO    | Alert 1789035018.49311 auto-classified as MEDIUM (background)
2026-09-10 15:44:21,463 | INFO    | Alert 1789035016.47447 auto-classified as HIGH (background)
2026-09-10 15:44:21,489 | INFO    | Alert 1789035014.42151 auto-classified as MEDIUM (background)
2026-09-10 15:44:21,490 | INFO    | Alert 1789035018.54631 auto-classified as MEDIUM (background)
2026-09-10 15:44:21,490 | INFO    | Alert 1789035020.57927 auto-classified as HIGH (background)
2026-09-10 15:44:28,974 | ERROR   | Classification failed: 429 You exceeded your current quota, please check your plan and billing details. For more information on this error, head to: https://ai.google.dev/gemini-api/docs/rate-limits. To monitor your current usage, head to: https://ai.dev/rate-limit. 
* Quota exceeded for metric: generativelanguage.googleapis.com/generate_content_free_tier_requests, limit: 15, model: gemini-3.5-flash-lite
Please retry in 31.086625161s. [links {
  description: "Learn more about Gemini API quotas"
  url: "https://ai.google.dev/gemini-api/docs/rate-limits"
}
, violations {
  quota_metric: "generativelanguage.googleapis.com/generate_content_free_tier_requests"
  quota_id: "GenerateRequestsPerMinutePerProjectPerModel-FreeTier"
  quota_dimensions {
    key: "model"
    value: "gemini-3.5-flash-lite"
  }
  quota_dimensions {
    key: "location"
    value: "global"
  }
  quota_value: 15
}
, retry_delay {
  seconds: 31
}
]
2026-09-10 15:44:28,990 | INFO    | Classify request — alert keys: ['alert_id', 'timestamp', 'source', 'rule', 'category', 'raw_log', 'indicators', 'mitre_hint', 'status']
2026-09-10 15:44:29,726 | WARNING | Background auto-classification failed for 1789035044.157528: 429 You exceeded your current quota, please check your plan and billing details. For more information on this error, head to: https://ai.google.dev/gemini-api/docs/rate-limits. To monitor your current usage, head to: https://ai.dev/rate-limit. 
* Quota exceeded for metric: generativelanguage.googleapis.com/generate_content_free_tier_requests, limit: 15, model: gemini-3.5-flash-lite
Please retry in 30.350962667s. [links {
  description: "Learn more about Gemini API quotas"
  url: "https://ai.google.dev/gemini-api/docs/rate-limits"
}
, violations {
  quota_metric: "generativelanguage.googleapis.com/generate_content_free_tier_requests"
  quota_id: "GenerateRequestsPerMinutePerProjectPerModel-FreeTier"
  quota_dimensions {
    key: "model"
    value: "gemini-3.5-flash-lite"
  }
  quota_dimensions {
    key: "location"
    value: "global"
  }
  quota_value: 15
}
, retry_delay {
  seconds: 30
}
]. Alert stays at its last saved severity; can be classified manually later.
2026-09-10 15:44:29,835 | WARNING | Background auto-classification failed for 1789035044.158462: 429 You exceeded your current quota, please check your plan and billing details. For more information on this error, head to: https://ai.google.dev/gemini-api/docs/rate-limits. To monitor your current usage, head to: https://ai.dev/rate-limit. 
* Quota exceeded for metric: generativelanguage.googleapis.com/generate_content_free_tier_requests, limit: 15, model: gemini-3.5-flash-lite
Please retry in 30.180236231s. [links {
  description: "Learn more about Gemini API quotas"
  url: "https://ai.google.dev/gemini-api/docs/rate-limits"
}
, violations {
  quota_metric: "generativelanguage.googleapis.com/generate_content_free_tier_requests"
  quota_id: "GenerateRequestsPerMinutePerProjectPerModel-FreeTier"
  quota_dimensions {
    key: "model"
    value: "gemini-3.5-flash-lite"
  }
  quota_dimensions {
    key: "location"
    value: "global"
  }
  quota_value: 15
}
, retry_delay {
  seconds: 30
}
]. Alert stays at its last saved severity; can be classified manually later.
2026-09-10 15:44:36,938 | WARNING | Background auto-classification failed for 1789035044.158869: 429 You exceeded your current quota, please check your plan and billing details. For more information on this error, head to: https://ai.google.dev/gemini-api/docs/rate-limits. To monitor your current usage, head to: https://ai.dev/rate-limit. 
* Quota exceeded for metric: generativelanguage.googleapis.com/generate_content_free_tier_requests, limit: 15, model: gemini-3.5-flash-lite
Please retry in 23.0985135s. [links {
  description: "Learn more about Gemini API quotas"
  url: "https://ai.google.dev/gemini-api/docs/rate-limits"
}
, violations {
  quota_metric: "generativelanguage.googleapis.com/generate_content_free_tier_requests"
  quota_id: "GenerateRequestsPerMinutePerProjectPerModel-FreeTier"
  quota_dimensions {
    key: "model"
    value: "gemini-3.5-flash-lite"
  }
  quota_dimensions {
    key: "location"
    value: "global"
  }
  quota_value: 15
}
, retry_delay {
  seconds: 23
}
]. Alert stays at its last saved severity; can be classified manually later.
2026-09-10 15:44:48,018 | INFO    | RAG-grounded classification complete
2026-09-10 15:44:48,038 | INFO    | Classify request — alert keys: ['alert_id', 'timestamp', 'source', 'rule', 'category', 'raw_log', 'indicators', 'mitre_hint', 'status']
2026-09-10 15:44:50,617 | INFO    | RAG-grounded classification complete
2026-09-10 15:44:50,625 | INFO    | Classify request — alert keys: ['alert_id', 'timestamp', 'source', 'rule', 'category', 'raw_log', 'indicators', 'mitre_hint', 'status']
2026-09-10 15:44:55,030 | INFO    | RAG-grounded classification complete
2026-09-10 15:44:55,042 | INFO    | Classify request — alert keys: ['alert_id', 'timestamp', 'source', 'rule', 'category', 'raw_log', 'indicators', 'mitre_hint', 'status']
2026-09-10 15:44:58,445 | INFO    | RAG-grounded classification complete
2026-09-10 15:44:58,454 | INFO    | Classify request — alert keys: ['alert_id', 'timestamp', 'source', 'rule', 'category', 'raw_log', 'indicators', 'mitre_hint', 'status']
2026-09-10 15:45:00,851 | INFO    | RAG-grounded classification complete
2026-09-10 15:45:00,864 | INFO    | Classify request — alert keys: ['alert_id', 'timestamp', 'source', 'rule', 'category', 'raw_log', 'indicators', 'mitre_hint', 'status']
2026-09-10 15:45:03,383 | INFO    | RAG-grounded classification complete
2026-09-10 15:45:03,393 | INFO    | Classify request — alert keys: ['alert_id', 'timestamp', 'source', 'rule', 'category', 'raw_log', 'indicators', 'mitre_hint', 'status']
2026-09-10 15:45:05,670 | INFO    | RAG-grounded classification complete
2026-09-10 15:45:05,684 | INFO    | Classify request — alert keys: ['alert_id', 'timestamp', 'source', 'rule', 'category', 'raw_log', 'indicators', 'mitre_hint', 'status']
2026-09-10 15:45:07,750 | INFO    | RAG-grounded classification complete
2026-09-10 15:45:07,756 | INFO    | Classify request — alert keys: ['alert_id', 'timestamp', 'source', 'rule', 'category', 'raw_log', 'indicators', 'mitre_hint', 'status']
2026-09-10 15:45:10,379 | INFO    | RAG-grounded classification complete
2026-09-10 15:45:10,388 | INFO    | Classify request — alert keys: ['alert_id', 'timestamp', 'source', 'rule', 'category', 'raw_log', 'indicators', 'mitre_hint', 'status']
2026-09-10 15:45:12,823 | INFO    | RAG-grounded classification complete
2026-09-10 15:45:12,829 | INFO    | Classify request — alert keys: ['alert_id', 'timestamp', 'source', 'rule', 'category', 'raw_log', 'indicators', 'mitre_hint', 'status']
2026-09-10 15:45:15,005 | INFO    | RAG-grounded classification complete
2026-09-10 15:45:15,015 | INFO    | Classify request — alert keys: ['alert_id', 'timestamp', 'source', 'rule', 'category', 'raw_log', 'indicators', 'mitre_hint', 'status']
2026-09-10 15:45:17,246 | INFO    | RAG-grounded classification complete
2026-09-10 15:45:17,253 | INFO    | Classify request — alert keys: ['alert_id', 'timestamp', 'source', 'rule', 'category', 'raw_log', 'indicators', 'mitre_hint', 'status']
2026-09-10 15:45:19,969 | INFO    | RAG-grounded classification complete
2026-09-10 15:45:19,973 | INFO    | Classify request — alert keys: ['alert_id', 'timestamp', 'source', 'rule', 'category', 'raw_log', 'indicators', 'mitre_hint', 'status']
2026-09-10 15:45:22,982 | INFO    | RAG-grounded classification complete
2026-09-10 15:45:22,992 | INFO    | Classify request — alert keys: ['alert_id', 'timestamp', 'source', 'rule', 'category', 'raw_log', 'indicators', 'mitre_hint', 'status']
2026-09-10 15:45:25,437 | INFO    | RAG-grounded classification complete
2026-09-10 15:45:25,440 | INFO    | Classify request — alert keys: ['alert_id', 'timestamp', 'source', 'rule', 'category', 'raw_log', 'indicators', 'mitre_hint', 'status']
2026-09-10 15:45:27,924 | INFO    | RAG-grounded classification complete
2026-09-10 15:45:27,938 | INFO    | Classify request — alert keys: ['alert_id', 'timestamp', 'source', 'rule', 'category', 'raw_log', 'indicators', 'mitre_hint', 'status']
2026-09-10 15:45:45,930 | INFO    | RAG-grounded classification complete
2026-09-10 15:45:45,942 | INFO    | Classify request — alert keys: ['alert_id', 'timestamp', 'source', 'rule', 'category', 'raw_log', 'indicators', 'mitre_hint', 'status']
2026-09-10 15:45:49,218 | INFO    | RAG-grounded classification complete
2026-09-10 15:45:49,224 | INFO    | Classify request — alert keys: ['alert_id', 'timestamp', 'source', 'rule', 'category', 'raw_log', 'indicators', 'mitre_hint', 'status']
2026-09-10 15:45:51,089 | INFO    | RAG-grounded classification complete
2026-09-10 15:45:51,099 | INFO    | Classify request — alert keys: ['alert_id', 'timestamp', 'source', 'rule', 'category', 'raw_log', 'indicators', 'mitre_hint', 'status']
2026-09-10 15:45:53,509 | INFO    | RAG-grounded classification complete
2026-09-10 15:45:53,513 | INFO    | Classify request — alert keys: ['alert_id', 'timestamp', 'source', 'rule', 'category', 'raw_log', 'indicators', 'mitre_hint', 'status']
2026-09-10 15:45:56,280 | INFO    | RAG-grounded classification complete
2026-09-10 15:45:56,290 | INFO    | Classify request — alert keys: ['alert_id', 'timestamp', 'source', 'rule', 'category', 'raw_log', 'indicators', 'mitre_hint', 'status']
2026-09-10 15:45:58,841 | INFO    | RAG-grounded classification complete
2026-09-10 15:45:58,858 | INFO    | Classify request — alert keys: ['alert_id', 'timestamp', 'source', 'rule', 'category', 'raw_log', 'indicators', 'mitre_hint', 'status']
2026-09-10 15:46:01,507 | INFO    | RAG-grounded classification complete
2026-09-10 15:46:01,528 | INFO    | Classify request — alert keys: ['alert_id', 'timestamp', 'source', 'rule', 'category', 'raw_log', 'indicators', 'mitre_hint', 'status']
2026-09-10 15:46:03,576 | INFO    | RAG-grounded classification complete
2026-09-10 15:46:03,583 | INFO    | Classify request — alert keys: ['alert_id', 'timestamp', 'source', 'rule', 'category', 'raw_log', 'indicators', 'mitre_hint', 'status']
2026-09-10 15:46:06,525 | INFO    | RAG-grounded classification complete
2026-09-10 15:46:06,533 | INFO    | Classify request — alert keys: ['alert_id', 'timestamp', 'source', 'rule', 'category', 'raw_log', 'indicators', 'mitre_hint', 'status']
2026-09-10 15:46:09,706 | INFO    | RAG-grounded classification complete
2026-09-10 15:46:09,719 | INFO    | Classify request — alert keys: ['alert_id', 'timestamp', 'source', 'rule', 'category', 'raw_log', 'indicators', 'mitre_hint', 'status']
2026-09-10 15:46:11,747 | INFO    | RAG-grounded classification complete
2026-09-10 15:46:11,757 | INFO    | Classify request — alert keys: ['alert_id', 'timestamp', 'source', 'rule', 'category', 'raw_log', 'indicators', 'mitre_hint', 'status']
2026-09-10 15:46:14,313 | INFO    | RAG-grounded classification complete
2026-09-10 15:46:14,318 | INFO    | Classify request — alert keys: ['alert_id', 'timestamp', 'source', 'rule', 'category', 'raw_log', 'indicators', 'mitre_hint', 'status']
2026-09-10 15:46:16,470 | INFO    | RAG-grounded classification complete
2026-09-10 15:46:16,482 | INFO    | Classify request — alert keys: ['alert_id', 'timestamp', 'source', 'rule', 'category', 'raw_log', 'indicators', 'mitre_hint', 'status']
2026-09-10 15:46:18,912 | INFO    | RAG-grounded classification complete
2026-09-10 15:46:18,921 | INFO    | Classify request — alert keys: ['alert_id', 'timestamp', 'source', 'rule', 'category', 'raw_log', 'indicators', 'mitre_hint', 'status']
2026-09-10 15:46:21,364 | INFO    | RAG-grounded classification complete
2026-09-10 15:46:21,370 | INFO    | Classify request — alert keys: ['alert_id', 'timestamp', 'source', 'rule', 'category', 'raw_log', 'indicators', 'mitre_hint', 'status']
2026-09-10 15:46:23,154 | INFO    | RAG-grounded classification complete
2026-09-10 15:46:23,171 | INFO    | Classify request — alert keys: ['alert_id', 'timestamp', 'source', 'rule', 'category', 'raw_log', 'indicators', 'mitre_hint', 'status']
2026-09-10 15:46:41,401 | INFO    | RAG-grounded classification complete
2026-09-10 15:46:41,414 | INFO    | Classify request — alert keys: ['alert_id', 'timestamp', 'source', 'rule', 'category', 'raw_log', 'indicators', 'mitre_hint', 'status']
2026-09-10 15:46:43,491 | INFO    | RAG-grounded classification complete
2026-09-10 15:46:43,500 | INFO    | Classify request — alert keys: ['alert_id', 'timestamp', 'source', 'rule', 'category', 'raw_log', 'indicators', 'mitre_hint', 'status']
2026-09-10 15:46:45,397 | INFO    | RAG-grounded classification complete
2026-09-10 15:46:45,404 | INFO    | Classify request — alert keys: ['alert_id', 'timestamp', 'source', 'rule', 'category', 'raw_log', 'indicators', 'mitre_hint', 'status']
2026-09-10 15:46:47,573 | INFO    | RAG-grounded classification complete
2026-09-10 15:46:47,581 | INFO    | Classify request — alert keys: ['alert_id', 'timestamp', 'source', 'rule', 'category', 'raw_log', 'indicators', 'mitre_hint', 'status']
2026-09-10 15:46:50,037 | INFO    | RAG-grounded classification complete
2026-09-10 15:46:50,073 | INFO    | Classify request — alert keys: ['alert_id', 'timestamp', 'source', 'rule', 'category', 'raw_log', 'indicators', 'mitre_hint', 'status']
2026-09-10 15:46:52,088 | INFO    | RAG-grounded classification complete
2026-09-10 15:46:52,096 | INFO    | Classify request — alert keys: ['alert_id', 'timestamp', 'source', 'rule', 'category', 'raw_log', 'indicators', 'mitre_hint', 'status']
2026-09-10 15:46:54,345 | INFO    | RAG-grounded classification complete
2026-09-10 15:46:54,360 | INFO    | Classify request — alert keys: ['alert_id', 'timestamp', 'source', 'rule', 'category', 'raw_log', 'indicators', 'mitre_hint', 'status']
2026-09-10 15:46:56,793 | INFO    | RAG-grounded classification complete
2026-09-10 15:46:56,829 | INFO    | Classify request — alert keys: ['alert_id', 'timestamp', 'source', 'rule', 'category', 'raw_log', 'indicators', 'mitre_hint', 'status']
2026-09-10 15:46:59,449 | INFO    | RAG-grounded classification complete
2026-09-10 15:46:59,461 | INFO    | Classify request — alert keys: ['alert_id', 'timestamp', 'source', 'rule', 'category', 'raw_log', 'indicators', 'mitre_hint', 'status']
2026-09-10 15:47:01,725 | INFO    | RAG-grounded classification complete
2026-09-10 15:47:01,730 | INFO    | Classify request — alert keys: ['alert_id', 'timestamp', 'source', 'rule', 'category', 'raw_log', 'indicators', 'mitre_hint', 'status']
2026-09-10 15:47:04,374 | INFO    | RAG-grounded classification complete
2026-09-10 15:47:04,382 | INFO    | Classify request — alert keys: ['alert_id', 'timestamp', 'source', 'rule', 'category', 'raw_log', 'indicators', 'mitre_hint', 'status']
2026-09-10 15:47:06,739 | INFO    | RAG-grounded classification complete
2026-09-10 15:47:06,743 | INFO    | Classify request — alert keys: ['alert_id', 'timestamp', 'source', 'rule', 'category', 'raw_log', 'indicators', 'mitre_hint', 'status']
2026-09-10 15:47:09,144 | INFO    | RAG-grounded classification complete
2026-09-10 15:47:09,148 | INFO    | Classify request — alert keys: ['alert_id', 'timestamp', 'source', 'rule', 'category', 'raw_log', 'indicators', 'mitre_hint', 'status']
2026-09-10 15:47:11,551 | INFO    | RAG-grounded classification complete
2026-09-10 15:47:11,562 | INFO    | Classify request — alert keys: ['alert_id', 'timestamp', 'source', 'rule', 'category', 'raw_log', 'indicators', 'mitre_hint', 'status']
2026-09-10 15:47:13,929 | INFO    | RAG-grounded classification complete
2026-09-10 15:47:13,933 | INFO    | Classify request — alert keys: ['alert_id', 'timestamp', 'source', 'rule', 'category', 'raw_log', 'indicators', 'mitre_hint', 'status']
2026-09-10 15:47:16,575 | INFO    | RAG-grounded classification complete
2026-09-10 15:47:16,579 | INFO    | Classify request — alert keys: ['alert_id', 'timestamp', 'source', 'rule', 'category', 'raw_log', 'indicators', 'mitre_hint', 'status']
2026-09-10 15:47:33,959 | ERROR   | Classification failed: 429 You exceeded your current quota, please check your plan and billing details. For more information on this error, head to: https://ai.google.dev/gemini-api/docs/rate-limits. To monitor your current usage, head to: https://ai.dev/rate-limit. 
* Quota exceeded for metric: generativelanguage.googleapis.com/generate_content_free_tier_requests, limit: 15, model: gemini-3.5-flash-lite
Please retry in 26.17310386s. [links {
  description: "Learn more about Gemini API quotas"
  url: "https://ai.google.dev/gemini-api/docs/rate-limits"
}
, violations {
  quota_metric: "generativelanguage.googleapis.com/generate_content_free_tier_requests"
  quota_id: "GenerateRequestsPerMinutePerProjectPerModel-FreeTier"
  quota_dimensions {
    key: "model"
    value: "gemini-3.5-flash-lite"
  }
  quota_dimensions {
    key: "location"
    value: "global"
  }
  quota_value: 15
}
, retry_delay {
  seconds: 26
}
]
2026-09-10 15:47:33,967 | INFO    | Classify request — alert keys: ['alert_id', 'timestamp', 'source', 'rule', 'category', 'raw_log', 'indicators', 'mitre_hint', 'status']
2026-09-10 15:47:42,080 | INFO    | RAG-grounded classification complete
2026-09-10 15:47:42,093 | INFO    | Classify request — alert keys: ['alert_id', 'timestamp', 'source', 'rule', 'category', 'raw_log', 'indicators', 'mitre_hint', 'status']
2026-09-10 15:47:44,511 | INFO    | RAG-grounded classification complete
2026-09-10 15:47:44,517 | INFO    | Classify request — alert keys: ['alert_id', 'timestamp', 'source', 'rule', 'category', 'raw_log', 'indicators', 'mitre_hint', 'status']
2026-09-10 15:47:46,864 | INFO    | RAG-grounded classification complete
2026-09-10 15:47:46,868 | INFO    | Classify request — alert keys: ['alert_id', 'timestamp', 'source', 'rule', 'category', 'raw_log', 'indicators', 'mitre_hint', 'status']
2026-09-10 15:47:49,233 | INFO    | RAG-grounded classification complete
2026-09-10 15:47:49,239 | INFO    | Classify request — alert keys: ['alert_id', 'timestamp', 'source', 'rule', 'category', 'raw_log', 'indicators', 'mitre_hint', 'status']
2026-09-10 15:47:51,521 | INFO    | RAG-grounded classification complete
2026-09-10 15:47:51,528 | INFO    | Classify request — alert keys: ['alert_id', 'timestamp', 'source', 'rule', 'category', 'raw_log', 'indicators', 'mitre_hint', 'status']
2026-09-10 15:47:53,624 | INFO    | RAG-grounded classification complete
2026-09-10 15:47:53,628 | INFO    | Classify request — alert keys: ['alert_id', 'timestamp', 'source', 'rule', 'category', 'raw_log', 'indicators', 'mitre_hint', 'status']
2026-09-10 15:47:56,385 | INFO    | RAG-grounded classification complete
2026-09-10 15:47:56,401 | INFO    | Classify request — alert keys: ['alert_id', 'timestamp', 'source', 'rule', 'category', 'raw_log', 'indicators', 'mitre_hint', 'status']
2026-09-10 15:47:58,441 | INFO    | RAG-grounded classification complete
2026-09-10 15:47:58,457 | INFO    | Classify request — alert keys: ['alert_id', 'timestamp', 'source', 'rule', 'category', 'raw_log', 'indicators', 'mitre_hint', 'status']
2026-09-10 15:48:00,706 | INFO    | RAG-grounded classification complete
2026-09-10 15:48:00,711 | INFO    | Classify request — alert keys: ['alert_id', 'timestamp', 'source', 'rule', 'category', 'raw_log', 'indicators', 'mitre_hint', 'status']
2026-09-10 15:48:02,741 | INFO    | RAG-grounded classification complete
2026-09-10 15:48:02,746 | INFO    | Classify request — alert keys: ['alert_id', 'timestamp', 'source', 'rule', 'category', 'raw_log', 'indicators', 'mitre_hint', 'status']
2026-09-10 15:48:04,805 | INFO    | RAG-grounded classification complete
2026-09-10 15:48:04,824 | INFO    | Classify request — alert keys: ['alert_id', 'timestamp', 'source', 'rule', 'category', 'raw_log', 'indicators', 'mitre_hint', 'status']
2026-09-10 15:48:07,033 | INFO    | RAG-grounded classification complete
2026-09-10 15:48:07,041 | INFO    | Classify request — alert keys: ['alert_id', 'timestamp', 'source', 'rule', 'category', 'raw_log', 'indicators', 'mitre_hint', 'status']
2026-09-10 15:48:08,798 | INFO    | RAG-grounded classification complete
2026-09-10 15:48:08,806 | INFO    | Classify request — alert keys: ['alert_id', 'timestamp', 'source', 'rule', 'category', 'raw_log', 'indicators', 'mitre_hint', 'status']
2026-09-10 15:48:11,138 | INFO    | RAG-grounded classification complete
2026-09-10 15:48:11,158 | INFO    | Classify request — alert keys: ['alert_id', 'timestamp', 'source', 'rule', 'category', 'raw_log', 'indicators', 'mitre_hint', 'status']
2026-09-10 15:48:13,193 | INFO    | RAG-grounded classification complete
2026-09-10 15:48:13,207 | INFO    | Classify request — alert keys: ['alert_id', 'timestamp', 'source', 'rule', 'category', 'raw_log', 'indicators', 'mitre_hint', 'status']
2026-09-10 15:48:15,345 | INFO    | RAG-grounded classification complete
2026-09-10 15:48:15,356 | INFO    | Classify request — alert keys: ['alert_id', 'timestamp', 'source', 'rule', 'category', 'raw_log', 'indicators', 'mitre_hint', 'status']
2026-09-10 15:48:32,444 | ERROR   | Classification failed: 429 You exceeded your current quota, please check your plan and billing details. For more information on this error, head to: https://ai.google.dev/gemini-api/docs/rate-limits. To monitor your current usage, head to: https://ai.dev/rate-limit. 
* Quota exceeded for metric: generativelanguage.googleapis.com/generate_content_free_tier_requests, limit: 15, model: gemini-3.5-flash-lite
Please retry in 27.879223457s. [links {
  description: "Learn more about Gemini API quotas"
  url: "https://ai.google.dev/gemini-api/docs/rate-limits"
}
, violations {
  quota_metric: "generativelanguage.googleapis.com/generate_content_free_tier_requests"
  quota_id: "GenerateRequestsPerMinutePerProjectPerModel-FreeTier"
  quota_dimensions {
    key: "model"
    value: "gemini-3.5-flash-lite"
  }
  quota_dimensions {
    key: "location"
    value: "global"
  }
  quota_value: 15
}
, retry_delay {
  seconds: 27
}
]
2026-09-10 15:48:32,451 | INFO    | Classify request — alert keys: ['alert_id', 'timestamp', 'source', 'rule', 'category', 'raw_log', 'indicators', 'mitre_hint', 'status']
2026-09-10 15:48:51,085 | INFO    | RAG-grounded classification complete
2026-09-10 15:48:51,094 | INFO    | Classify request — alert keys: ['alert_id', 'timestamp', 'source', 'rule', 'category', 'raw_log', 'indicators', 'mitre_hint', 'status']
2026-09-10 15:48:53,540 | INFO    | RAG-grounded classification complete
2026-09-10 15:48:53,549 | INFO    | Classify request — alert keys: ['alert_id', 'timestamp', 'source', 'rule', 'category', 'raw_log', 'indicators', 'mitre_hint', 'status']
2026-09-10 15:48:56,523 | INFO    | RAG-grounded classification complete
2026-09-10 15:48:56,532 | INFO    | Classify request — alert keys: ['alert_id', 'timestamp', 'source', 'rule', 'category', 'raw_log', 'indicators', 'mitre_hint', 'status']
2026-09-10 15:48:58,451 | INFO    | RAG-grounded classification complete
2026-09-10 15:48:58,464 | INFO    | Classify request — alert keys: ['alert_id', 'timestamp', 'source', 'rule', 'category', 'raw_log', 'indicators', 'mitre_hint', 'status']
2026-09-10 15:49:00,261 | INFO    | RAG-grounded classification complete
2026-09-10 15:49:00,265 | INFO    | Classify request — alert keys: ['alert_id', 'timestamp', 'source', 'rule', 'category', 'raw_log', 'indicators', 'mitre_hint', 'status']
2026-09-10 15:49:02,545 | INFO    | RAG-grounded classification complete
2026-09-10 15:49:02,550 | INFO    | Classify request — alert keys: ['alert_id', 'timestamp', 'source', 'rule', 'category', 'raw_log', 'indicators', 'mitre_hint', 'status']
2026-09-10 15:49:05,137 | INFO    | RAG-grounded classification complete
2026-09-10 15:49:05,146 | INFO    | Classify request — alert keys: ['alert_id', 'timestamp', 'source', 'rule', 'category', 'raw_log', 'indicators', 'mitre_hint', 'status']
2026-09-10 15:49:07,558 | INFO    | RAG-grounded classification complete
2026-09-10 15:49:07,566 | INFO    | Classify request — alert keys: ['alert_id', 'timestamp', 'source', 'rule', 'category', 'raw_log', 'indicators', 'mitre_hint', 'status']
2026-09-10 15:49:09,823 | INFO    | RAG-grounded classification complete
2026-09-10 15:49:09,833 | INFO    | Classify request — alert keys: ['alert_id', 'timestamp', 'source', 'rule', 'category', 'raw_log', 'indicators', 'mitre_hint', 'status']
2026-09-10 15:49:12,369 | INFO    | RAG-grounded classification complete
2026-09-10 15:49:12,396 | INFO    | Classify request — alert keys: ['alert_id', 'timestamp', 'source', 'rule', 'category', 'raw_log', 'indicators', 'mitre_hint', 'status']
2026-09-10 15:49:14,440 | INFO    | RAG-grounded classification complete
2026-09-10 15:49:14,447 | INFO    | Classify request — alert keys: ['alert_id', 'timestamp', 'source', 'rule', 'category', 'raw_log', 'indicators', 'mitre_hint', 'status']
2026-09-10 15:49:17,495 | INFO    | RAG-grounded classification complete
2026-09-10 15:49:17,500 | INFO    | Classify request — alert keys: ['alert_id', 'timestamp', 'source', 'rule', 'category', 'raw_log', 'indicators', 'mitre_hint', 'status']
2026-09-10 15:49:19,748 | INFO    | RAG-grounded classification complete
2026-09-10 15:49:19,753 | INFO    | Classify request — alert keys: ['alert_id', 'timestamp', 'source', 'rule', 'category', 'raw_log', 'indicators', 'mitre_hint', 'status']
2026-09-10 15:49:22,103 | INFO    | RAG-grounded classification complete
2026-09-10 15:49:22,149 | INFO    | Classify request — alert keys: ['alert_id', 'timestamp', 'source', 'rule', 'category', 'raw_log', 'indicators', 'mitre_hint', 'status']
2026-09-10 15:49:25,186 | INFO    | RAG-grounded classification complete
2026-09-10 15:49:25,192 | INFO    | Classify request — alert keys: ['alert_id', 'timestamp', 'source', 'rule', 'category', 'raw_log', 'indicators', 'mitre_hint', 'status']
2026-09-10 15:49:27,424 | INFO    | RAG-grounded classification complete
2026-09-10 15:49:27,431 | INFO    | Classify request — alert keys: ['alert_id', 'timestamp', 'source', 'rule', 'category', 'raw_log', 'indicators', 'mitre_hint', 'status']
2026-09-10 15:49:46,200 | INFO    | RAG-grounded classification complete
2026-09-10 15:49:46,209 | INFO    | Classify request — alert keys: ['alert_id', 'timestamp', 'source', 'rule', 'category', 'raw_log', 'indicators', 'mitre_hint', 'status']
2026-09-10 15:49:48,830 | INFO    | RAG-grounded classification complete
2026-09-10 15:49:48,841 | INFO    | Classify request — alert keys: ['alert_id', 'timestamp', 'source', 'rule', 'category', 'raw_log', 'indicators', 'mitre_hint', 'status']
2026-09-10 15:49:50,822 | INFO    | RAG-grounded classification complete
2026-09-10 15:49:50,825 | INFO    | Classify request — alert keys: ['alert_id', 'timestamp', 'source', 'rule', 'category', 'raw_log', 'indicators', 'mitre_hint', 'status']
2026-09-10 15:49:55,863 | INFO    | RAG-grounded classification complete
2026-09-10 15:49:55,873 | INFO    | Classify request — alert keys: ['alert_id', 'timestamp', 'source', 'rule', 'category', 'raw_log', 'indicators', 'mitre_hint', 'status']
2026-09-10 15:49:59,960 | INFO    | RAG-grounded classification complete
2026-09-10 15:49:59,964 | INFO    | Classify request — alert keys: ['alert_id', 'timestamp', 'source', 'rule', 'category', 'raw_log', 'indicators', 'mitre_hint', 'status']
2026-09-10 15:50:04,155 | INFO    | RAG-grounded classification complete
2026-09-10 15:50:04,167 | INFO    | Classify request — alert keys: ['alert_id', 'timestamp', 'source', 'rule', 'category', 'raw_log', 'indicators', 'mitre_hint', 'status']
2026-09-10 15:50:08,005 | INFO    | RAG-grounded classification complete
2026-09-10 15:50:08,009 | INFO    | Classify request — alert keys: ['alert_id', 'timestamp', 'source', 'rule', 'category', 'raw_log', 'indicators', 'mitre_hint', 'status']
2026-09-10 15:50:11,469 | INFO    | RAG-grounded classification complete
2026-09-10 15:50:11,480 | INFO    | Classify request — alert keys: ['alert_id', 'timestamp', 'source', 'rule', 'category', 'raw_log', 'indicators', 'mitre_hint', 'status']
2026-09-10 15:50:14,115 | INFO    | RAG-grounded classification complete
2026-09-10 15:50:14,124 | INFO    | Classify request — alert keys: ['alert_id', 'timestamp', 'source', 'rule', 'category', 'raw_log', 'indicators', 'mitre_hint', 'status']
2026-09-10 15:50:16,893 | INFO    | RAG-grounded classification complete
2026-09-10 15:50:16,905 | INFO    | Classify request — alert keys: ['alert_id', 'timestamp', 'source', 'rule', 'category', 'raw_log', 'indicators', 'mitre_hint', 'status']
2026-09-10 15:50:19,738 | INFO    | RAG-grounded classification complete
2026-09-10 15:50:19,745 | INFO    | Classify request — alert keys: ['alert_id', 'timestamp', 'source', 'rule', 'category', 'raw_log', 'indicators', 'mitre_hint', 'status']
2026-09-10 15:50:22,216 | INFO    | RAG-grounded classification complete
2026-09-10 15:50:22,220 | INFO    | Classify request — alert keys: ['alert_id', 'timestamp', 'source', 'rule', 'category', 'raw_log', 'indicators', 'mitre_hint', 'status']
2026-09-10 15:50:24,569 | INFO    | RAG-grounded classification complete
2026-09-10 15:50:24,573 | INFO    | Classify request — alert keys: ['alert_id', 'timestamp', 'source', 'rule', 'category', 'raw_log', 'indicators', 'mitre_hint', 'status']
2026-09-10 15:50:26,739 | INFO    | RAG-grounded classification complete
2026-09-10 15:50:26,748 | INFO    | Classify request — alert keys: ['alert_id', 'timestamp', 'source', 'rule', 'category', 'raw_log', 'indicators', 'mitre_hint', 'status']
2026-09-10 15:50:28,975 | INFO    | RAG-grounded classification complete
2026-09-10 15:50:28,990 | INFO    | Classify request — alert keys: ['alert_id', 'timestamp', 'source', 'rule', 'category', 'raw_log', 'indicators', 'mitre_hint', 'status']
2026-09-10 15:50:31,119 | INFO    | RAG-grounded classification complete
2026-09-10 15:50:31,125 | INFO    | Classify request — alert keys: ['alert_id', 'timestamp', 'source', 'rule', 'category', 'raw_log', 'indicators', 'mitre_hint', 'status']
2026-09-10 15:50:49,986 | INFO    | RAG-grounded classification complete
2026-09-10 15:50:49,995 | INFO    | Classify request — alert keys: ['alert_id', 'timestamp', 'source', 'rule', 'category', 'raw_log', 'indicators', 'mitre_hint', 'status']
2026-09-10 15:50:52,227 | INFO    | RAG-grounded classification complete
2026-09-10 15:50:52,240 | INFO    | Classify request — alert keys: ['alert_id', 'timestamp', 'source', 'rule', 'category', 'raw_log', 'indicators', 'mitre_hint', 'status']
2026-09-10 15:50:54,381 | INFO    | RAG-grounded classification complete
2026-09-10 15:50:54,393 | INFO    | Classify request — alert keys: ['alert_id', 'timestamp', 'source', 'rule', 'category', 'raw_log', 'indicators', 'mitre_hint', 'status']
2026-09-10 15:50:56,638 | INFO    | RAG-grounded classification complete
2026-09-10 15:50:56,646 | INFO    | Classify request — alert keys: ['alert_id', 'timestamp', 'source', 'rule', 'category', 'raw_log', 'indicators', 'mitre_hint', 'status']
2026-09-10 15:50:58,585 | INFO    | RAG-grounded classification complete
2026-09-10 15:50:58,590 | INFO    | Classify request — alert keys: ['alert_id', 'timestamp', 'source', 'rule', 'category', 'raw_log', 'indicators', 'mitre_hint', 'status']
2026-09-10 15:51:00,648 | INFO    | RAG-grounded classification complete
2026-09-10 15:51:00,655 | INFO    | Classify request — alert keys: ['alert_id', 'timestamp', 'source', 'rule', 'category', 'raw_log', 'indicators', 'mitre_hint', 'status']
2026-09-10 15:51:02,981 | INFO    | RAG-grounded classification complete
2026-09-10 15:51:02,989 | INFO    | Classify request — alert keys: ['alert_id', 'timestamp', 'source', 'rule', 'category', 'raw_log', 'indicators', 'mitre_hint', 'status']
2026-09-10 15:51:05,254 | INFO    | RAG-grounded classification complete
2026-09-10 15:51:05,260 | INFO    | Classify request — alert keys: ['alert_id', 'timestamp', 'source', 'rule', 'category', 'raw_log', 'indicators', 'mitre_hint', 'status']
2026-09-10 15:51:07,340 | INFO    | RAG-grounded classification complete
2026-09-10 15:51:07,353 | INFO    | Classify request — alert keys: ['alert_id', 'timestamp', 'source', 'rule', 'category', 'raw_log', 'indicators', 'mitre_hint', 'status']
2026-09-10 15:51:09,737 | INFO    | RAG-grounded classification complete
2026-09-10 15:51:09,748 | INFO    | Classify request — alert keys: ['alert_id', 'timestamp', 'source', 'rule', 'category', 'raw_log', 'indicators', 'mitre_hint', 'status']
2026-09-10 15:51:11,564 | INFO    | RAG-grounded classification complete
2026-09-10 15:51:11,569 | INFO    | Classify request — alert keys: ['alert_id', 'timestamp', 'source', 'rule', 'category', 'raw_log', 'indicators', 'mitre_hint', 'status']
2026-09-10 15:51:13,680 | INFO    | RAG-grounded classification complete
2026-09-10 15:51:13,684 | INFO    | Classify request — alert keys: ['alert_id', 'timestamp', 'source', 'rule', 'category', 'raw_log', 'indicators', 'mitre_hint', 'status']
2026-09-10 15:51:15,984 | INFO    | RAG-grounded classification complete
2026-09-10 15:51:16,004 | INFO    | Classify request — alert keys: ['alert_id', 'timestamp', 'source', 'rule', 'category', 'raw_log', 'indicators', 'mitre_hint', 'status']
2026-09-10 15:51:18,754 | INFO    | RAG-grounded classification complete
2026-09-10 15:51:18,766 | INFO    | Classify request — alert keys: ['alert_id', 'timestamp', 'source', 'rule', 'category', 'raw_log', 'indicators', 'mitre_hint', 'status']
2026-09-10 15:51:21,251 | INFO    | RAG-grounded classification complete
2026-09-10 15:51:21,260 | INFO    | Classify request — alert keys: ['alert_id', 'timestamp', 'source', 'rule', 'category', 'raw_log', 'indicators', 'mitre_hint', 'status']
2026-09-10 15:51:23,254 | INFO    | RAG-grounded classification complete
2026-09-10 15:51:23,261 | INFO    | Classify request — alert keys: ['alert_id', 'timestamp', 'source', 'rule', 'category', 'raw_log', 'indicators', 'mitre_hint', 'status']
2026-09-10 15:51:40,219 | ERROR   | Classification failed: 429 You exceeded your current quota, please check your plan and billing details. For more information on this error, head to: https://ai.google.dev/gemini-api/docs/rate-limits. To monitor your current usage, head to: https://ai.dev/rate-limit. 
* Quota exceeded for metric: generativelanguage.googleapis.com/generate_content_free_tier_requests, limit: 15, model: gemini-3.5-flash-lite
Please retry in 20.035770801s. [links {
  description: "Learn more about Gemini API quotas"
  url: "https://ai.google.dev/gemini-api/docs/rate-limits"
}
, violations {
  quota_metric: "generativelanguage.googleapis.com/generate_content_free_tier_requests"
  quota_id: "GenerateRequestsPerMinutePerProjectPerModel-FreeTier"
  quota_dimensions {
    key: "model"
    value: "gemini-3.5-flash-lite"
  }
  quota_dimensions {
    key: "location"
    value: "global"
  }
  quota_value: 15
}
, retry_delay {
  seconds: 20
}
]
2026-09-10 15:51:40,225 | INFO    | Classify request — alert keys: ['alert_id', 'timestamp', 'source', 'rule', 'category', 'raw_log', 'indicators', 'mitre_hint', 'status']
2026-09-10 15:51:42,254 | INFO    | RAG-grounded classification complete
2026-09-10 15:51:42,264 | INFO    | Classify request — alert keys: ['alert_id', 'timestamp', 'source', 'rule', 'category', 'raw_log', 'indicators', 'mitre_hint', 'status']
2026-09-10 15:51:44,366 | INFO    | RAG-grounded classification complete
2026-09-10 15:51:44,377 | INFO    | Classify request — alert keys: ['alert_id', 'timestamp', 'source', 'rule', 'category', 'raw_log', 'indicators', 'mitre_hint', 'status']
2026-09-10 15:51:46,811 | INFO    | RAG-grounded classification complete
2026-09-10 15:51:46,818 | INFO    | Classify request — alert keys: ['alert_id', 'timestamp', 'source', 'rule', 'category', 'raw_log', 'indicators', 'mitre_hint', 'status']
2026-09-10 15:51:48,856 | INFO    | RAG-grounded classification complete
2026-09-10 15:51:48,863 | INFO    | Classify request — alert keys: ['alert_id', 'timestamp', 'source', 'rule', 'category', 'raw_log', 'indicators', 'mitre_hint', 'status']
2026-09-10 15:51:51,112 | INFO    | RAG-grounded classification complete
2026-09-10 15:51:51,119 | INFO    | Classify request — alert keys: ['alert_id', 'timestamp', 'source', 'rule', 'category', 'raw_log', 'indicators', 'mitre_hint', 'status']
2026-09-10 15:51:53,583 | INFO    | RAG-grounded classification complete
2026-09-10 15:51:53,594 | INFO    | Classify request — alert keys: ['alert_id', 'timestamp', 'source', 'rule', 'category', 'raw_log', 'indicators', 'mitre_hint', 'status']
2026-09-10 15:51:55,415 | INFO    | RAG-grounded classification complete
2026-09-10 15:51:55,421 | INFO    | Classify request — alert keys: ['alert_id', 'timestamp', 'source', 'rule', 'category', 'raw_log', 'indicators', 'mitre_hint', 'status']
2026-09-10 15:51:57,674 | INFO    | RAG-grounded classification complete
2026-09-10 15:51:57,683 | INFO    | Classify request — alert keys: ['alert_id', 'timestamp', 'source', 'rule', 'category', 'raw_log', 'indicators', 'mitre_hint', 'status']
2026-09-10 15:51:59,942 | INFO    | RAG-grounded classification complete
2026-09-10 15:51:59,950 | INFO    | Classify request — alert keys: ['alert_id', 'timestamp', 'source', 'rule', 'category', 'raw_log', 'indicators', 'mitre_hint', 'status']
2026-09-10 15:52:02,394 | INFO    | RAG-grounded classification complete
2026-09-10 15:52:02,402 | INFO    | Classify request — alert keys: ['alert_id', 'timestamp', 'source', 'rule', 'category', 'raw_log', 'indicators', 'mitre_hint', 'status']
2026-09-10 15:52:04,762 | INFO    | RAG-grounded classification complete
2026-09-10 15:52:04,770 | INFO    | Classify request — alert keys: ['alert_id', 'timestamp', 'source', 'rule', 'category', 'raw_log', 'indicators', 'mitre_hint', 'status']
2026-09-10 15:52:07,128 | INFO    | RAG-grounded classification complete
2026-09-10 15:52:07,134 | INFO    | Classify request — alert keys: ['alert_id', 'timestamp', 'source', 'rule', 'category', 'raw_log', 'indicators', 'mitre_hint', 'status']
2026-09-10 15:52:09,355 | INFO    | RAG-grounded classification complete
2026-09-10 15:52:09,365 | INFO    | Classify request — alert keys: ['alert_id', 'timestamp', 'source', 'rule', 'category', 'raw_log', 'indicators', 'mitre_hint', 'status']
2026-09-10 15:52:12,111 | INFO    | RAG-grounded classification complete
2026-09-10 15:52:12,119 | INFO    | Classify request — alert keys: ['alert_id', 'timestamp', 'source', 'rule', 'category', 'raw_log', 'indicators', 'mitre_hint', 'status']
2026-09-10 15:52:14,496 | INFO    | RAG-grounded classification complete
2026-09-10 15:52:14,502 | INFO    | Classify request — alert keys: ['alert_id', 'timestamp', 'source', 'rule', 'category', 'raw_log', 'indicators', 'mitre_hint', 'status']
2026-09-10 15:52:17,517 | INFO    | RAG-grounded classification complete
2026-09-10 15:52:17,524 | INFO    | Classify request — alert keys: ['alert_id', 'timestamp', 'source', 'rule', 'category', 'raw_log', 'indicators', 'mitre_hint', 'status']
2026-09-10 15:52:37,708 | ERROR   | Classification failed: 429 You exceeded your current quota, please check your plan and billing details. For more information on this error, head to: https://ai.google.dev/gemini-api/docs/rate-limits. To monitor your current usage, head to: https://ai.dev/rate-limit. 
* Quota exceeded for metric: generativelanguage.googleapis.com/generate_content_free_tier_requests, limit: 15, model: gemini-3.5-flash-lite
Please retry in 22.398811392s. [links {
  description: "Learn more about Gemini API quotas"
  url: "https://ai.google.dev/gemini-api/docs/rate-limits"
}
, violations {
  quota_metric: "generativelanguage.googleapis.com/generate_content_free_tier_requests"
  quota_id: "GenerateRequestsPerMinutePerProjectPerModel-FreeTier"
  quota_dimensions {
    key: "model"
    value: "gemini-3.5-flash-lite"
  }
  quota_dimensions {
    key: "location"
    value: "global"
  }
  quota_value: 15
}
, retry_delay {
  seconds: 22
}
]
2026-09-10 15:52:37,722 | INFO    | Classify request — alert keys: ['alert_id', 'timestamp', 'source', 'rule', 'category', 'raw_log', 'indicators', 'mitre_hint', 'status']
2026-09-10 15:52:45,231 | INFO    | RAG-grounded classification complete
2026-09-10 15:52:45,240 | INFO    | Classify request — alert keys: ['alert_id', 'timestamp', 'source', 'rule', 'category', 'raw_log', 'indicators', 'mitre_hint', 'status']
2026-09-10 15:52:49,293 | INFO    | RAG-grounded classification complete
2026-09-10 15:52:49,304 | INFO    | Classify request — alert keys: ['alert_id', 'timestamp', 'source', 'rule', 'category', 'raw_log', 'indicators', 'mitre_hint', 'status']
2026-09-10 15:52:52,060 | INFO    | RAG-grounded classification complete
2026-09-10 15:52:52,066 | INFO    | Classify request — alert keys: ['alert_id', 'timestamp', 'source', 'rule', 'category', 'raw_log', 'indicators', 'mitre_hint', 'status']
2026-09-10 15:52:54,009 | INFO    | RAG-grounded classification complete
2026-09-10 15:52:54,016 | INFO    | Classify request — alert keys: ['alert_id', 'timestamp', 'source', 'rule', 'category', 'raw_log', 'indicators', 'mitre_hint', 'status']
2026-09-10 15:52:56,472 | INFO    | RAG-grounded classification complete
2026-09-10 15:52:56,478 | INFO    | Classify request — alert keys: ['alert_id', 'timestamp', 'source', 'rule', 'category', 'raw_log', 'indicators', 'mitre_hint', 'status']
2026-09-10 15:52:58,524 | INFO    | RAG-grounded classification complete
2026-09-10 15:52:58,532 | INFO    | Classify request — alert keys: ['alert_id', 'timestamp', 'source', 'rule', 'category', 'raw_log', 'indicators', 'mitre_hint', 'status']
2026-09-10 15:53:00,902 | INFO    | RAG-grounded classification complete
2026-09-10 15:53:00,909 | INFO    | Classify request — alert keys: ['alert_id', 'timestamp', 'source', 'rule', 'category', 'raw_log', 'indicators', 'mitre_hint', 'status']
2026-09-10 15:53:05,179 | INFO    | RAG-grounded classification complete
2026-09-10 15:53:05,188 | INFO    | Classify request — alert keys: ['alert_id', 'timestamp', 'source', 'rule', 'category', 'raw_log', 'indicators', 'mitre_hint', 'status']
2026-09-10 15:53:09,827 | INFO    | RAG-grounded classification complete
2026-09-10 15:53:09,833 | INFO    | Classify request — alert keys: ['alert_id', 'timestamp', 'source', 'rule', 'category', 'raw_log', 'indicators', 'mitre_hint', 'status']
2026-09-10 15:53:12,442 | INFO    | RAG-grounded classification complete
2026-09-10 15:53:12,448 | INFO    | Classify request — alert keys: ['alert_id', 'timestamp', 'source', 'rule', 'category', 'raw_log', 'indicators', 'mitre_hint', 'status']
2026-09-10 15:53:14,472 | INFO    | RAG-grounded classification complete
2026-09-10 15:53:14,479 | INFO    | Classify request — alert keys: ['alert_id', 'timestamp', 'source', 'rule', 'category', 'raw_log', 'indicators', 'mitre_hint', 'status']
2026-09-10 15:53:16,439 | INFO    | RAG-grounded classification complete
2026-09-10 15:53:16,444 | INFO    | Classify request — alert keys: ['alert_id', 'timestamp', 'source', 'rule', 'category', 'raw_log', 'indicators', 'mitre_hint', 'status']
2026-09-10 15:53:19,104 | INFO    | RAG-grounded classification complete
2026-09-10 15:53:19,111 | INFO    | Classify request — alert keys: ['alert_id', 'timestamp', 'source', 'rule', 'category', 'raw_log', 'indicators', 'mitre_hint', 'status']
2026-09-10 15:53:21,777 | INFO    | RAG-grounded classification complete
2026-09-10 15:53:21,785 | INFO    | Classify request — alert keys: ['alert_id', 'timestamp', 'source', 'rule', 'category', 'raw_log', 'indicators', 'mitre_hint', 'status']
2026-09-10 15:53:24,434 | INFO    | RAG-grounded classification complete
2026-09-10 15:53:24,439 | INFO    | Classify request — alert keys: ['alert_id', 'timestamp', 'source', 'rule', 'category', 'raw_log', 'indicators', 'mitre_hint', 'status']
2026-09-10 15:53:26,780 | INFO    | RAG-grounded classification complete
2026-09-10 15:53:26,786 | INFO    | Classify request — alert keys: ['alert_id', 'timestamp', 'source', 'rule', 'category', 'raw_log', 'indicators', 'mitre_hint', 'status']
2026-09-10 15:53:46,120 | INFO    | RAG-grounded classification complete
2026-09-10 15:53:46,146 | INFO    | Classify request — alert keys: ['alert_id', 'timestamp', 'source', 'rule', 'category', 'raw_log', 'indicators', 'mitre_hint', 'status']
2026-09-10 15:53:48,181 | INFO    | RAG-grounded classification complete
2026-09-10 15:53:48,187 | INFO    | Classify request — alert keys: ['alert_id', 'timestamp', 'source', 'rule', 'category', 'raw_log', 'indicators', 'mitre_hint', 'status']
2026-09-10 15:53:50,320 | INFO    | RAG-grounded classification complete
2026-09-10 15:53:50,330 | INFO    | Classify request — alert keys: ['alert_id', 'timestamp', 'source', 'rule', 'category', 'raw_log', 'indicators', 'mitre_hint', 'status']
2026-09-10 15:53:52,385 | INFO    | RAG-grounded classification complete
2026-09-10 15:53:52,391 | INFO    | Classify request — alert keys: ['alert_id', 'timestamp', 'source', 'rule', 'category', 'raw_log', 'indicators', 'mitre_hint', 'status']
2026-09-10 15:53:54,351 | INFO    | RAG-grounded classification complete
2026-09-10 15:53:54,358 | INFO    | Classify request — alert keys: ['alert_id', 'timestamp', 'source', 'rule', 'category', 'raw_log', 'indicators', 'mitre_hint', 'status']
2026-09-10 15:53:56,373 | INFO    | RAG-grounded classification complete
2026-09-10 15:53:56,382 | INFO    | Classify request — alert keys: ['alert_id', 'timestamp', 'source', 'rule', 'category', 'raw_log', 'indicators', 'mitre_hint', 'status']
2026-09-10 15:53:59,161 | INFO    | RAG-grounded classification complete
2026-09-10 15:53:59,168 | INFO    | Classify request — alert keys: ['alert_id', 'timestamp', 'source', 'rule', 'category', 'raw_log', 'indicators', 'mitre_hint', 'status']
2026-09-10 15:54:01,901 | INFO    | RAG-grounded classification complete
2026-09-10 15:54:01,908 | INFO    | Classify request — alert keys: ['alert_id', 'timestamp', 'source', 'rule', 'category', 'raw_log', 'indicators', 'mitre_hint', 'status']
2026-09-10 15:54:04,043 | INFO    | RAG-grounded classification complete
2026-09-10 15:54:04,051 | INFO    | Classify request — alert keys: ['alert_id', 'timestamp', 'source', 'rule', 'category', 'raw_log', 'indicators', 'mitre_hint', 'status']
2026-09-10 15:54:06,098 | INFO    | RAG-grounded classification complete
2026-09-10 15:54:06,105 | INFO    | Classify request — alert keys: ['alert_id', 'timestamp', 'source', 'rule', 'category', 'raw_log', 'indicators', 'mitre_hint', 'status']
2026-09-10 15:54:07,866 | INFO    | RAG-grounded classification complete
2026-09-10 15:54:07,872 | INFO    | Classify request — alert keys: ['alert_id', 'timestamp', 'source', 'rule', 'category', 'raw_log', 'indicators', 'mitre_hint', 'status']
2026-09-10 15:54:10,510 | INFO    | RAG-grounded classification complete
2026-09-10 15:54:10,522 | INFO    | Classify request — alert keys: ['alert_id', 'timestamp', 'source', 'rule', 'category', 'raw_log', 'indicators', 'mitre_hint', 'status']
2026-09-10 15:54:12,651 | INFO    | RAG-grounded classification complete
2026-09-10 15:54:12,658 | INFO    | Classify request — alert keys: ['alert_id', 'timestamp', 'source', 'rule', 'category', 'raw_log', 'indicators', 'mitre_hint', 'status']
2026-09-10 15:54:15,108 | INFO    | RAG-grounded classification complete
2026-09-10 15:54:15,117 | INFO    | Classify request — alert keys: ['alert_id', 'timestamp', 'source', 'rule', 'category', 'raw_log', 'indicators', 'mitre_hint', 'status']
2026-09-10 15:54:17,355 | INFO    | RAG-grounded classification complete
2026-09-10 15:54:17,362 | INFO    | Classify request — alert keys: ['alert_id', 'timestamp', 'source', 'rule', 'category', 'raw_log', 'indicators', 'mitre_hint', 'status']
2026-09-10 15:54:19,506 | INFO    | RAG-grounded classification complete
2026-09-10 15:54:19,515 | INFO    | Classify request — alert keys: ['alert_id', 'timestamp', 'source', 'rule', 'category', 'raw_log', 'indicators', 'mitre_hint', 'status']
2026-09-10 15:54:36,418 | ERROR   | Classification failed: 429 You exceeded your current quota, please check your plan and billing details. For more information on this error, head to: https://ai.google.dev/gemini-api/docs/rate-limits. To monitor your current usage, head to: https://ai.dev/rate-limit. 
* Quota exceeded for metric: generativelanguage.googleapis.com/generate_content_free_tier_requests, limit: 15, model: gemini-3.5-flash-lite
Please retry in 24.004465935s. [links {
  description: "Learn more about Gemini API quotas"
  url: "https://ai.google.dev/gemini-api/docs/rate-limits"
}
, violations {
  quota_metric: "generativelanguage.googleapis.com/generate_content_free_tier_requests"
  quota_id: "GenerateRequestsPerMinutePerProjectPerModel-FreeTier"
  quota_dimensions {
    key: "model"
    value: "gemini-3.5-flash-lite"
  }
  quota_dimensions {
    key: "location"
    value: "global"
  }
  quota_value: 15
}
, retry_delay {
  seconds: 24
}
]
2026-09-10 15:54:36,422 | INFO    | Classify request — alert keys: ['alert_id', 'timestamp', 'source', 'rule', 'category', 'raw_log', 'indicators', 'mitre_hint', 'status']
2026-09-10 15:54:43,868 | INFO    | RAG-grounded classification complete
2026-09-10 15:54:43,876 | INFO    | Classify request — alert keys: ['alert_id', 'timestamp', 'source', 'rule', 'category', 'raw_log', 'indicators', 'mitre_hint', 'status']
2026-09-10 15:54:45,668 | INFO    | RAG-grounded classification complete
2026-09-10 15:54:45,675 | INFO    | Classify request — alert keys: ['alert_id', 'timestamp', 'source', 'rule', 'category', 'raw_log', 'indicators', 'mitre_hint', 'status']
2026-09-10 15:54:47,712 | INFO    | RAG-grounded classification complete
2026-09-10 15:54:47,718 | INFO    | Classify request — alert keys: ['alert_id', 'timestamp', 'source', 'rule', 'category', 'raw_log', 'indicators', 'mitre_hint', 'status']
2026-09-10 15:54:49,717 | INFO    | RAG-grounded classification complete
2026-09-10 15:54:49,724 | INFO    | Classify request — alert keys: ['alert_id', 'timestamp', 'source', 'rule', 'category', 'raw_log', 'indicators', 'mitre_hint', 'status']
2026-09-10 15:54:51,936 | INFO    | RAG-grounded classification complete
2026-09-10 15:54:51,943 | INFO    | Classify request — alert keys: ['alert_id', 'timestamp', 'source', 'rule', 'category', 'raw_log', 'indicators', 'mitre_hint', 'status']
2026-09-10 15:54:54,642 | INFO    | RAG-grounded classification complete
2026-09-10 15:54:54,655 | INFO    | Classify request — alert keys: ['alert_id', 'timestamp', 'source', 'rule', 'category', 'raw_log', 'indicators', 'mitre_hint', 'status']
2026-09-10 15:54:57,809 | INFO    | RAG-grounded classification complete
2026-09-10 15:54:57,820 | INFO    | Classify request — alert keys: ['alert_id', 'timestamp', 'source', 'rule', 'category', 'raw_log', 'indicators', 'mitre_hint', 'status']
2026-09-10 15:55:00,380 | INFO    | RAG-grounded classification complete
2026-09-10 15:55:00,387 | INFO    | Classify request — alert keys: ['alert_id', 'timestamp', 'source', 'rule', 'category', 'raw_log', 'indicators', 'mitre_hint', 'status']
2026-09-10 15:55:02,963 | INFO    | RAG-grounded classification complete
2026-09-10 15:55:02,972 | INFO    | Classify request — alert keys: ['alert_id', 'timestamp', 'source', 'rule', 'category', 'raw_log', 'indicators', 'mitre_hint', 'status']
2026-09-10 15:55:05,115 | INFO    | RAG-grounded classification complete
2026-09-10 15:55:05,122 | INFO    | Classify request — alert keys: ['alert_id', 'timestamp', 'source', 'rule', 'category', 'raw_log', 'indicators', 'mitre_hint', 'status']
2026-09-10 15:55:07,039 | INFO    | RAG-grounded classification complete
2026-09-10 15:55:07,044 | INFO    | Classify request — alert keys: ['alert_id', 'timestamp', 'source', 'rule', 'category', 'raw_log', 'indicators', 'mitre_hint', 'status']
2026-09-10 15:55:09,140 | INFO    | RAG-grounded classification complete
2026-09-10 15:55:09,148 | INFO    | Classify request — alert keys: ['alert_id', 'timestamp', 'source', 'rule', 'category', 'raw_log', 'indicators', 'mitre_hint', 'status']
2026-09-10 15:55:10,927 | INFO    | RAG-grounded classification complete
2026-09-10 15:55:10,933 | INFO    | Classify request — alert keys: ['alert_id', 'timestamp', 'source', 'rule', 'category', 'raw_log', 'indicators', 'mitre_hint', 'status']
2026-09-10 15:55:12,885 | INFO    | RAG-grounded classification complete
2026-09-10 15:55:12,898 | INFO    | Classify request — alert keys: ['alert_id', 'timestamp', 'source', 'rule', 'category', 'raw_log', 'indicators', 'mitre_hint', 'status']
2026-09-10 15:55:15,108 | INFO    | RAG-grounded classification complete
2026-09-10 15:55:15,124 | INFO    | Classify request — alert keys: ['alert_id', 'timestamp', 'source', 'rule', 'category', 'raw_log', 'indicators', 'mitre_hint', 'status']
2026-09-10 15:55:17,093 | INFO    | RAG-grounded classification complete
2026-09-10 15:55:17,100 | INFO    | Classify request — alert keys: ['alert_id', 'timestamp', 'source', 'rule', 'category', 'raw_log', 'indicators', 'mitre_hint', 'status']
2026-09-10 15:55:34,382 | ERROR   | Classification failed: 429 You exceeded your current quota, please check your plan and billing details. For more information on this error, head to: https://ai.google.dev/gemini-api/docs/rate-limits. To monitor your current usage, head to: https://ai.dev/rate-limit. 
* Quota exceeded for metric: generativelanguage.googleapis.com/generate_content_free_tier_requests, limit: 15, model: gemini-3.5-flash-lite
Please retry in 25.809027539s. [links {
  description: "Learn more about Gemini API quotas"
  url: "https://ai.google.dev/gemini-api/docs/rate-limits"
}
, violations {
  quota_metric: "generativelanguage.googleapis.com/generate_content_free_tier_requests"
  quota_id: "GenerateRequestsPerMinutePerProjectPerModel-FreeTier"
  quota_dimensions {
    key: "model"
    value: "gemini-3.5-flash-lite"
  }
  quota_dimensions {
    key: "location"
    value: "global"
  }
  quota_value: 15
}
, retry_delay {
  seconds: 25
}
]
2026-09-10 15:55:34,392 | INFO    | Classify request — alert keys: ['alert_id', 'timestamp', 'source', 'rule', 'category', 'raw_log', 'indicators', 'mitre_hint', 'status']
2026-09-10 15:55:42,165 | INFO    | RAG-grounded classification complete
2026-09-10 15:55:42,169 | INFO    | Classify request — alert keys: ['alert_id', 'timestamp', 'source', 'rule', 'category', 'raw_log', 'indicators', 'mitre_hint', 'status']
2026-09-10 15:55:44,609 | INFO    | RAG-grounded classification complete
2026-09-10 15:55:44,638 | INFO    | Classify request — alert keys: ['alert_id', 'timestamp', 'source', 'rule', 'category', 'raw_log', 'indicators', 'mitre_hint', 'status']
2026-09-10 15:55:46,759 | INFO    | RAG-grounded classification complete
2026-09-10 15:55:46,784 | INFO    | Classify request — alert keys: ['alert_id', 'timestamp', 'source', 'rule', 'category', 'raw_log', 'indicators', 'mitre_hint', 'status']
2026-09-10 15:55:48,675 | INFO    | RAG-grounded classification complete
2026-09-10 15:55:48,700 | INFO    | Classify request — alert keys: ['alert_id', 'timestamp', 'source', 'rule', 'category', 'raw_log', 'indicators', 'mitre_hint', 'status']
2026-09-10 15:55:50,716 | INFO    | RAG-grounded classification complete
2026-09-10 15:55:50,725 | INFO    | Classify request — alert keys: ['alert_id', 'timestamp', 'source', 'rule', 'category', 'raw_log', 'indicators', 'mitre_hint', 'status']
2026-09-10 15:55:53,605 | INFO    | RAG-grounded classification complete
2026-09-10 15:55:53,611 | INFO    | Classify request — alert keys: ['alert_id', 'timestamp', 'source', 'rule', 'category', 'raw_log', 'indicators', 'mitre_hint', 'status']
2026-09-10 15:55:55,842 | INFO    | RAG-grounded classification complete
2026-09-10 15:55:55,851 | INFO    | Classify request — alert keys: ['alert_id', 'timestamp', 'source', 'rule', 'category', 'raw_log', 'indicators', 'mitre_hint', 'status']
2026-09-10 15:55:58,065 | INFO    | RAG-grounded classification complete
2026-09-10 15:55:58,073 | INFO    | Classify request — alert keys: ['alert_id', 'timestamp', 'source', 'rule', 'category', 'raw_log', 'indicators', 'mitre_hint', 'status']
2026-09-10 15:56:00,608 | INFO    | RAG-grounded classification complete
2026-09-10 15:56:00,614 | INFO    | Classify request — alert keys: ['alert_id', 'timestamp', 'source', 'rule', 'category', 'raw_log', 'indicators', 'mitre_hint', 'status']
2026-09-10 15:56:02,429 | INFO    | RAG-grounded classification complete
2026-09-10 15:56:02,437 | INFO    | Classify request — alert keys: ['alert_id', 'timestamp', 'source', 'rule', 'category', 'raw_log', 'indicators', 'mitre_hint', 'status']
2026-09-10 15:56:04,421 | INFO    | RAG-grounded classification complete
2026-09-10 15:56:04,427 | INFO    | Classify request — alert keys: ['alert_id', 'timestamp', 'source', 'rule', 'category', 'raw_log', 'indicators', 'mitre_hint', 'status']
2026-09-10 15:56:06,498 | INFO    | RAG-grounded classification complete
2026-09-10 15:56:06,506 | INFO    | Classify request — alert keys: ['alert_id', 'timestamp', 'source', 'rule', 'category', 'raw_log', 'indicators', 'mitre_hint', 'status']
2026-09-10 15:56:09,862 | INFO    | RAG-grounded classification complete
2026-09-10 15:56:09,871 | INFO    | Classify request — alert keys: ['alert_id', 'timestamp', 'source', 'rule', 'category', 'raw_log', 'indicators', 'mitre_hint', 'status']
2026-09-10 15:56:13,577 | INFO    | RAG-grounded classification complete
2026-09-10 15:56:13,584 | INFO    | Classify request — alert keys: ['alert_id', 'timestamp', 'source', 'rule', 'category', 'raw_log', 'indicators', 'mitre_hint', 'status']
2026-09-10 15:56:16,357 | INFO    | RAG-grounded classification complete
2026-09-10 15:56:16,381 | INFO    | Classify request — alert keys: ['alert_id', 'timestamp', 'source', 'rule', 'category', 'raw_log', 'indicators', 'mitre_hint', 'status']
2026-09-10 15:56:19,852 | INFO    | RAG-grounded classification complete
2026-09-10 15:56:19,860 | INFO    | Classify request — alert keys: ['alert_id', 'timestamp', 'source', 'rule', 'category', 'raw_log', 'indicators', 'mitre_hint', 'status']
2026-09-10 15:56:38,657 | ERROR   | Classification failed: 429 You exceeded your current quota, please check your plan and billing details. For more information on this error, head to: https://ai.google.dev/gemini-api/docs/rate-limits. To monitor your current usage, head to: https://ai.dev/rate-limit. 
* Quota exceeded for metric: generativelanguage.googleapis.com/generate_content_free_tier_requests, limit: 15, model: gemini-3.5-flash-lite
Please retry in 21.493822387s. [links {
  description: "Learn more about Gemini API quotas"
  url: "https://ai.google.dev/gemini-api/docs/rate-limits"
}
, violations {
  quota_metric: "generativelanguage.googleapis.com/generate_content_free_tier_requests"
  quota_id: "GenerateRequestsPerMinutePerProjectPerModel-FreeTier"
  quota_dimensions {
    key: "model"
    value: "gemini-3.5-flash-lite"
  }
  quota_dimensions {
    key: "location"
    value: "global"
  }
  quota_value: 15
}
, retry_delay {
  seconds: 21
}
]
2026-09-10 15:56:38,664 | INFO    | Classify request — alert keys: ['alert_id', 'timestamp', 'source', 'rule', 'category', 'raw_log', 'indicators', 'mitre_hint', 'status']
2026-09-10 15:56:46,994 | INFO    | RAG-grounded classification complete
2026-09-10 15:56:47,018 | INFO    | Classify request — alert keys: ['alert_id', 'timestamp', 'source', 'rule', 'category', 'raw_log', 'indicators', 'mitre_hint', 'status']
2026-09-10 15:56:51,103 | INFO    | RAG-grounded classification complete
2026-09-10 15:56:51,111 | INFO    | Classify request — alert keys: ['alert_id', 'timestamp', 'source', 'rule', 'category', 'raw_log', 'indicators', 'mitre_hint', 'status']
2026-09-10 15:56:55,085 | INFO    | RAG-grounded classification complete
2026-09-10 15:56:55,093 | INFO    | Classify request — alert keys: ['alert_id', 'timestamp', 'source', 'rule', 'category', 'raw_log', 'indicators', 'mitre_hint', 'status']
2026-09-10 15:56:57,984 | INFO    | RAG-grounded classification complete
2026-09-10 15:56:57,992 | INFO    | Classify request — alert keys: ['alert_id', 'timestamp', 'source', 'rule', 'category', 'raw_log', 'indicators', 'mitre_hint', 'status']
2026-09-10 15:57:02,257 | INFO    | RAG-grounded classification complete
2026-09-10 15:57:02,266 | INFO    | Classify request — alert keys: ['alert_id', 'timestamp', 'source', 'rule', 'category', 'raw_log', 'indicators', 'mitre_hint', 'status']
2026-09-10 15:57:04,805 | INFO    | RAG-grounded classification complete
2026-09-10 15:57:04,821 | INFO    | Classify request — alert keys: ['alert_id', 'timestamp', 'source', 'rule', 'category', 'raw_log', 'indicators', 'mitre_hint', 'status']
2026-09-10 15:57:06,798 | INFO    | RAG-grounded classification complete
2026-09-10 15:57:06,809 | INFO    | Classify request — alert keys: ['alert_id', 'timestamp', 'source', 'rule', 'category', 'raw_log', 'indicators', 'mitre_hint', 'status']
2026-09-10 15:57:08,797 | INFO    | RAG-grounded classification complete
2026-09-10 15:57:08,809 | INFO    | Classify request — alert keys: ['alert_id', 'timestamp', 'source', 'rule', 'category', 'raw_log', 'indicators', 'mitre_hint', 'status']
2026-09-10 15:57:10,434 | INFO    | RAG-grounded classification complete
2026-09-10 15:57:10,443 | INFO    | Classify request — alert keys: ['alert_id', 'timestamp', 'source', 'rule', 'category', 'raw_log', 'indicators', 'mitre_hint', 'status']
2026-09-10 15:57:12,494 | INFO    | RAG-grounded classification complete
2026-09-10 15:57:12,501 | INFO    | Classify request — alert keys: ['alert_id', 'timestamp', 'source', 'rule', 'category', 'raw_log', 'indicators', 'mitre_hint', 'status']
2026-09-10 15:57:14,322 | INFO    | RAG-grounded classification complete
2026-09-10 15:57:14,347 | INFO    | Classify request — alert keys: ['alert_id', 'timestamp', 'source', 'rule', 'category', 'raw_log', 'indicators', 'mitre_hint', 'status']
2026-09-10 15:57:16,589 | INFO    | RAG-grounded classification complete
2026-09-10 15:57:16,597 | INFO    | Classify request — alert keys: ['alert_id', 'timestamp', 'source', 'rule', 'category', 'raw_log', 'indicators', 'mitre_hint', 'status']
2026-09-10 15:57:18,429 | INFO    | RAG-grounded classification complete
2026-09-10 15:57:18,436 | INFO    | Classify request — alert keys: ['alert_id', 'timestamp', 'source', 'rule', 'category', 'raw_log', 'indicators', 'mitre_hint', 'status']
2026-09-10 15:57:20,684 | INFO    | RAG-grounded classification complete
2026-09-10 15:57:20,692 | INFO    | Classify request — alert keys: ['alert_id', 'timestamp', 'source', 'rule', 'category', 'raw_log', 'indicators', 'mitre_hint', 'status']
2026-09-10 15:57:22,720 | INFO    | RAG-grounded classification complete
2026-09-10 15:57:22,728 | INFO    | Classify request — alert keys: ['alert_id', 'timestamp', 'source', 'rule', 'category', 'raw_log', 'indicators', 'mitre_hint', 'status']
2026-09-10 15:57:25,302 | INFO    | RAG-grounded classification complete
2026-09-10 15:57:25,309 | INFO    | Classify request — alert keys: ['alert_id', 'timestamp', 'source', 'rule', 'category', 'raw_log', 'indicators', 'mitre_hint', 'status']
2026-09-10 15:57:43,202 | INFO    | RAG-grounded classification complete
2026-09-10 15:57:43,210 | INFO    | Classify request — alert keys: ['alert_id', 'timestamp', 'source', 'rule', 'category', 'raw_log', 'indicators', 'mitre_hint', 'status']
2026-09-10 15:57:45,164 | INFO    | RAG-grounded classification complete
2026-09-10 15:57:45,171 | INFO    | Classify request — alert keys: ['alert_id', 'timestamp', 'source', 'rule', 'category', 'raw_log', 'indicators', 'mitre_hint', 'status']
2026-09-10 15:57:47,312 | INFO    | RAG-grounded classification complete
2026-09-10 15:57:47,320 | INFO    | Classify request — alert keys: ['alert_id', 'timestamp', 'source', 'rule', 'category', 'raw_log', 'indicators', 'mitre_hint', 'status']
2026-09-10 15:57:49,289 | INFO    | RAG-grounded classification complete
2026-09-10 15:57:49,313 | INFO    | Classify request — alert keys: ['alert_id', 'timestamp', 'source', 'rule', 'category', 'raw_log', 'indicators', 'mitre_hint', 'status']
2026-09-10 15:57:51,393 | INFO    | RAG-grounded classification complete
2026-09-10 15:57:51,425 | INFO    | Classify request — alert keys: ['alert_id', 'timestamp', 'source', 'rule', 'category', 'raw_log', 'indicators', 'mitre_hint', 'status']
2026-09-10 15:57:53,442 | INFO    | RAG-grounded classification complete
2026-09-10 15:57:53,450 | INFO    | Classify request — alert keys: ['alert_id', 'timestamp', 'source', 'rule', 'category', 'raw_log', 'indicators', 'mitre_hint', 'status']
2026-09-10 15:57:55,400 | INFO    | RAG-grounded classification complete
2026-09-10 15:57:55,425 | INFO    | Classify request — alert keys: ['alert_id', 'timestamp', 'source', 'rule', 'category', 'raw_log', 'indicators', 'mitre_hint', 'status']
2026-09-10 15:57:57,456 | INFO    | RAG-grounded classification complete
2026-09-10 15:57:57,463 | INFO    | Classify request — alert keys: ['alert_id', 'timestamp', 'source', 'rule', 'category', 'raw_log', 'indicators', 'mitre_hint', 'status']
2026-09-10 15:57:59,502 | INFO    | RAG-grounded classification complete
2026-09-10 15:57:59,509 | INFO    | Classify request — alert keys: ['alert_id', 'timestamp', 'source', 'rule', 'category', 'raw_log', 'indicators', 'mitre_hint', 'status']
2026-09-10 15:58:02,053 | INFO    | RAG-grounded classification complete
2026-09-10 15:58:02,059 | INFO    | Classify request — alert keys: ['alert_id', 'timestamp', 'source', 'rule', 'category', 'raw_log', 'indicators', 'mitre_hint', 'status']
2026-09-10 15:58:04,096 | INFO    | RAG-grounded classification complete
2026-09-10 15:58:04,103 | INFO    | Classify request — alert keys: ['alert_id', 'timestamp', 'source', 'rule', 'category', 'raw_log', 'indicators', 'mitre_hint', 'status']
2026-09-10 15:58:06,171 | INFO    | RAG-grounded classification complete
2026-09-10 15:58:06,178 | INFO    | Classify request — alert keys: ['alert_id', 'timestamp', 'source', 'rule', 'category', 'raw_log', 'indicators', 'mitre_hint', 'status']
2026-09-10 15:58:08,190 | INFO    | RAG-grounded classification complete
2026-09-10 15:58:08,198 | INFO    | Classify request — alert keys: ['alert_id', 'timestamp', 'source', 'rule', 'category', 'raw_log', 'indicators', 'mitre_hint', 'status']
2026-09-10 15:58:10,136 | INFO    | RAG-grounded classification complete
2026-09-10 15:58:10,145 | INFO    | Classify request — alert keys: ['alert_id', 'timestamp', 'source', 'rule', 'category', 'raw_log', 'indicators', 'mitre_hint', 'status']
2026-09-10 15:58:12,286 | INFO    | RAG-grounded classification complete
2026-09-10 15:58:12,294 | INFO    | Classify request — alert keys: ['alert_id', 'timestamp', 'source', 'rule', 'category', 'raw_log', 'indicators', 'mitre_hint', 'status']
2026-09-10 15:58:14,191 | INFO    | RAG-grounded classification complete
2026-09-10 15:58:14,215 | INFO    | Classify request — alert keys: ['alert_id', 'timestamp', 'source', 'rule', 'category', 'raw_log', 'indicators', 'mitre_hint', 'status']
2026-09-10 15:58:31,129 | ERROR   | Classification failed: 429 You exceeded your current quota, please check your plan and billing details. For more information on this error, head to: https://ai.google.dev/gemini-api/docs/rate-limits. To monitor your current usage, head to: https://ai.dev/rate-limit. 
* Quota exceeded for metric: generativelanguage.googleapis.com/generate_content_free_tier_requests, limit: 15, model: gemini-3.5-flash-lite
Please retry in 29.170485918s. [links {
  description: "Learn more about Gemini API quotas"
  url: "https://ai.google.dev/gemini-api/docs/rate-limits"
}
, violations {
  quota_metric: "generativelanguage.googleapis.com/generate_content_free_tier_requests"
  quota_id: "GenerateRequestsPerMinutePerProjectPerModel-FreeTier"
  quota_dimensions {
    key: "model"
    value: "gemini-3.5-flash-lite"
  }
  quota_dimensions {
    key: "location"
    value: "global"
  }
  quota_value: 15
}
, retry_delay {
  seconds: 29
}
]
2026-09-10 15:58:31,155 | INFO    | Classify request — alert keys: ['alert_id', 'timestamp', 'source', 'rule', 'category', 'raw_log', 'indicators', 'mitre_hint', 'status']
2026-09-10 15:58:49,681 | INFO    | RAG-grounded classification complete
2026-09-10 15:58:49,686 | INFO    | Classify request — alert keys: ['alert_id', 'timestamp', 'source', 'rule', 'category', 'raw_log', 'indicators', 'mitre_hint', 'status']
2026-09-10 15:58:51,813 | INFO    | RAG-grounded classification complete
2026-09-10 15:58:51,818 | INFO    | Classify request — alert keys: ['alert_id', 'timestamp', 'source', 'rule', 'category', 'raw_log', 'indicators', 'mitre_hint', 'status']
2026-09-10 15:58:53,833 | INFO    | RAG-grounded classification complete
2026-09-10 15:58:53,844 | INFO    | Classify request — alert keys: ['alert_id', 'timestamp', 'source', 'rule', 'category', 'raw_log', 'indicators', 'mitre_hint', 'status']
2026-09-10 15:58:56,228 | INFO    | RAG-grounded classification complete
2026-09-10 15:58:56,245 | INFO    | Classify request — alert keys: ['alert_id', 'timestamp', 'source', 'rule', 'category', 'raw_log', 'indicators', 'mitre_hint', 'status']
2026-09-10 15:58:57,930 | INFO    | RAG-grounded classification complete
2026-09-10 15:58:57,942 | INFO    | Classify request — alert keys: ['alert_id', 'timestamp', 'source', 'rule', 'category', 'raw_log', 'indicators', 'mitre_hint', 'status']
2026-09-10 15:58:59,881 | INFO    | RAG-grounded classification complete
2026-09-10 15:58:59,894 | INFO    | Classify request — alert keys: ['alert_id', 'timestamp', 'source', 'rule', 'category', 'raw_log', 'indicators', 'mitre_hint', 'status']
                                                                                                                                                                                                                                                                                                                                                                                                                                                                                                                                                                                                                                                                                                                                                                                                                                                                                                                                                                                                                                                                                                                                                                     